block_index,step,E_k,W_k,mean_pseudo_count,mean_count_reference,mean_count_ratio,mean_familiarity,mean_surprise,mean_conditional_surprise,mean_conditional_support,conditional_valid_fraction,mean_gradient_coherence,mean_gradient_novelty,regime_change
0,10099,0.06888213,0.00000000,0.12000000,0.05848351,1.71420958,0.09000000,1.12618325,nan,0.00000000,0.00000000,0.00582212,0.99417788,0
1,10199,0.12551199,0.00000000,0.59000000,0.20888921,2.72483674,0.38999999,0.40604613,nan,0.00000000,0.00000000,-0.00568826,1.00568826,0
2,10299,0.23194229,0.00000000,1.49000000,0.53311236,2.81253822,0.71741348,0.37563551,nan,0.00000000,0.00000000,-0.00103629,1.00103629,0
3,10399,0.26772501,0.00000000,2.42000000,0.94159122,2.58240770,0.63900934,0.45601111,nan,0.00000000,0.00000000,0.00439451,0.99560549,0
4,10499,0.19065836,0.00000000,3.00000000,1.34786830,2.23985579,0.60658549,0.44567505,nan,0.00000000,0.00000000,0.00205461,0.99794539,0
5,10599,0.24290877,0.00000000,3.68000000,1.71378716,2.15808981,0.68210665,0.37392914,nan,0.00000000,0.00000000,0.00295170,0.99704830,0
6,10699,0.18208741,0.00000000,4.35000000,2.02480976,2.13246813,0.58994130,0.48668393,nan,0.00000000,0.00000000,0.00422899,0.99577101,0
7,10799,0.25819503,0.00000000,5.42000000,2.44698337,2.22382302,0.64584360,0.44464615,nan,0.00000000,0.00000000,0.00756946,0.99243054,0
8,10899,0.22327730,0.00000000,5.76000000,2.80384090,2.05461768,0.61359652,0.48862283,nan,0.00000000,0.00000000,-0.00019612,1.00019612,0
9,10999,0.28778443,0.00000000,8.14000000,3.20718693,2.52629792,0.75107844,0.41331745,nan,0.00000000,0.00000000,-0.00951606,1.00951606,0
10,11099,0.28577532,0.00000000,6.15000000,3.59456922,1.70737997,0.50469551,0.86053637,nan,0.00000000,0.00000000,0.00097837,0.99902163,0
11,11199,0.15998132,0.00000000,7.47000000,3.88993902,1.92037442,0.58624457,0.40498569,nan,0.00000000,0.00000000,0.00814101,0.99185899,0
12,11299,0.18361570,0.00000000,8.21000000,4.18057644,1.95843352,0.55183141,0.43916219,nan,0.00000000,0.00000000,0.01040795,0.98959205,0
13,11399,0.19092740,0.00000000,9.43000000,4.54926399,2.07388090,0.63149620,0.44828723,nan,0.00000000,0.00000000,0.00253922,0.99746078,0
14,11499,0.20322879,0.00000000,9.40000000,4.91713446,1.91841757,0.54402006,0.56470214,nan,0.00000000,0.00000000,0.00729531,0.99270469,0
15,11599,0.23028886,0.00000000,9.14000000,5.14942209,1.77241082,0.54260205,0.54547675,1.40667534,31.50000000,0.01000000,0.01389281,0.98610719,0
16,11699,0.15058378,0.00000000,11.07000000,5.47565416,2.02417509,0.56733425,0.37248042,1.37309348,29.25000000,0.02000000,0.00163319,0.99836681,0
17,11799,0.19883690,0.00000000,12.32000000,5.84263004,2.11319756,0.63727391,0.39628603,0.44377935,31.25000000,0.02000000,0.00100736,0.99899264,0
18,11899,0.25242527,0.00000000,13.26000000,6.19890644,2.13972026,0.68248411,0.47538012,0.38680929,31.10000000,0.05000000,0.00274196,0.99725804,0
19,11999,0.21713152,0.00000000,15.87000000,6.62066568,2.39678080,0.69412902,0.37527724,0.45152370,32.20000000,0.10000000,0.00642370,0.99357630,0
20,12099,0.10714999,0.00000000,7.25000000,6.87807477,1.05430519,0.26947116,0.71918241,3.53940650,36.00000000,0.01000000,0.00377182,0.99622818,0
21,12199,0.18072067,0.00000000,11.86000000,6.95294547,1.70187980,0.50680739,0.58837262,0.71567768,31.00000000,0.07000000,-0.00746394,1.00746394,0
22,12299,0.22084034,0.00000000,16.31000000,7.31334528,2.23169976,0.63945918,0.37779359,0.42316290,35.00000000,0.10000000,0.00121828,0.99878172,0
23,12399,0.23639297,0.00000000,16.26000000,7.66396346,2.11822808,0.66701258,0.43238363,0.50767261,41.12500000,0.04000000,0.01039674,0.98960326,0
24,12499,0.26754383,0.00000000,19.27000000,8.08609048,2.38134234,0.70815893,0.48759354,0.38891689,36.53333333,0.15000000,0.00466053,0.99533947,0
25,12599,0.19511312,0.00000000,18.66000000,8.49635801,2.19238121,0.64831670,0.36385219,0.48387349,35.81818182,0.11000000,0.00443412,0.99556588,0
26,12699,0.24657564,0.00000000,20.37000000,8.94038817,2.27880127,0.68670202,0.49729694,0.48083209,39.33333333,0.12000000,0.01316491,0.98683509,0
27,12799,0.25899531,0.00000000,22.47000000,9.40476020,2.39130169,0.73199736,0.46763047,0.41608780,40.91304348,0.23000000,0.01155848,0.98844152,0
28,12899,0.24414879,0.00000000,22.52000000,9.83438881,2.28771334,0.71779467,0.42712088,0.43477769,37.42857143,0.21000000,0.01177052,0.98822948,0
29,12999,0.34980889,0.06049710,22.77000000,10.28839688,2.21360046,0.68634613,0.60203732,0.67052724,40.28846154,0.26000000,-0.00188710,1.00188710,0
30,13099,0.22758877,0.10155205,16.60000000,10.61873861,1.56454721,0.45397340,0.67470761,3.56277512,36.80769231,0.13000000,0.01177279,0.98822721,0
31,13199,0.15571429,0.09908444,15.43000000,10.76244145,1.43350044,0.40280139,0.58463315,1.30951548,38.15000000,0.10000000,0.00532637,0.99467363,0
32,13299,0.22747973,0.06942334,23.64000000,10.98122302,2.14728311,0.59988623,0.58668022,0.69412764,46.66071429,0.28000000,0.00101472,0.99898528,0
33,13399,0.19126132,0.00000000,24.53000000,11.42396197,2.14723457,0.65476845,0.33657223,0.46715891,44.54166667,0.24000000,0.01440730,0.98559270,0
34,13499,0.17927261,0.00000000,22.84000000,11.78745585,1.93825926,0.59488963,0.41796210,0.61163061,42.54166667,0.24000000,0.00565154,0.99434846,0
35,13599,0.23491409,0.00000000,23.09000000,12.08433041,1.90985692,0.63975642,0.47664290,0.55653333,39.53846154,0.26000000,0.00914612,0.99085388,0
36,13699,0.24021245,0.00000000,25.22000000,12.41751017,2.03030702,0.66522624,0.44856624,0.82955259,39.93750000,0.32000000,0.00934264,0.99065736,0
37,13799,0.24119855,0.00000000,26.87000000,12.80109611,2.10014790,0.65007271,0.48668689,0.48929405,42.83783784,0.37000000,-0.00044216,1.00044216,0
38,13899,0.18705723,0.00000000,28.61000000,13.15309411,2.17316732,0.64011810,0.44918599,0.55576226,48.97297297,0.37000000,0.01327084,0.98672916,0
39,13999,0.21148041,0.00000000,23.55000000,13.52751844,1.74218752,0.53417061,0.47271985,0.52033590,44.47916667,0.24000000,0.01467164,0.98532836,0
40,14099,0.29889050,0.07760785,23.50000000,13.76865354,1.70760686,0.57207232,0.69900038,2.01155210,38.92307692,0.26000000,-0.00250142,1.00250142,0
41,14199,0.22054571,0.12216715,20.87000000,13.93500980,1.49696385,0.43330037,0.64864325,1.96476245,41.25000000,0.20000000,0.00715329,0.99284671,0
42,14299,0.13792152,0.12716363,18.33000000,14.08293263,1.30149320,0.33551571,0.57630253,2.10062457,39.21428571,0.21000000,0.00623639,0.99376361,0
43,14399,0.09218960,0.08553018,17.11000000,14.16197621,1.20807314,0.35044364,0.48941850,0.59571720,39.44444444,0.18000000,0.01071808,0.98928192,0
44,14499,0.09934443,0.00115172,21.80000000,14.27881378,1.52632690,0.44069297,0.34435303,0.37608920,41.64000000,0.25000000,0.01071601,0.98928399,0
45,14599,0.16990414,0.00000000,22.92000000,14.46439481,1.58450036,0.46565037,0.50552989,0.45174850,45.05357143,0.28000000,0.00012080,0.99987920,0
46,14699,0.16969178,0.00000000,22.42000000,14.64857253,1.53069339,0.50539568,0.47415216,0.50536610,37.35294118,0.34000000,0.00080793,0.99919207,0
47,14799,0.19433455,0.00000000,30.09000000,14.88325341,2.02150173,0.59969122,0.44251161,0.53351999,48.65476190,0.42000000,0.00217269,0.99782731,0
48,14899,0.24465998,0.00000000,37.56000000,15.26585776,2.45940279,0.74172548,0.37433414,0.43695557,50.39473684,0.57000000,0.00906621,0.99093379,0
49,14999,0.24778753,0.00000000,34.98000000,15.73329757,2.22585076,0.65001817,0.54244745,0.51344044,49.73684211,0.57000000,0.00422599,0.99577401,0
50,15099,0.21899297,0.03845961,23.57000000,16.02605873,1.47239410,0.44225949,0.77507898,1.59432568,43.88235294,0.34000000,0.00037292,0.99962708,0
51,15199,0.17931034,0.00000000,38.25000000,16.25211394,2.35293144,0.73541960,0.38191992,0.40434131,48.94696970,0.66000000,0.00734080,0.99265920,0
52,15299,0.22892509,0.00000000,37.22000000,16.65555536,2.23369280,0.72896592,0.39225702,0.40782285,47.31818182,0.66000000,0.01209237,0.98790763,0
53,15399,0.27503547,0.00000000,42.20000000,17.11450088,2.46713952,0.74403479,0.46236711,0.54142846,55.73437500,0.64000000,0.00973334,0.99026666,0
54,15499,0.24234488,0.00000000,37.84000000,17.53440080,2.15902246,0.64386993,0.53182646,0.53032502,52.82758621,0.58000000,0.01564990,0.98435010,0
55,15599,0.23859585,0.00000000,43.29000000,17.90482141,2.41546972,0.72377398,0.38461723,0.43257276,54.31506849,0.73000000,-0.00411755,1.00411755,0
56,15699,0.20970747,0.00000000,39.40000000,18.34138212,2.14768844,0.61628181,0.47019295,0.49900367,56.02631579,0.57000000,0.00461339,0.99538661,0
57,15799,0.28671066,0.04834415,32.38000000,18.66814822,1.73502016,0.56069039,0.57392541,0.74516285,49.06862745,0.51000000,0.00563684,0.99436316,0
58,15899,0.16380957,0.02216025,29.88000000,18.88659386,1.58261298,0.49789510,0.43567135,0.62354565,45.50000000,0.45000000,0.01517538,0.98482462,0
59,15999,0.24782055,0.02100710,36.36000000,19.11303918,1.90261895,0.60589689,0.50427082,0.64220245,52.07407407,0.54000000,0.00414291,0.99585709,0
60,16099,0.21800575,0.09246727,23.54000000,19.29980146,1.21986704,0.35790144,0.70717721,2.22944007,42.78947368,0.38000000,-0.00185123,1.00185123,0
61,16199,0.13875558,0.07715106,26.94000000,19.37051904,1.39052055,0.42158273,0.53683279,1.12531933,44.94047619,0.42000000,0.00406497,0.99593503,0
62,16299,0.17811589,0.00000000,39.63000000,19.58717544,2.02232543,0.62239304,0.37864029,0.47586976,54.54166667,0.60000000,0.00601738,0.99398262,0
63,16399,0.24356953,0.02204526,37.65000000,19.89296289,1.89209898,0.53675569,0.51971117,0.70646291,57.89215686,0.51000000,0.00542191,0.99457809,0
64,16499,0.22916400,0.00000000,47.97000000,20.25183642,2.36816001,0.72434906,0.37714921,0.41988937,58.80136986,0.73000000,0.00500888,0.99499112,0
65,16599,0.20387131,0.00000000,36.53000000,20.58306705,1.77424766,0.58304109,0.49303639,0.51298010,49.89344262,0.61000000,0.00008984,0.99991016,0
66,16699,0.28280479,0.00000000,51.16000000,20.91377254,2.44411961,0.73814057,0.44465973,0.43543963,63.71527778,0.72000000,0.01459636,0.98540364,0
67,16799,0.18929439,0.00000000,35.90000000,21.26440822,1.68773213,0.52529722,0.50302689,0.55089887,51.80555556,0.54000000,0.00004219,0.99995781,0
68,16899,0.21135526,0.00000000,41.52000000,21.52734753,1.92839465,0.59014829,0.49501538,0.64593765,55.34920635,0.63000000,0.00769934,0.99230066,0
69,16999,0.20680034,0.00000000,40.39000000,21.80968840,1.85173450,0.59832226,0.47794418,0.64931659,53.52459016,0.61000000,0.01382940,0.98617060,0
70,17099,0.17356143,0.05007140,27.52000000,22.03726538,1.24941372,0.30440958,0.73938295,2.17612235,54.94285714,0.35000000,-0.00720276,1.00720276,0
71,17199,0.17902010,0.00000000,51.01000000,22.26260598,2.29335317,0.70929656,0.35933849,0.46885909,63.63194444,0.72000000,0.00717045,0.99282955,0
72,17299,0.21363650,0.00000000,42.92000000,22.56716923,1.90180850,0.61099925,0.51431787,0.48838928,56.16911765,0.68000000,0.00376180,0.99623820,0
73,17399,0.20051040,0.00000000,41.35000000,22.84371134,1.81040785,0.58121747,0.53282059,0.59862747,56.21774194,0.62000000,0.00663039,0.99336961,0
74,17499,0.13183081,0.00000000,33.90000000,23.04032075,1.47146619,0.41533401,0.48777480,0.69258047,52.87755102,0.49000000,0.00246989,0.99753011,0
75,17599,0.18993808,0.02605324,35.70000000,23.20621002,1.53878390,0.40582918,0.56541899,0.72508175,62.22500000,0.40000000,0.00629176,0.99370824,0
76,17699,0.16023644,0.00000000,40.87000000,23.38530721,1.74762209,0.54114042,0.39155290,0.58780005,58.06779661,0.59000000,0.00646952,0.99353048,0
77,17799,0.12766527,0.00000000,36.29000000,23.57315786,1.53923987,0.43211487,0.44557867,0.58256852,55.97000000,0.50000000,0.01000612,0.98999388,0
78,17899,0.14618189,0.00000000,36.87000000,23.71016127,1.55414136,0.46181119,0.42006086,0.57544572,53.27192982,0.57000000,-0.00264002,1.00264002,0
79,17999,0.25333499,0.00000000,47.09000000,23.99431044,1.96320497,0.64128878,0.51828355,0.59101964,59.85714286,0.70000000,-0.00469664,1.00469664,0
80,18099,0.08882618,0.01164736,23.47000000,24.12218612,0.97299556,0.23198660,0.59446023,1.88704756,45.39655172,0.29000000,0.01059230,0.98940770,0
81,18199,0.13843788,0.01641750,30.43000000,24.14057845,1.26042699,0.36568355,0.60684570,1.52422986,52.60227273,0.44000000,-0.01183653,1.01183653,0
82,18299,0.21498553,0.00000000,49.85000000,24.33308216,2.04806751,0.67309986,0.39140980,0.46017856,62.03424658,0.73000000,0.00453316,0.99546684,0
83,18399,0.27101406,0.02864586,48.46000000,24.65154904,1.96612725,0.58749488,0.55941406,0.61770209,63.11940299,0.67000000,-0.00466491,1.00466491,0
84,18499,0.23324166,0.00000000,51.09000000,24.92745660,2.04898037,0.64350624,0.42572035,0.45310350,63.40410959,0.73000000,0.01258402,0.98741598,0
85,18599,0.20433666,0.00000000,51.03000000,25.27025602,2.02034615,0.62134199,0.43683100,0.50235858,64.76388889,0.72000000,0.00302750,0.99697250,0
86,18699,0.23836134,0.00000000,49.75000000,25.53374393,1.94825413,0.65831851,0.56339848,0.56528179,59.79333333,0.75000000,0.01853641,0.98146359,0
87,18799,0.18857684,0.00000000,43.26000000,25.78474965,1.67794206,0.52077082,0.51981598,0.54937534,59.75396825,0.63000000,0.00680792,0.99319208,0
88,18899,0.25105035,0.00000000,51.30000000,26.02978141,1.97118993,0.63875284,0.44333517,0.57199964,63.66666667,0.72000000,0.00493320,0.99506680,0
89,18999,0.29918440,0.01059040,55.92000000,26.33462243,2.12372014,0.66774976,0.55477904,0.60857500,66.63815789,0.76000000,-0.00359614,1.00359614,0
90,19099,0.15509261,0.00000000,41.60000000,26.56788880,1.56563291,0.44891099,0.57007245,0.88439845,59.77192982,0.57000000,0.01345409,0.98654591,0
91,19199,0.20583871,0.00000000,53.10000000,26.81597553,1.98064703,0.61857268,0.43697068,0.58535041,70.98461538,0.65000000,0.01777837,0.98222163,0
92,19299,0.14766521,0.00000000,49.03000000,27.06980965,1.81140320,0.55097412,0.38242826,0.46694577,66.75384615,0.65000000,0.00434962,0.99565038,0
93,19399,0.22030942,0.00000000,50.02000000,27.30139564,1.83203665,0.55256087,0.48343233,0.57145286,66.86363636,0.66000000,-0.00290690,1.00290690,0
94,19499,0.24949210,0.00000000,54.12000000,27.55407633,1.96366302,0.64421631,0.50531977,0.59963417,65.55405405,0.74000000,-0.00006694,1.00006694,0
95,19599,0.21961087,0.00000000,52.91000000,27.86041022,1.89980154,0.57243985,0.47320526,0.56075803,67.17391304,0.69000000,0.00871084,0.99128916,0
96,19699,0.19959023,0.00000000,53.89000000,28.08505429,1.91820781,0.58379894,0.52599048,0.69517465,66.21621622,0.74000000,0.01557446,0.98442554,0
97,19799,0.22234474,0.00000000,55.85000000,28.38608266,1.96777811,0.61367538,0.45426225,0.63882303,71.67857143,0.70000000,0.00572276,0.99427724,0
98,19899,0.27820226,0.01226229,54.92000000,28.66451270,1.91633601,0.63512512,0.51997137,0.68789704,68.10135135,0.74000000,-0.00023722,1.00023722,0
99,19999,0.22119477,0.00000000,58.59000000,28.92907290,2.02509186,0.64966876,0.42419438,0.51922149,71.49342105,0.76000000,0.00592879,0.99407121,0
100,20099,0.16893083,0.00000000,47.66000000,29.15675774,1.63420303,0.48119699,0.52864689,1.11023679,64.26923077,0.65000000,0.00776916,0.99223084,0
101,20199,0.20310213,0.00000000,59.42000000,29.42788122,2.01960767,0.64904543,0.38492093,0.50749757,73.10666667,0.75000000,0.00679823,0.99320177,0
102,20299,0.22419874,0.00000000,55.42000000,29.68915244,1.86669313,0.57345541,0.53813795,0.55475064,71.25714286,0.70000000,0.00945403,0.99054597,0
103,20399,0.17845041,0.00000000,64.78000000,29.99089608,2.16034450,0.65934657,0.32643333,0.44288280,78.85064935,0.77000000,0.01522434,0.98477566,0
104,20499,0.23784369,0.00000000,55.58000000,30.27281904,1.83600099,0.58553831,0.59115016,0.73293106,67.74666667,0.75000000,0.00334647,0.99665353,0
105,20599,0.20566148,0.00000000,57.58000000,30.52497095,1.88646021,0.53626953,0.55736815,0.62848744,72.47222222,0.72000000,0.00298759,0.99701241,0
106,20699,0.16992013,0.00000000,56.81000000,30.78224814,1.84586613,0.52221663,0.41723821,0.62045071,72.72857143,0.70000000,0.00448565,0.99551435,0
107,20799,0.16137886,0.00000000,53.46000000,30.98956343,1.72489604,0.52029399,0.47066165,0.75132938,69.23880597,0.67000000,-0.00312911,1.00312911,0
108,20899,0.21657921,0.00000000,64.96000000,31.25815483,2.07819374,0.63667200,0.43780198,0.56749351,75.72839506,0.81000000,0.01556621,0.98443379,0
109,20999,0.25912268,0.00000000,69.23000000,31.58567123,2.19185097,0.70946161,0.45802288,0.58127640,79.69879518,0.83000000,-0.00185274,1.00185274,0
110,21099,0.28210399,0.00000000,64.33000000,31.88325474,2.01703428,0.63573987,0.54357964,0.92959740,80.44000000,0.75000000,0.00177278,0.99822722,0
111,21199,0.25484029,0.00000000,66.30000000,32.22510440,2.05811493,0.67718620,0.44806791,0.51496332,76.27710843,0.83000000,-0.00266708,1.00266708,0
112,21299,0.23709757,0.00000000,76.42000000,32.55743345,2.34752746,0.69285386,0.46702606,0.53958114,87.68072289,0.83000000,-0.00309963,1.00309963,0
113,21399,0.27443001,0.00000000,69.53000000,32.89942574,2.11315273,0.69830361,0.49650110,0.62271422,80.46341463,0.82000000,0.01310433,0.98689567,0
114,21499,0.25610561,0.00000000,72.34000000,33.22272132,2.17683870,0.68638568,0.43839616,0.53221447,84.22839506,0.81000000,-0.00867632,1.00867632,0
115,21599,0.30237546,0.01133671,70.25000000,33.57379537,2.09256521,0.70312485,0.53645003,0.63820781,78.25000000,0.86000000,-0.00401899,1.00401899,0
116,21699,0.27356816,0.00000000,73.32000000,33.90600641,2.16277090,0.67714281,0.48339282,0.65893522,81.85057471,0.87000000,-0.00257169,1.00257169,0
117,21799,0.26423637,0.00000000,67.06000000,34.21948684,1.96009594,0.62632477,0.49796866,0.61913296,79.80625000,0.80000000,0.00510019,0.99489981,0
118,21899,0.22076721,0.00000000,74.88000000,34.52331316,2.16922942,0.68106944,0.45209658,0.54399302,80.69444444,0.90000000,0.00772512,0.99227488,0
119,21999,0.15844761,0.00000000,68.11000000,34.83348527,1.95552487,0.60140625,0.39696934,0.44829172,77.39880952,0.84000000,0.00219801,0.99780199,0
120,22099,0.27833835,0.00644524,66.05000000,35.09545615,1.88205397,0.66161411,0.56636528,1.64906594,75.71686747,0.83000000,-0.00325193,1.00325193,0
121,22199,0.21654234,0.00000000,68.47000000,35.36010104,1.93642723,0.59612949,0.42443860,0.51790305,80.48765432,0.81000000,0.01242813,0.98757187,0
122,22299,0.25203387,0.00000000,78.88000000,35.65355571,2.21185647,0.67107142,0.47615249,0.80132536,91.69512195,0.82000000,0.00897837,0.99102163,0
123,22399,0.22572409,0.00000000,67.49000000,35.99112978,1.87558344,0.63540125,0.44564471,0.53922665,78.27439024,0.82000000,0.00650780,0.99349220,0
124,22499,0.23556367,0.00529639,64.44000000,36.22203001,1.77916503,0.57525717,0.54131738,0.58244543,74.61250000,0.80000000,0.00326929,0.99673071,0
125,22599,0.24225272,0.00000000,72.23000000,36.44967370,1.98105546,0.66995805,0.45894921,0.62217348,84.48148148,0.81000000,0.01607209,0.98392791,0
126,22699,0.21396110,0.00000000,73.57000000,36.77650627,2.00094012,0.63693958,0.43785247,0.59720979,83.10000000,0.85000000,-0.00115940,1.00115940,0
127,22799,0.27104899,0.00000000,73.24000000,37.04363090,1.97704834,0.63316585,0.50175890,0.73755287,81.52298851,0.87000000,-0.00228305,1.00228305,0
128,22899,0.20584198,0.00000000,72.11000000,37.33583148,1.93168402,0.62999674,0.46809201,0.69820304,79.65909091,0.88000000,0.00570378,0.99429622,0
129,22999,0.26334004,0.00000000,79.15000000,37.61505052,2.10409690,0.69737864,0.51083563,0.67204715,91.23214286,0.84000000,0.00867492,0.99132508,0
130,23099,0.25451062,0.00000000,88.13000000,37.96724281,2.32105425,0.76961932,0.39948166,1.03192838,94.20652174,0.92000000,0.00623223,0.99376777,0
131,23199,0.26120225,0.01017314,73.84000000,38.30166786,1.92791136,0.59447292,0.58716487,0.62476763,84.98192771,0.83000000,0.01106169,0.98893831,0
132,23299,0.20675206,0.00000000,76.64000000,38.59213185,1.98626325,0.64051913,0.36650183,0.54168894,89.04268293,0.82000000,0.00885681,0.99114319,0
133,23399,0.21786787,0.00000000,79.06000000,38.86861681,2.03393467,0.66977748,0.41165775,0.53732951,86.81460674,0.89000000,0.00171317,0.99828683,0
134,23499,0.20745953,0.00000000,76.51000000,39.16695685,1.95357059,0.58771875,0.47538152,0.52603051,81.41847826,0.92000000,-0.00953564,1.00953564,0
135,23599,0.22691214,0.00242928,71.79000000,39.43570487,1.82076091,0.54111023,0.54545615,0.58538554,81.65060241,0.83000000,0.00321648,0.99678352,0
136,23699,0.26440409,0.00000000,80.21000000,39.68026347,2.02122225,0.67651032,0.47457652,0.62678990,88.25280899,0.89000000,0.00222052,0.99777948,0
137,23799,0.34238042,0.00084396,92.40000000,40.02126599,2.30860871,0.76373221,0.48622125,0.58599446,100.49450549,0.91000000,0.00038712,0.99961288,0
138,23899,0.25196841,0.00000000,85.24000000,40.37553089,2.11111053,0.64872841,0.48982883,0.54656192,98.35542169,0.83000000,0.00549417,0.99450583,0
139,23999,0.27342491,0.00000000,82.47000000,40.69452349,2.02666158,0.69423435,0.47470131,0.60655619,89.17777778,0.90000000,0.00538723,0.99461277,0
140,24099,0.31434261,0.06897804,75.74000000,40.98021395,1.84855120,0.57831401,0.65147217,2.00929607,89.64814815,0.81000000,-0.00720226,1.00720226,0
141,24199,0.23248994,0.01998120,86.18000000,41.25698949,2.08914084,0.65589536,0.47807664,0.55260989,95.39204545,0.88000000,0.00673081,0.99326919,0
142,24299,0.23417996,0.00000000,89.13000000,41.56891823,2.14407159,0.66706055,0.46631035,0.61105889,93.47872340,0.94000000,0.00214723,0.99785277,0
143,24399,0.25739828,0.00000000,84.10000000,41.87346014,2.00812474,0.66831911,0.45290147,0.52065159,91.18333333,0.90000000,0.01858275,0.98141725,0
144,24499,0.28197770,0.00000000,82.31000000,42.17484029,1.95169642,0.63542193,0.54785688,0.57527710,92.91764706,0.85000000,-0.00777212,1.00777212,0
145,24599,0.28409856,0.00962625,85.05000000,42.47677991,2.00272999,0.63181035,0.54047894,0.61675940,92.56179775,0.89000000,0.00228154,0.99771846,0
146,24699,0.22207179,0.00000000,89.63000000,42.75699210,2.09610486,0.67653982,0.40341625,0.64433750,98.61235955,0.89000000,0.01101780,0.98898220,0
147,24799,0.24508501,0.00000000,81.31000000,43.07347936,1.88812293,0.60106871,0.48597049,0.70057544,90.46551724,0.87000000,0.00287241,0.99712759,0
148,24899,0.27742614,0.00601575,82.11000000,43.32472868,1.89545037,0.63647869,0.52954980,0.64471057,88.67582418,0.91000000,0.01397222,0.98602778,0
149,24999,0.30804187,0.01680363,91.73000000,43.60077828,2.10375838,0.65408692,0.51199361,0.61814939,98.90659341,0.91000000,-0.00257900,1.00257900,0
150,25099,0.28983105,0.05336900,84.10000000,43.88798539,1.91601130,0.58348142,0.62475516,1.38578617,95.62790698,0.86000000,0.00859362,0.99140638,0
151,25199,0.21738112,0.06305498,74.10000000,44.13904185,1.67890134,0.49571687,0.55380760,0.74482948,85.00000000,0.84000000,0.00120613,0.99879387,0
152,25299,0.21250442,0.01952060,79.20000000,44.33155017,1.78629420,0.60046115,0.46933393,0.63973838,88.70114943,0.87000000,0.00866604,0.99133396,0
153,25399,0.24277890,0.00000000,99.06000000,44.63801818,2.21922240,0.72612040,0.42073507,0.56970926,104.89247312,0.93000000,0.00634659,0.99365341,0
154,25499,0.24305639,0.00000000,92.16000000,44.95863753,2.04971002,0.61767054,0.52882855,0.70650297,103.02873563,0.87000000,0.00833657,0.99166343,0
155,25599,0.24425839,0.00000000,100.77000000,45.31010843,2.22435619,0.69939320,0.45243412,0.59232453,105.30000000,0.95000000,0.00666911,0.99333089,0
156,25699,0.26003398,0.00000000,99.27000000,45.65726025,2.17451047,0.68151494,0.43625742,0.63489642,108.57222222,0.90000000,0.00742910,0.99257090,0
157,25799,0.26619673,0.00000000,108.68000000,46.00130498,2.36206844,0.74437473,0.44399375,0.52120870,112.38020833,0.96000000,-0.00127161,1.00127161,0
158,25899,0.29521777,0.00000000,110.87000000,46.43774684,2.38804133,0.78632119,0.48631100,0.53240470,113.02551020,0.98000000,0.00284091,0.99715909,0
159,25999,0.33633773,0.01029003,103.20000000,46.80275070,2.20507472,0.73527497,0.50873147,0.58294821,110.77173913,0.92000000,0.01144531,0.98855469,0
160,26099,0.09743019,0.00000000,54.38000000,47.02329960,1.15654524,0.30681916,0.59404310,2.21032001,76.04615385,0.65000000,-0.00482704,1.00482704,0
161,26199,0.17080234,0.00000000,77.46000000,47.07712080,1.64485951,0.50664145,0.48209045,0.77636291,93.67088608,0.79000000,0.00682263,0.99317737,0
162,26299,0.28515218,0.00000000,111.00000000,47.39335124,2.34174319,0.79368168,0.46747200,0.53806317,115.77894737,0.95000000,0.00659878,0.99340122,0
163,26399,0.34490731,0.00000000,125.60000000,47.84430645,2.62535727,0.84164705,0.45882153,0.46396457,126.72727273,0.99000000,0.01371688,0.98628312,0
164,26499,0.32407698,0.00000000,121.63000000,48.29888405,2.51825277,0.78949090,0.49155134,0.50219948,126.00000000,0.96000000,0.00184694,0.99815306,0
165,26599,0.27289187,0.00000000,121.55000000,48.72728794,2.49402721,0.74624095,0.41305871,0.46263345,125.95833333,0.96000000,0.00184074,0.99815926,0
166,26699,0.34381159,0.00000000,118.40000000,49.16806605,2.40799495,0.76091382,0.46639289,0.44491982,122.42187500,0.96000000,-0.00485027,1.00485027,0
167,26799,0.33638532,0.00000000,122.77000000,49.60538501,2.47518588,0.81030305,0.50691159,0.48271029,125.86082474,0.97000000,0.02015425,0.97984575,0
168,26899,0.24715748,0.00000000,119.22000000,49.99793987,2.38386996,0.74767185,0.39204946,0.40727011,119.48500000,1.00000000,-0.00262425,1.00262425,0
169,26999,0.30992966,0.00000000,140.31000000,50.49520139,2.77884611,0.85287034,0.39996767,0.36873968,141.67676768,0.99000000,0.00330026,0.99669974,0
170,27099,0.15941937,0.00000000,67.71000000,50.78328459,1.33319045,0.36739081,0.74064275,1.61303524,95.52238806,0.67000000,-0.00090874,1.00090874,0
171,27199,0.26754474,0.00000000,130.47000000,51.08659112,2.55391047,0.80469672,0.38164210,0.39218656,135.10937500,0.96000000,0.00532472,0.99467528,0
172,27299,0.31640139,0.00000000,130.70000000,51.55671760,2.53535972,0.82646242,0.43760066,0.36366147,136.74210526,0.95000000,-0.00158384,1.00158384,0
173,27399,0.26281791,0.00000000,129.40000000,52.00954682,2.48828332,0.82766257,0.37344113,0.44439407,132.78865979,0.97000000,0.00840665,0.99159335,0
174,27499,0.35781476,0.00000000,132.90000000,52.46443259,2.53347125,0.83521015,0.48547245,0.42056348,133.11000000,1.00000000,0.00099365,0.99900635,0
175,27599,0.27354199,0.00000000,125.54000000,52.89971329,2.37340409,0.77747928,0.44114692,0.46447314,131.19473684,0.95000000,0.00639337,0.99360663,0
176,27699,0.29487097,0.00000000,116.56000000,53.28197872,2.18771285,0.72462025,0.47478196,0.43470927,123.79032258,0.93000000,0.00271901,0.99728099,0
177,27799,0.29385649,0.00082962,109.00000000,53.60894533,2.03317064,0.67146939,0.63850625,0.68202643,115.63978495,0.93000000,-0.00292021,1.00292021,0
178,27899,0.25675645,0.00000000,115.43000000,53.94535284,2.13985928,0.70706488,0.41029411,0.53643264,125.28021978,0.91000000,0.01088847,0.98911153,0
179,27999,0.26473704,0.00000000,123.40000000,54.31509947,2.27216398,0.72560267,0.45981013,0.58369297,128.81578947,0.95000000,-0.00474854,1.00474854,0
180,28099,0.07894667,0.00481551,52.29000000,54.49576663,0.95954189,0.20028557,0.61077344,2.37284190,70.50000000,0.65000000,-0.02136596,1.02136596,0
181,28199,0.31530219,0.00000000,137.43000000,54.71580542,2.51178668,0.75697828,0.43478290,0.50641946,141.35567010,0.97000000,0.00761299,0.99238701,0
182,28299,0.27356646,0.00000000,122.91000000,55.13497193,2.22943940,0.70255867,0.46509189,0.52669149,127.52083333,0.96000000,0.00699818,0.99300182,0
183,28399,0.24224642,0.00000000,119.69000000,55.49011044,2.15700120,0.76200029,0.35484808,0.42081176,124.81578947,0.95000000,0.01026002,0.98973998,0
184,28499,0.31281463,0.00000000,127.85000000,55.85208060,2.28895522,0.74829194,0.47900398,0.40903670,131.40206186,0.97000000,0.00718984,0.99281016,0
185,28599,0.30111910,0.00000000,129.76000000,56.24052070,2.30699024,0.78876180,0.43411847,0.50119411,132.17346939,0.98000000,0.01113505,0.98886495,0
186,28699,0.29128707,0.00000000,142.77000000,56.66815404,2.51910027,0.77194985,0.37540498,0.38785534,144.36868687,0.99000000,0.00174096,0.99825904,0
187,28799,0.31787243,0.00000000,137.87000000,57.10525676,2.41381017,0.77279776,0.52117923,0.43652199,144.30000000,0.95000000,0.02028824,0.97971176,0
188,28899,0.29996988,0.00000000,144.66000000,57.58280819,2.51250200,0.77505720,0.44581069,0.46899995,150.07812500,0.96000000,0.00300654,0.99699346,0
189,28999,0.32813550,0.00000000,129.69000000,57.99500175,2.23628830,0.70604150,0.52665946,0.56008769,134.52604167,0.96000000,0.01158899,0.98841101,0
190,29099,0.15158175,0.04032035,64.69000000,58.20229317,1.11149752,0.27220556,0.87252003,4.25125867,84.81690141,0.71000000,0.00355847,0.99644153,0
191,29199,0.17968956,0.00000000,100.27000000,58.26554452,1.72019637,0.49988754,0.55048104,1.31257972,121.79629630,0.81000000,0.00097143,0.99902857,0
192,29299,0.25884625,0.00000000,143.60000000,58.64814135,2.44833675,0.74283330,0.38485357,0.42097638,148.70833333,0.96000000,0.00701018,0.99298982,0
193,29399,0.29445682,0.00000000,142.36000000,59.09249403,2.40914054,0.79722982,0.43251370,0.47086760,144.94387755,0.98000000,0.00367793,0.99632207,0
194,29499,0.28102340,0.00000000,127.72000000,59.46531419,2.14749144,0.70606472,0.44482855,0.47226480,131.38659794,0.97000000,0.00297375,0.99702625,0
195,29599,0.29847792,0.00337936,124.27000000,59.81753496,2.07741349,0.65483160,0.48167798,0.53866539,127.67525773,0.97000000,0.00012445,0.99987555,0
196,29699,0.28752357,0.00000000,133.80000000,60.17985751,2.22345722,0.71276546,0.50508157,0.54170163,137.37113402,0.97000000,0.01413028,0.98586972,0
197,29799,0.25580733,0.00000000,135.41000000,60.57034596,2.23598416,0.74029648,0.42333967,0.50208992,140.46354167,0.96000000,0.00925999,0.99074001,0
198,29899,0.30429152,0.00000000,142.27000000,60.93835708,2.33450518,0.81269483,0.45337491,0.44479937,146.30927835,0.97000000,0.01573841,0.98426159,0
199,29999,0.30795036,0.00000000,132.37000000,61.34230947,2.15815529,0.72991017,0.48959340,0.46372140,133.66666667,0.99000000,0.00591124,0.99408876,0
200,30099,0.17855032,0.03274973,76.10000000,61.55441951,1.23636967,0.35928649,0.76528457,3.88259783,100.84507042,0.71000000,-0.00868920,1.00868920,0
201,30199,0.15931954,0.04047676,80.12000000,61.61838745,1.30023799,0.39800343,0.65974127,1.93462652,96.16666667,0.81000000,0.00967946,0.99032054,0
202,30299,0.22244194,0.00000000,151.74000000,61.88712857,2.45176883,0.79862077,0.32746110,0.39676059,152.05500000,1.00000000,0.01511642,0.98488358,0
203,30399,0.29444844,0.00000000,152.16000000,62.33346808,2.44103797,0.81848776,0.42477004,0.45469356,155.20408163,0.98000000,0.00796481,0.99203519,0
204,30499,0.29051629,0.00000000,161.65000000,62.79634984,2.57419105,0.80338570,0.47349101,0.48851323,163.35858586,0.99000000,-0.00080877,1.00080877,0
205,30599,0.30084308,0.00000000,148.96000000,63.26344709,2.35494465,0.77330155,0.46818989,0.47709440,150.35353535,0.99000000,0.00309046,0.99690954,0
206,30699,0.31907731,0.00000000,162.06000000,63.70060042,2.54424678,0.86614643,0.42581038,0.53682028,162.30000000,1.00000000,0.01802806,0.98197194,0
207,30799,0.34460601,0.00000000,156.29000000,64.15749070,2.43610870,0.79859824,0.50016797,0.51609395,156.53000000,1.00000000,0.00226289,0.99773711,0
208,30899,0.30268385,0.00000000,145.44000000,64.57694764,2.25233014,0.74800573,0.43333272,0.46376308,150.84375000,0.96000000,0.00131724,0.99868276,0
209,30999,0.30520521,0.00000000,162.73000000,65.00466275,2.50353422,0.79187718,0.40790371,0.43299467,162.98000000,1.00000000,0.01341486,0.98658514,0
210,31099,0.18859095,0.01934982,84.75000000,65.26865188,1.29844951,0.39837225,0.60487041,1.31730755,106.63157895,0.76000000,0.01485396,0.98514604,0
211,31199,0.23131108,0.00000000,146.51000000,65.52822952,2.23608675,0.75408145,0.37945230,0.46228574,148.06060606,0.99000000,-0.00728025,1.00728025,0
212,31299,0.29829599,0.00000000,141.38000000,65.89106158,2.14579039,0.72275973,0.50845484,0.55301154,149.19148936,0.94000000,0.01074573,0.98925427,0
213,31399,0.30051792,0.00182616,136.46000000,66.24357676,2.06025554,0.66042299,0.50723684,0.60037353,139.04591837,0.98000000,0.01821834,0.98178166,0
214,31499,0.27438758,0.00000000,139.17000000,66.57629876,2.09065687,0.70065386,0.45399810,0.51951712,143.04639175,0.97000000,0.01455686,0.98544314,0
215,31599,0.25696462,0.00000000,138.38000000,66.90711331,2.06843856,0.69403236,0.47868544,0.46138456,146.36702128,0.94000000,0.00643553,0.99356447,0
216,31699,0.25658986,0.00000000,161.12000000,67.27067949,2.39497233,0.75072221,0.39286946,0.44198180,167.34895833,0.96000000,0.00671677,0.99328323,0
217,31799,0.35280851,0.00000000,167.16000000,67.72949302,2.46820909,0.80923740,0.52876088,0.44720582,167.38000000,1.00000000,0.00570899,0.99429101,0
218,31899,0.30066974,0.00000000,161.89000000,68.16326683,2.37499043,0.77308120,0.45251832,0.45607298,163.56565657,0.99000000,0.01295163,0.98704837,0
219,31999,0.24612823,0.00000000,154.75000000,68.56444736,2.25678951,0.71365474,0.44091655,0.40308066,159.27319588,0.97000000,0.00518683,0.99481317,0
220,32099,0.21866981,0.00869954,106.67000000,68.83515896,1.54946623,0.48807341,0.65780302,2.25822594,123.79411765,0.85000000,-0.01226308,1.01226308,0
221,32199,0.26623425,0.00000000,165.11000000,69.15625409,2.38741157,0.73438592,0.41184789,0.46864387,166.80303030,0.99000000,0.00763215,0.99236785,0
222,32299,0.33658890,0.00000000,162.68000000,69.57866293,2.33792760,0.74712879,0.51489740,0.58390110,166.07653061,0.98000000,0.00267677,0.99732323,0
223,32399,0.30319623,0.00000000,165.34000000,70.00910436,2.36170424,0.73994744,0.47755085,0.46938549,167.03535354,0.99000000,0.00432285,0.99567715,0
224,32499,0.31345595,0.00000000,172.42000000,70.45311782,2.44738759,0.79764933,0.40720035,0.39425617,175.67346939,0.98000000,0.00283190,0.99716810,0
225,32599,0.33359734,0.00000000,171.70000000,70.91351479,2.42154306,0.75604716,0.50947385,0.45747785,171.96500000,1.00000000,0.00837448,0.99162552,0
226,32699,0.28443851,0.00000000,160.90000000,71.30877668,2.25616788,0.75157631,0.43006895,0.42015230,163.86224490,0.98000000,0.00657241,0.99342759,0
227,32799,0.34285701,0.00000000,171.88000000,71.73967724,2.39590777,0.77096572,0.52820696,0.53810831,175.14795918,0.98000000,-0.00595848,1.00595848,0
228,32899,0.25418283,0.00000000,157.94000000,72.15867180,2.18898955,0.69448060,0.44556240,0.51000635,163.66145833,0.96000000,0.01185126,0.98814874,0
229,32999,0.39855725,0.00000000,181.22000000,72.57551151,2.49708069,0.82716337,0.52323706,0.49215347,182.98989899,0.99000000,0.00447915,0.99552085,0
230,33099,0.16823851,0.00000000,105.83000000,72.82906316,1.45283208,0.41425064,0.57582735,1.69070520,131.18354430,0.79000000,0.00191441,0.99808559,0
231,33199,0.28573939,0.00000000,183.00000000,73.20686637,2.50016426,0.78744767,0.41146099,0.47516957,186.55612245,0.98000000,0.00878143,0.99121857,0
232,33299,0.28393536,0.00000000,163.26000000,73.62282716,2.21760221,0.73573471,0.47330768,0.47764408,164.93434343,0.99000000,-0.00099607,1.00099607,0
233,33399,0.28687605,0.00000000,197.90000000,74.07107995,2.67166831,0.84317054,0.39639927,0.39622291,199.93434343,0.99000000,0.01930155,0.98069845,0
234,33499,0.26454146,0.00000000,176.25000000,74.55316131,2.36400945,0.71877848,0.43899944,0.42394370,178.11616162,0.99000000,-0.00069451,1.00069451,0
235,33599,0.31459302,0.00000000,165.41000000,74.97709437,2.20631240,0.73031151,0.52317811,0.44833200,167.17171717,0.99000000,0.00822615,0.99177385,0
236,33699,0.30844259,0.00000000,198.23000000,75.40113787,2.62864708,0.83030731,0.43638859,0.41798648,198.50500000,1.00000000,0.01876578,0.98123422,0
237,33799,0.29653693,0.00000000,183.94000000,75.92923610,2.42297174,0.78080416,0.43816281,0.42276638,184.19000000,1.00000000,-0.00828502,1.00828502,0
238,33899,0.28433240,0.00000000,164.66000000,76.35162383,2.15711306,0.69472849,0.53458380,0.52571405,166.39393939,0.99000000,0.01184423,0.98815577,0
239,33999,0.28323328,0.00000000,170.51000000,76.71739271,2.22287103,0.72925954,0.45317353,0.45987220,173.82142857,0.98000000,0.00491028,0.99508972,0
240,34099,0.17776185,0.00860915,100.58000000,76.90879783,1.30766150,0.37763796,0.64238576,2.55495468,137.06338028,0.71000000,0.00242555,0.99757445,0
241,34199,0.30977956,0.00000000,161.10000000,77.17764886,2.08754527,0.67628858,0.55779789,0.60321314,168.57368421,0.95000000,-0.00306431,1.00306431,0
242,34299,0.27587103,0.00000000,181.45000000,77.54302611,2.33979144,0.77593462,0.39659535,0.47948505,181.67500000,1.00000000,0.01116047,0.98883953,0
243,34399,0.28468815,0.00000000,166.14000000,77.95177655,2.13134666,0.66813698,0.50181803,0.49872164,170.96391753,0.97000000,0.00561710,0.99438290,0
244,34499,0.22147757,0.00000000,160.31000000,78.30550829,2.04733144,0.63577735,0.49228028,0.46691552,167.56842105,0.95000000,0.01416427,0.98583573,0
245,34599,0.33189438,0.00000000,187.09000000,78.69636021,2.37752722,0.78270698,0.49248632,0.54285020,188.99494949,0.99000000,0.00716055,0.99283945,0
246,34699,0.29631048,0.00000000,191.08000000,79.13814195,2.41456965,0.80851997,0.40015663,0.41238878,191.31500000,1.00000000,0.00683334,0.99316666,0
247,34799,0.27055263,0.00000000,175.54000000,79.54037766,2.20669012,0.74311026,0.45743694,0.46139742,177.16666667,0.99000000,0.00939130,0.99060870,0
248,34899,0.31290493,0.00000000,181.33000000,79.95193736,2.26795515,0.78355170,0.45081951,0.49132543,183.12121212,0.99000000,0.00465319,0.99534681,0
249,34999,0.25505621,0.00000000,183.04000000,80.38584007,2.27737043,0.76853591,0.41528952,0.40747787,184.93434343,0.99000000,0.00881540,0.99118460,0
250,35099,0.16147339,0.01061091,101.22000000,80.60293769,1.25577377,0.35104235,0.62925822,3.63356459,122.72500000,0.80000000,0.00411361,0.99588639,0
251,35199,0.24985329,0.00000000,167.31000000,80.80793154,2.07026427,0.67456666,0.46697637,0.57918410,178.76881720,0.93000000,0.00227081,0.99772919,0
252,35299,0.28701041,0.00000000,190.30000000,81.21348755,2.34324351,0.75768339,0.43855854,0.47196755,192.13636364,0.99000000,0.01359492,0.98640508,0
253,35399,0.28518670,0.00000000,194.19000000,81.63926820,2.37846571,0.77655510,0.43759634,0.41280821,194.41000000,1.00000000,0.00531580,0.99468420,0
254,35499,0.34437565,0.00000000,184.41000000,82.06548850,2.24699735,0.78504884,0.47670970,0.53629133,189.44329897,0.97000000,0.01199325,0.98800675,0
255,35599,0.25104839,0.00000000,176.30000000,82.45610349,2.13808998,0.72739344,0.42126528,0.42631159,178.20707071,0.99000000,0.01479164,0.98520836,0
256,35699,0.28873662,0.00000000,172.94000000,82.83710173,2.08797871,0.71147449,0.47837401,0.45620279,173.20000000,1.00000000,0.00220409,0.99779591,0
257,35799,0.28708613,0.00000000,187.62000000,83.16166696,2.25558079,0.79912841,0.41586759,0.42185052,189.47979798,0.99000000,0.00880468,0.99119532,0
258,35899,0.29326885,0.00000000,191.00000000,83.61188170,2.28445916,0.79295854,0.40477602,0.41959747,192.95454545,0.99000000,-0.00740943,1.00740943,0
259,35999,0.32980085,0.00000000,199.70000000,84.03177379,2.37641383,0.80886150,0.47517110,0.37822421,199.95000000,1.00000000,0.01407143,0.98592857,0
260,36099,0.13542234,0.02586274,84.49000000,84.26813751,1.00264931,0.25820990,0.73580543,3.24101255,111.68493151,0.73000000,-0.00527268,1.00527268,0
261,36199,0.20990709,0.00000000,167.00000000,84.36737615,1.97886022,0.61608388,0.48813847,0.61344906,175.05789474,0.95000000,0.02472013,0.97527987,0
262,36299,0.25644201,0.00000000,183.31000000,84.76306482,2.16261014,0.74440716,0.41155530,0.37753508,185.27777778,0.99000000,0.00489916,0.99510084,0
263,36399,0.30708397,0.00000000,184.97000000,85.14022624,2.17253334,0.71699747,0.49388974,0.45824758,188.57653061,0.98000000,0.01474548,0.98525452,0
264,36499,0.28294023,0.00000000,191.30000000,85.52764328,2.23666990,0.76858259,0.41804059,0.43807539,193.22727273,0.99000000,0.01158130,0.98841870,0
265,36599,0.30705332,0.00000000,175.15000000,85.88095880,2.03924142,0.72071533,0.52818162,0.52663436,178.37755102,0.98000000,0.00269662,0.99730338,0
266,36699,0.24754482,0.00000000,179.51000000,86.23199474,2.08159749,0.68700074,0.42573009,0.44724064,179.75000000,1.00000000,0.00199539,0.99800461,0
267,36799,0.28273911,0.00000000,195.70000000,86.61942398,2.25930557,0.76593564,0.48464143,0.41413617,199.38775510,0.98000000,0.01675449,0.98324551,0
268,36899,0.28103465,0.00000000,182.27000000,87.01468100,2.09487448,0.72195849,0.52793928,0.47789674,185.73469388,0.98000000,0.01230083,0.98769917,0
269,36999,0.27008405,0.00000000,172.33000000,87.34650081,1.97306068,0.65691110,0.50925631,0.52227102,174.09595960,0.99000000,0.00994569,0.99005431,0
270,37099,0.21349231,0.00000000,128.00000000,87.50921902,1.46240097,0.48685847,0.52679390,1.44480178,159.93037975,0.79000000,0.02458363,0.97541637,0
271,37199,0.25715205,0.00000000,205.23000000,87.85087942,2.33598810,0.78895552,0.41723026,0.41132346,205.43500000,1.00000000,0.00619496,0.99380504,0
272,37299,0.29543996,0.00000000,211.27000000,88.30019659,2.39261974,0.80305165,0.46781640,0.40589864,211.54000000,1.00000000,0.00116132,0.99883868,0
273,37399,0.31796084,0.00000000,196.70000000,88.72991013,2.21691257,0.81100309,0.45593957,0.39564689,196.91500000,1.00000000,0.01147255,0.98852745,0
274,37499,0.26738561,0.00000000,191.70000000,89.14515565,2.15089848,0.74081994,0.48277036,0.37944083,195.39285714,0.98000000,0.00980482,0.99019518,0
275,37599,0.30084126,0.00000000,197.95000000,89.49763412,2.21186305,0.74310378,0.45821425,0.49077324,198.20500000,1.00000000,-0.00594539,1.00594539,0
276,37699,0.25179381,0.00000000,187.60000000,89.87619229,2.08743922,0.72073338,0.42050112,0.44584552,187.86500000,1.00000000,-0.00194038,1.00194038,0
277,37799,0.24099623,0.00000000,195.38000000,90.23515524,2.16527214,0.73864347,0.40093242,0.36880674,197.41414141,0.99000000,0.01592834,0.98407166,0
278,37899,0.27966369,0.00000000,185.83000000,90.60450298,2.05114414,0.69064521,0.46486724,0.45614258,189.45408163,0.98000000,0.00841469,0.99158531,0
279,37999,0.28897445,0.00000000,206.68000000,90.96900180,2.27196406,0.77804818,0.48620122,0.46595611,210.63775510,0.98000000,-0.00067489,1.00067489,0
280,38099,0.21083860,0.00000000,145.58000000,91.20838978,1.59570889,0.47233306,0.48851188,0.96532712,170.07647059,0.85000000,0.00287839,0.99712161,0
281,38199,0.32203616,0.00000000,200.69000000,91.54017358,2.19205286,0.70858675,0.50701127,0.49691381,200.95500000,1.00000000,0.01017665,0.98982335,0
282,38299,0.30859542,0.00000000,207.75000000,91.94943477,2.25920315,0.74326227,0.44609596,0.44556859,208.00500000,1.00000000,0.01349405,0.98650595,0
283,38399,0.32744283,0.00296842,194.80000000,92.36556060,2.10921180,0.68762031,0.58446283,0.53332433,198.53571429,0.98000000,0.00469443,0.99530557,0
284,38499,0.25242027,0.00000000,214.50000000,92.74227811,2.31284295,0.77413954,0.38542529,0.40487172,214.71000000,1.00000000,0.00702700,0.99297300,0
285,38599,0.34606369,0.00000000,232.81000000,93.18166933,2.49813028,0.81738839,0.53223582,0.56028514,233.08000000,1.00000000,-0.01674392,1.01674392,0
286,38699,0.27722842,0.00000000,196.05000000,93.63954654,2.09383614,0.68973398,0.47631083,0.43722464,201.68041237,0.97000000,0.01637442,0.98362558,0
287,38799,0.26628870,0.00000000,196.99000000,93.97049775,2.09614912,0.68415508,0.47569397,0.46567569,200.86734694,0.98000000,0.00794602,0.99205398,0
288,38899,0.26996781,0.00000000,218.50000000,94.36842418,2.31526912,0.75568679,0.41997476,0.41120623,220.80808081,0.99000000,0.00019060,0.99980940,0
289,38999,0.35229841,0.00000000,219.83000000,94.81065859,2.31865496,0.75967017,0.50010549,0.50750317,222.04040404,0.99000000,-0.00291021,1.00291021,0
290,39099,0.21905036,0.00000000,149.87000000,95.07449313,1.57608174,0.53004015,0.49762110,0.80801151,181.90123457,0.81000000,0.00636717,0.99363283,0
291,39199,0.25307527,0.00000000,189.97000000,95.38822108,1.99167712,0.71348269,0.41224013,0.40677234,193.73979592,0.98000000,-0.00380318,1.00380318,0
292,39299,0.26587347,0.00000000,199.37000000,95.71973438,2.08291294,0.66885296,0.46313266,0.40732910,206.88020833,0.96000000,0.00732412,0.99267588,0
293,39399,0.26490614,0.00000000,196.46000000,96.06750601,2.04507458,0.67146853,0.46449959,0.50108413,200.22448980,0.98000000,0.01448705,0.98551295,0
294,39499,0.21501367,0.00000000,197.31000000,96.40254367,2.04670219,0.65319609,0.43843786,0.51977904,197.55500000,1.00000000,0.00588119,0.99411881,0
295,39599,0.22885266,0.00000000,178.61000000,96.73935685,1.84651371,0.62610201,0.45843643,0.53210229,183.37628866,0.97000000,0.01910243,0.98089757,0
296,39699,0.22623158,0.00000000,192.45000000,97.02209719,1.98365010,0.63538390,0.47869719,0.49157356,197.97938144,0.97000000,0.00559534,0.99440466,0
297,39799,0.27038049,0.00000000,223.20000000,97.39309020,2.29182798,0.77569407,0.44705562,0.46815271,223.43500000,1.00000000,0.00340142,0.99659858,0
298,39899,0.30016974,0.00000000,202.86000000,97.78149936,2.07470288,0.71601116,0.46474908,0.46339131,206.98469388,0.98000000,0.00560252,0.99439748,0
299,39999,0.25144138,0.00000000,215.25000000,98.13929346,2.19323351,0.72384957,0.44867673,0.43970774,217.41414141,0.99000000,0.00799666,0.99200334,0
300,40099,0.20672708,0.02458205,140.92000000,98.36459658,1.43242979,0.44120761,0.60745081,1.28790117,160.14367816,0.87000000,0.01947148,0.98052852,0
301,40199,0.24804651,0.00000000,198.21000000,98.67107881,2.00903005,0.70039261,0.48199801,0.52862848,202.15306122,0.98000000,0.00234989,0.99765011,0
302,40299,0.25797517,0.00000000,223.99000000,99.02534245,2.26202298,0.73768015,0.39617548,0.43912263,226.22727273,0.99000000,0.00522788,0.99477212,0
303,40399,0.19520417,0.00000000,203.51000000,99.40423998,2.04737011,0.65187477,0.41623908,0.46837099,205.58080808,0.99000000,0.00989391,0.99010609,0
304,40499,0.26518395,0.00000000,205.77000000,99.74797080,2.06294902,0.69905656,0.45802910,0.47137364,206.00500000,1.00000000,-0.00099902,1.00099902,0
305,40599,0.25899037,0.00000000,200.16000000,100.09110625,1.99987934,0.63790224,0.52126986,0.52572655,205.94329897,0.97000000,-0.00086008,1.00086008,0
306,40699,0.27304167,0.00000000,206.75000000,100.42165218,2.05885491,0.68247941,0.44926974,0.53204531,210.70408163,0.98000000,0.00942062,0.99057938,0
307,40799,0.28148962,0.00000000,206.81000000,100.77555400,2.05230237,0.70185289,0.47646013,0.64156614,208.96464646,0.99000000,-0.00191971,1.00191971,0
308,40899,0.28914873,0.00000000,209.77000000,101.12238220,2.07451727,0.70270304,0.45028143,0.50782454,213.89285714,0.98000000,0.00261067,0.99738933,0
309,40999,0.22567895,0.00000000,191.18000000,101.44295476,1.88468354,0.62691618,0.51843615,0.61200030,191.45500000,1.00000000,0.00777989,0.99222011,0
310,41099,0.18618725,0.00000000,142.79000000,101.62475097,1.40499436,0.45371401,0.55746092,0.99086715,155.63736264,0.91000000,-0.01126393,1.01126393,0
311,41199,0.20111971,0.00000000,175.16000000,101.84782830,1.71995452,0.55235745,0.48096719,0.67389785,178.59693878,0.98000000,0.02717431,0.97282569,0
312,41299,0.20926001,0.00000000,190.91000000,102.08071867,1.87011779,0.58450863,0.42182696,0.54100510,196.75257732,0.97000000,0.01541980,0.98458020,0
313,41399,0.20427850,0.00000000,189.17000000,102.36508921,1.84795894,0.57997100,0.41005207,0.49199906,198.33157895,0.95000000,0.00079149,0.99920851,0
314,41499,0.20610730,0.00000000,173.61000000,102.61927575,1.69177637,0.56348078,0.49097738,0.54424085,180.23437500,0.96000000,0.00055305,0.99944695,0
315,41599,0.22503628,0.00000000,203.06000000,102.88529330,1.97359121,0.60693807,0.47604663,0.49766916,205.08585859,0.99000000,0.01752269,0.98247731,0
316,41699,0.23292618,0.00000000,215.39000000,103.24477761,2.08638229,0.67337872,0.43490620,0.50500933,217.62121212,0.99000000,0.01660726,0.98339274,0
317,41799,0.21927575,0.00000000,209.51000000,103.57861686,2.02278083,0.65491093,0.44498264,0.49930874,215.50000000,0.97000000,0.00998200,0.99001800,0
318,41899,0.32609245,0.01115483,217.98000000,103.89989736,2.09779056,0.69101009,0.52451262,0.61156533,218.21000000,1.00000000,-0.00035240,1.00035240,0
319,41999,0.23738694,0.00000000,215.43000000,104.27003470,2.06606488,0.68444260,0.45160749,0.48455174,219.51530612,0.98000000,-0.00297867,1.00297867,0
320,42099,0.24865204,0.00000000,200.21000000,104.54517278,1.91463486,0.62883683,0.47488146,0.81033315,214.38172043,0.93000000,-0.01044606,1.01044606,0
321,42199,0.25821061,0.00000000,217.38000000,104.90073390,2.07206527,0.67623795,0.49505089,0.61112012,223.78350515,0.97000000,0.02340532,0.97659468,0
322,42299,0.24470240,0.00000000,212.86000000,105.24847402,2.02233991,0.66396427,0.44876306,0.49908419,213.12500000,1.00000000,0.01544698,0.98455302,0
323,42399,0.25864537,0.00000000,235.45000000,105.61949892,2.22913581,0.74935563,0.45682154,0.53210879,237.87373737,0.99000000,0.01472136,0.98527864,0
324,42499,0.28615681,0.00536667,201.06000000,105.99698652,1.89703714,0.61070705,0.50993523,0.57788448,203.09090909,0.99000000,0.00737085,0.99262915,0
325,42599,0.28769490,0.00000000,216.58000000,106.29869899,2.03754382,0.69182491,0.46733639,0.51048960,216.82500000,1.00000000,0.00368016,0.99631984,0
326,42699,0.25843562,0.00000000,207.69000000,106.61344829,1.94805360,0.63856841,0.48374936,0.54050492,207.89500000,1.00000000,0.01387418,0.98612582,0
327,42799,0.25904095,0.00000000,210.38000000,106.93379838,1.96744749,0.57841347,0.58853844,0.57736137,216.41752577,0.97000000,0.00661964,0.99338036,0
328,42899,0.25869299,0.00000000,211.68000000,107.23911620,1.97385711,0.66629827,0.47560353,0.59807404,211.97000000,1.00000000,0.02129534,0.97870466,0
329,42999,0.22841922,0.00000000,219.96000000,107.56927869,2.04477563,0.70415764,0.40955407,0.48447154,222.25252525,0.99000000,-0.00483195,1.00483195,0
330,43099,0.17280751,0.00000000,150.45000000,107.77932213,1.39580378,0.41281394,0.63406456,1.24385755,164.60439560,0.91000000,0.01704741,0.98295259,0
331,43199,0.23982078,0.00000000,210.63000000,108.00398522,1.94999407,0.61202221,0.51599547,0.66552893,214.80612245,0.98000000,0.01127095,0.98872905,0
332,43299,0.27309642,0.00000000,200.06000000,108.32102066,1.84691639,0.61875195,0.52784815,0.76879518,204.04591837,0.98000000,0.01505010,0.98494990,0
333,43399,0.23538221,0.00000000,222.41000000,108.63101781,2.04740683,0.67799809,0.45546143,0.62321746,222.66000000,1.00000000,0.00535693,0.99464307,0
334,43499,0.25122242,0.00000000,230.04000000,108.99015008,2.11074239,0.73236877,0.46030585,0.52731333,232.38383838,0.99000000,0.00796371,0.99203629,0
335,43599,0.22831775,0.00000000,211.75000000,109.31124338,1.93710585,0.60155564,0.43714339,0.62256362,221.90526316,0.95000000,0.01607443,0.98392557,0
336,43699,0.33859692,0.00410967,238.77000000,109.65855664,2.17739154,0.71510669,0.55405692,0.75791496,241.19191919,0.99000000,0.00578792,0.99421208,0
337,43799,0.27659603,0.00000000,239.80000000,110.02024568,2.17935665,0.69966002,0.47474798,0.60966425,242.17676768,0.99000000,0.02132057,0.97867943,0
338,43899,0.31751095,0.00000000,252.49000000,110.45527285,2.28602351,0.75196294,0.51245178,0.67096672,257.14285714,0.98000000,-0.00541901,1.00541901,0
339,43999,0.25742793,0.00000000,226.11000000,110.81926818,2.04029955,0.65844948,0.43999992,0.56910499,226.36500000,1.00000000,0.00706478,0.99293522,0
340,44099,0.18306586,0.00000000,179.71000000,111.07887433,1.61777274,0.51163804,0.44217784,0.89402255,192.54838710,0.93000000,-0.00307820,1.00307820,0
341,44199,0.25950919,0.03122970,180.92000000,111.29407315,1.62558189,0.52586360,0.55417015,0.70889194,186.10824742,0.97000000,0.01182960,0.98817040,0
342,44299,0.24103630,0.02554947,190.24000000,111.51719630,1.70593878,0.54981404,0.51579679,0.77549580,193.81632653,0.98000000,0.02332234,0.97667766,0
343,44399,0.23913212,0.00000000,202.38000000,111.75659863,1.81086104,0.61528669,0.48706241,0.64132520,206.29591837,0.98000000,0.02159677,0.97840323,0
344,44499,0.29436169,0.00000000,210.89000000,112.05009789,1.88220346,0.68856098,0.55493575,0.64671582,214.96428571,0.98000000,0.00695967,0.99304033,0
345,44599,0.23913617,0.00000000,212.36000000,112.32537230,1.89058092,0.60680460,0.47997498,0.60055992,214.63636364,0.99000000,0.01749433,0.98250567,0
346,44699,0.23374227,0.00000000,208.25000000,112.61749591,1.84924769,0.65449336,0.46754221,0.60508265,208.55500000,1.00000000,0.00387753,0.99612247,0
347,44799,0.22767815,0.00000000,194.15000000,112.87897205,1.72008447,0.55830731,0.52682844,0.58110577,194.40000000,1.00000000,0.01237005,0.98762995,0
348,44899,0.26722917,0.02475819,175.81000000,113.08076342,1.55478172,0.53009537,0.61687204,0.75486752,179.29591837,0.98000000,0.01233841,0.98766159,0
349,44999,0.23440125,0.01333594,187.64000000,113.26512615,1.65663628,0.53518397,0.46815694,0.60633022,191.30612245,0.98000000,0.01340787,0.98659213,0
350,45099,0.06426736,0.01356679,90.25000000,113.33570680,0.79632769,0.16933937,0.50347630,2.36782849,112.89610390,0.77000000,0.00164889,0.99835111,0
351,45199,0.12478575,0.02542365,120.59000000,113.29799897,1.06435645,0.28163014,0.62108040,1.48029908,138.34883721,0.86000000,-0.00123432,1.00123432,0
352,45299,0.17984459,0.02928707,154.77000000,113.38313873,1.36500842,0.41312619,0.47754416,0.70111420,157.85714286,0.98000000,0.02053131,0.97946869,0
353,45399,0.23061855,0.00000000,209.05000000,113.57859364,1.84056546,0.58903333,0.44799998,0.49390186,209.31000000,1.00000000,0.00816592,0.99183408,0
354,45499,0.23585903,0.00000000,220.05000000,113.87268640,1.93248897,0.58373608,0.49421246,0.69433057,222.18686869,0.99000000,0.00589634,0.99410366,0
355,45599,0.24750779,0.00000000,214.85000000,114.15321414,1.88209606,0.62461551,0.52362115,0.65280149,220.61340206,0.97000000,0.00557910,0.99442090,0
356,45699,0.28856541,0.00000000,242.11000000,114.47361092,2.11495492,0.72623326,0.44509057,0.56608889,251.81250000,0.96000000,0.00798010,0.99201990,0
357,45799,0.34717159,0.00713043,250.07000000,114.85647446,2.17735842,0.71150415,0.53937499,0.69062603,250.30500000,1.00000000,0.00574069,0.99425931,0
358,45899,0.25993312,0.00000000,225.92000000,115.18925573,1.96129885,0.67352674,0.48965340,0.64876465,226.22000000,1.00000000,0.02211949,0.97788051,0
359,45999,0.28883135,0.00000000,221.42000000,115.51629930,1.91699304,0.63021864,0.54695128,0.69365223,226.00000000,0.98000000,0.00568524,0.99431476,0
360,46099,0.14706901,0.00000000,143.88000000,115.63556156,1.24417649,0.33719043,0.53613204,1.68461955,162.45402299,0.87000000,-0.00452168,1.00452168,0
361,46199,0.21357887,0.00000000,196.76000000,115.83625965,1.69865349,0.54381561,0.52617457,0.73903446,200.48469388,0.98000000,0.00982213,0.99017787,0
362,46299,0.29741382,0.03043970,205.52000000,116.07570735,1.77065071,0.59132272,0.55801669,0.76630083,205.70500000,1.00000000,0.01566335,0.98433665,0
363,46399,0.19706799,0.00000000,213.92000000,116.31982055,1.83906016,0.58022006,0.42045016,0.62628135,218.27551020,0.98000000,0.01254615,0.98745385,0
364,46499,0.25557156,0.00000000,229.58000000,116.62614399,1.96864918,0.62265976,0.51182656,0.77758819,229.82500000,1.00000000,0.01420032,0.98579968,0
365,46599,0.22794520,0.00000000,215.59000000,116.89440320,1.84427475,0.60665062,0.46262284,0.66427760,215.83500000,1.00000000,0.01305993,0.98694007,0
366,46699,0.22465110,0.00000000,206.53000000,117.15741358,1.76284483,0.57982736,0.45953888,0.50564436,208.54040404,0.99000000,0.01418487,0.98581513,0
367,46799,0.18654624,0.00000000,200.40000000,117.38746249,1.70714571,0.50366878,0.47801877,0.58009597,208.07291667,0.96000000,-0.00113641,1.00113641,0
368,46899,0.30648058,0.00000000,227.83000000,117.65216619,1.93645384,0.65487981,0.48252832,0.54361190,228.06500000,1.00000000,0.00711089,0.99288911,0
369,46999,0.25767334,0.00914820,215.39000000,117.93566648,1.82633578,0.57905490,0.54724242,0.62514688,217.57070707,0.99000000,0.00014141,0.99985859,0
370,47099,0.00702927,0.00854405,51.80000000,117.98608700,0.43901764,0.03264260,0.59978986,4.90084523,69.07971014,0.69000000,0.00943773,0.99056227,0
371,47199,0.25712393,0.00000000,233.15000000,118.04420391,1.97511169,0.64202975,0.53592863,0.76886236,235.41414141,0.99000000,0.01521345,0.98478655,0
372,47299,0.23414548,0.00000000,206.26000000,118.33103965,1.74316905,0.54993107,0.51928370,0.71214586,210.26530612,0.98000000,0.00596923,0.99403077,0
373,47399,0.22641612,0.00000000,212.66000000,118.55561838,1.79372181,0.61239611,0.42710194,0.59389260,214.79797980,0.99000000,0.00454090,0.99545910,0
374,47499,0.18930728,0.00000000,206.59000000,118.79445976,1.73899509,0.56185162,0.45980443,0.56058716,212.80927835,0.97000000,0.01643879,0.98356121,0
375,47599,0.22953795,0.00000000,223.32000000,119.06796803,1.87562813,0.60303701,0.50864068,0.55115997,227.67346939,0.98000000,0.01354486,0.98645514,0
376,47699,0.22899403,0.00000000,204.70000000,119.30156166,1.71575363,0.59179639,0.48123690,0.56420206,204.91500000,1.00000000,0.01143954,0.98856046,0
377,47799,0.22698537,0.00000000,216.04000000,119.56176060,1.80698795,0.60801087,0.48512014,0.60274300,220.31122449,0.98000000,0.00281947,0.99718053,0
378,47899,0.23895113,0.00000000,210.97000000,119.79779765,1.76102693,0.58204785,0.53225859,0.59746347,214.91836735,0.98000000,0.01014504,0.98985496,0
379,47999,0.21111613,0.00000000,218.25000000,120.05335109,1.81795460,0.60200348,0.44486112,0.51457289,220.41919192,0.99000000,0.00259404,0.99740596,0
380,48099,0.09890293,0.00000000,129.74000000,120.16003304,1.07971466,0.30532907,0.56260992,2.26887036,163.36538462,0.78000000,0.01539426,0.98460574,0
381,48199,0.20907618,0.00000000,221.67000000,120.34560078,1.84199303,0.60246193,0.48242995,0.64354579,221.86500000,1.00000000,0.00710965,0.99289035,0
382,48299,0.19316028,0.00000000,206.80000000,120.57831514,1.71503377,0.54282847,0.49307456,0.65259421,208.84848485,0.99000000,0.00231688,0.99768312,0
383,48399,0.26160072,0.00000000,223.28000000,120.85738470,1.84765701,0.59774575,0.52644705,0.64930382,223.56000000,1.00000000,0.01333041,0.98666959,0
384,48499,0.20729985,0.00000000,212.99000000,121.08406018,1.75903261,0.52205438,0.54337354,0.71899503,217.11224490,0.98000000,0.00142887,0.99857113,0
385,48599,0.20552623,0.00000000,213.60000000,121.31801535,1.76063355,0.57134452,0.44942304,0.52764557,215.94444444,0.99000000,0.00570667,0.99429333,0
386,48699,0.21021368,0.00000000,227.85000000,121.58844487,1.87400601,0.66133271,0.46196510,0.59018220,230.38888889,0.99000000,0.01650887,0.98349113,0
387,48799,0.28202106,0.00000000,240.11000000,121.86832496,1.97023257,0.61846448,0.51949764,0.59938451,242.66666667,0.99000000,0.02286957,0.97713043,0
388,48899,0.25752435,0.01767501,200.01000000,122.11308863,1.63785801,0.52261263,0.59314160,0.69906360,204.05612245,0.98000000,-0.00512041,1.00512041,0
389,48999,0.20109217,0.00000000,211.18000000,122.34629111,1.72614246,0.50726178,0.48581976,0.60155559,215.45918367,0.98000000,-0.00032189,1.00032189,0
390,49099,0.12667059,0.00000000,140.17000000,122.44678982,1.14471926,0.31682577,0.53839014,2.22283263,168.65853659,0.82000000,-0.01452227,1.01452227,0
391,49199,0.12576071,0.00000000,187.28000000,122.58371725,1.52779414,0.45523431,0.48320326,0.68870874,190.85714286,0.98000000,0.01664775,0.98335225,0
392,49299,0.11099565,0.00000000,169.06000000,122.72606902,1.37755917,0.37633431,0.45237428,0.64324549,173.92783505,0.97000000,0.00908133,0.99091867,0
393,49399,0.17924652,0.00000000,188.86000000,122.85994019,1.53718233,0.44328552,0.44627101,0.57818081,192.54591837,0.98000000,0.01233902,0.98766098,0
394,49499,0.18531396,0.00000000,189.13000000,123.03491044,1.53722176,0.50119886,0.51928340,0.45269496,191.08080808,0.99000000,0.01083847,0.98916153,0
395,49599,0.16276549,0.01308236,159.70000000,123.17539375,1.29656210,0.34995888,0.54517877,0.77709515,167.15789474,0.95000000,0.00582323,0.99417677,0
396,49699,0.07774661,0.00000000,139.85000000,123.23188520,1.13485928,0.28971754,0.47225661,0.59965362,149.11290323,0.93000000,0.00964865,0.99035135,0
397,49799,0.13807173,0.00000000,166.02000000,123.30481873,1.34642723,0.40121351,0.48265341,0.58423497,176.02659574,0.94000000,0.00027217,0.99972783,0
398,49899,0.13219565,0.00000000,170.41000000,123.40668168,1.38085415,0.43492862,0.40688416,0.45368010,173.95918367,0.98000000,0.02376641,0.97623359,0
399,49999,0.09500174,0.00000000,153.76000000,123.50331140,1.24497066,0.31400030,0.44980099,0.44823650,156.64285714,0.98000000,0.00973198,0.99026802,0
400,50099,0.08253835,0.05255154,58.70000000,123.48675962,0.47530113,0.07971077,1.19978617,12.18826498,97.04629630,0.54000000,0.01778580,0.98221420,0
401,50199,0.08566691,0.08400470,77.94000000,123.34142584,0.63189196,0.14079060,0.83164119,10.79564549,109.66666667,0.66000000,-0.01690053,1.01690053,0
402,50299,0.24188417,0.15186001,171.96000000,123.28821669,1.39463744,0.37641107,1.03897935,10.84654583,189.77777778,0.90000000,0.02264792,0.97735208,0
403,50399,0.31620309,0.19246317,228.53000000,123.50802988,1.85020062,0.59366164,0.68849962,9.67034117,230.71212121,0.99000000,0.01311598,0.98688402,0
404,50499,0.25384289,0.21156880,206.19000000,123.73488751,1.66626309,0.50392747,0.57711087,6.43481760,212.26804124,0.97000000,-0.01138496,1.01138496,0
405,50599,0.34587541,0.24203627,254.16000000,124.01736713,2.04936653,0.64183415,0.74683932,6.38152903,256.73232323,0.99000000,0.00971136,0.99028864,0
406,50699,0.27759978,0.18245180,267.23000000,124.36064829,2.14886859,0.69554897,0.45847660,4.26283433,272.59183673,0.98000000,0.00310177,0.99689823,0
407,50799,0.30995788,0.21390478,235.98000000,124.67615204,1.89279745,0.57126278,0.60269746,5.34043441,236.29000000,1.00000000,0.04628859,0.95371141,0
408,50899,0.34943600,0.25445015,264.65000000,124.96773927,2.11767406,0.63390336,0.63943824,3.90070219,277.85789474,0.95000000,-0.02738682,1.02738682,0
409,50999,0.29448686,0.17097934,285.04000000,125.31943036,2.27427469,0.75834007,0.47359826,3.16298948,290.54081633,0.98000000,0.01135737,0.98864263,0
410,51099,0.20118632,0.13822357,214.75000000,125.60071034,1.70953365,0.51228266,0.62020213,5.03827884,235.03846154,0.91000000,-0.00470897,1.00470897,0
411,51199,0.24876197,0.07711094,251.36000000,125.90503021,1.99640982,0.63984228,0.44742246,2.89573625,253.93434343,0.99000000,-0.00121246,1.00121246,0
412,51299,0.47636595,0.14410352,296.77000000,126.26604476,2.35035435,0.81121952,0.61231904,2.53669448,299.90404040,0.99000000,0.00113691,0.99886309,0
413,51399,0.32069104,0.15695034,263.61000000,126.62333202,2.08171943,0.63790052,0.65698425,2.60195260,268.62755102,0.98000000,0.02060299,0.97939701,0
414,51499,0.26730127,0.08220219,269.85000000,127.00172271,2.12500306,0.68248167,0.48158293,2.33580571,272.60606061,0.99000000,0.01038828,0.98961172,0
415,51599,0.22361913,0.01794537,253.83000000,127.29277276,1.99400296,0.60608657,0.49639579,2.63811803,258.75000000,0.98000000,-0.00208078,1.00208078,0
416,51699,0.35021525,0.05572411,260.92000000,127.61361351,2.04461384,0.65340968,0.56673368,2.03896630,263.67676768,0.99000000,0.01095804,0.98904196,0
417,51799,0.34126322,0.03477579,297.60000000,127.96991054,2.32548590,0.70849610,0.50289895,2.44702876,297.86500000,1.00000000,0.01576334,0.98423666,0
418,51899,0.29930534,0.00000000,283.13000000,128.33972603,2.20586668,0.71530353,0.51825035,2.09198361,285.94949495,0.99000000,-0.00361740,1.00361740,0
419,51999,0.39121921,0.01797463,295.60000000,128.75374258,2.29591389,0.75579599,0.59039137,1.91886228,295.81500000,1.00000000,-0.00183738,1.00183738,0
420,52099,0.13170777,0.00000000,168.69000000,128.98491064,1.30781182,0.33908889,0.52995772,4.27450273,188.24719101,0.89000000,0.02286533,0.97713467,0
421,52199,0.23617211,0.00000000,253.17000000,129.18493601,1.95972119,0.64495789,0.42520055,2.16462562,258.10714286,0.98000000,0.00976855,0.99023145,0
422,52299,0.33086642,0.01330361,268.93000000,129.51628108,2.07655178,0.64222938,0.56844285,2.24002105,274.32142857,0.98000000,0.01228455,0.98771545,0
423,52399,0.28747824,0.00000000,260.57000000,129.82362890,2.00713742,0.63676922,0.53649560,2.19259252,263.36363636,0.99000000,-0.00204175,1.00204175,0
424,52499,0.30612854,0.00000000,328.11000000,130.19591749,2.52000075,0.72704620,0.49997417,1.96518837,331.53030303,0.99000000,0.00202359,0.99797641,0
425,52599,0.33814596,0.00000000,294.08000000,130.64100543,2.25113867,0.73713418,0.49745998,2.12666664,297.14141414,0.99000000,-0.01155539,1.01155539,0
426,52699,0.33308335,0.00000000,305.85000000,131.03575415,2.33415865,0.78930489,0.46876591,2.31647865,306.08000000,1.00000000,-0.00028304,1.00028304,0
427,52799,0.25643573,0.00000000,322.20000000,131.46458145,2.45093386,0.75741474,0.44270969,2.07023004,322.46500000,1.00000000,-0.00554688,1.00554688,0
428,52899,0.36234959,0.00000000,322.35000000,131.91958322,2.44371888,0.80829349,0.54283831,1.70354906,325.61616162,0.99000000,0.00806078,0.99193922,0
429,52999,0.29841261,0.00000000,329.50000000,132.34982285,2.48956425,0.80466122,0.41234797,1.53714202,332.83838384,0.99000000,-0.00180328,1.00180328,0
430,53099,0.33318161,0.03890794,233.35000000,132.65067413,1.75884956,0.59180501,0.61716921,2.71471537,261.13483146,0.89000000,0.01604380,0.98395620,0
431,53199,0.22483901,0.00000000,286.71000000,132.99600270,2.15577807,0.71326625,0.37091368,1.50562718,286.89000000,1.00000000,0.01436418,0.98563582,0
432,53299,0.35637684,0.00000000,322.65000000,133.39381741,2.41879093,0.76457220,0.51007803,1.41552149,329.26530612,0.98000000,0.00422543,0.99577457,0
433,53399,0.30212868,0.00000000,310.65000000,133.82886997,2.32137942,0.79290311,0.41540749,1.19669445,313.87878788,0.99000000,0.01108706,0.98891294,0
434,53499,0.31779450,0.00710829,263.58000000,134.18016912,1.96445691,0.66988644,0.55764618,1.49532642,263.80500000,1.00000000,0.01232393,0.98767607,0
435,53599,0.23415368,0.00000000,292.65000000,134.49736399,2.17586790,0.66885934,0.41521606,1.30212191,295.67171717,0.99000000,0.01285285,0.98714715,0
436,53699,0.28776099,0.01415587,258.27000000,134.80480156,1.91576681,0.59370637,0.55693332,1.40797346,258.53500000,1.00000000,0.02118057,0.97881943,0
437,53799,0.26633774,0.00000000,314.00000000,135.14921457,2.32318254,0.72918258,0.43914556,1.33824096,317.32828283,0.99000000,0.00326453,0.99673547,0
438,53899,0.38460957,0.00000000,346.44000000,135.63349514,2.55448164,0.82896739,0.51371292,1.30862108,346.73000000,1.00000000,0.00148890,0.99851110,0
439,53999,0.30149601,0.00000000,367.97000000,136.10374711,2.70344381,0.84806182,0.39190168,1.09553863,368.20500000,1.00000000,0.01990360,0.98009640,0
440,54099,0.25181496,0.00000000,280.25000000,136.49675130,2.05280838,0.63543852,0.53826202,2.45113759,297.48936170,0.94000000,0.01312322,0.98687678,0
441,54199,0.28217414,0.00000000,333.49000000,136.92335948,2.43553703,0.77678396,0.40689501,0.94824231,333.75000000,1.00000000,0.00346575,0.99653425,0
442,54299,0.28227702,0.00000000,316.56000000,137.35085428,2.30472225,0.75670680,0.41110930,0.90448364,319.76262626,0.99000000,0.00065044,0.99934956,0
443,54399,0.26574113,0.00000000,333.52000000,137.77992716,2.42069901,0.78957246,0.36353014,0.76304904,333.79500000,1.00000000,-0.00810269,1.00810269,0
444,54499,0.24078396,0.00000000,309.19000000,138.19532376,2.23738501,0.72335432,0.45548858,0.77315439,309.49500000,1.00000000,0.00313475,0.99686525,0
445,54599,0.26454069,0.00000000,305.31000000,138.57667253,2.20324582,0.68840275,0.41790390,0.92511237,305.59000000,1.00000000,-0.00296072,1.00296072,0
446,54699,0.30334048,0.00000000,333.30000000,138.98321605,2.39822153,0.78029230,0.47553596,0.93899504,333.54500000,1.00000000,0.00921386,0.99078614,0
447,54799,0.27298930,0.00000000,307.20000000,139.38524250,2.20401260,0.70740817,0.45541764,0.95433742,307.44500000,1.00000000,-0.00136073,1.00136073,0
448,54899,0.34380761,0.00000000,330.96000000,139.79985743,2.36757475,0.79053650,0.52974471,0.98919743,331.18500000,1.00000000,-0.00576344,1.00576344,0
449,54999,0.24769709,0.00000000,301.83000000,140.17232213,2.15327069,0.67788410,0.41734998,0.89171359,302.04000000,1.00000000,0.00330526,0.99669474,0
450,55099,0.21451616,0.00000000,278.26000000,140.45606554,1.98077231,0.60345528,0.52224670,1.94767708,289.61979167,0.96000000,0.00384495,0.99615505,0
451,55199,0.25080293,0.00000000,374.20000000,140.91959545,2.65545063,0.82871051,0.35904130,0.79273533,381.51020408,0.98000000,0.01307525,0.98692475,0
452,55299,0.29258580,0.00000000,324.78000000,141.35364819,2.29741903,0.70226365,0.47460471,1.14897351,325.07500000,1.00000000,0.00249169,0.99750831,0
453,55399,0.25134971,0.00000000,294.47000000,141.75160990,2.07738496,0.67636583,0.45077204,1.10492119,297.45959596,0.99000000,0.01661524,0.98338476,0
454,55499,0.22884803,0.00000000,335.42000000,142.12921371,2.35995902,0.73241142,0.41175506,0.87127321,335.67000000,1.00000000,0.01953728,0.98046272,0
455,55599,0.22965131,0.00000000,349.70000000,142.58928328,2.45269822,0.72759509,0.38061621,0.81844856,353.14646465,0.99000000,0.01318848,0.98681152,0
456,55699,0.35109617,0.00000000,324.61000000,143.00774292,2.26997967,0.71964866,0.56445403,0.91581972,328.05555556,0.99000000,0.00288690,0.99711310,0
457,55799,0.28138449,0.00000000,326.54000000,143.38072545,2.27730119,0.73880007,0.45033225,0.96583906,329.94444444,0.99000000,0.01288102,0.98711898,0
458,55899,0.29919613,0.00000000,336.19000000,143.81924606,2.33771532,0.75060275,0.46252896,0.75931724,336.43000000,1.00000000,0.00803517,0.99196483,0
459,55999,0.25054571,0.00000000,323.13000000,144.22264786,2.24060651,0.71361040,0.41848342,0.81258099,326.46464646,0.99000000,0.01904219,0.98095781,0
460,56099,0.11812757,0.00000000,178.36000000,144.47285842,1.23461375,0.30493351,0.58681607,3.56352217,194.99450549,0.91000000,0.01033210,0.98966790,0
461,56199,0.18792098,0.00000000,232.73000000,144.51897998,1.61015025,0.49469675,0.47500259,1.36629862,244.32631579,0.95000000,0.00531504,0.99468496,0
462,56299,0.21620645,0.00000000,327.71000000,144.86485897,2.26215984,0.73923546,0.36754646,0.93088120,327.92500000,1.00000000,0.00997340,0.99002660,0
463,56399,0.26577319,0.00000000,337.32000000,145.28588263,2.32189843,0.74176441,0.44899216,0.84837651,343.96938776,0.98000000,0.00964437,0.99035563,0
464,56499,0.28844110,0.00000000,338.90000000,145.68413389,2.32624291,0.73429908,0.41849283,0.95644162,345.89795918,0.98000000,0.02299526,0.97700474,0
465,56599,0.32581125,0.00000000,331.57000000,146.09341579,2.26957183,0.71570786,0.50265487,0.89214258,338.20408163,0.98000000,0.00514058,0.99485942,0
466,56699,0.22584461,0.00000000,326.29000000,146.46313616,2.22760992,0.64858078,0.40120005,0.62714357,335.91237113,0.97000000,0.00727475,0.99272525,0
467,56799,0.23202022,0.00000000,272.76000000,146.80960327,1.85789460,0.58854119,0.45538621,0.89942266,280.53092784,0.97000000,-0.00161505,1.00161505,0
468,56899,0.26151701,0.00000000,283.79000000,147.08944932,1.92934109,0.62657534,0.46279118,0.94664397,292.05670103,0.97000000,0.00067314,0.99932686,0
469,56999,0.18075246,0.00000000,248.77000000,147.34849424,1.68831178,0.55368438,0.48324939,0.89623336,251.21717172,0.99000000,0.00717699,0.99282301,0
470,57099,0.18841955,0.00000000,222.54000000,147.52604693,1.50844807,0.46756726,0.62305098,3.89033711,238.29569892,0.93000000,0.02293151,0.97706849,0
471,57199,0.07296936,0.00000000,138.82000000,147.62296705,0.94037153,0.21447190,0.67989408,3.79594323,169.21250000,0.80000000,-0.00005344,1.00005344,0
472,57299,0.18825154,0.00000000,261.41000000,147.71582724,1.76967758,0.52241182,0.49508742,1.10647030,266.61734694,0.98000000,-0.00428715,1.00428715,0
473,57399,0.23703322,0.00000000,254.73000000,147.93932247,1.72180113,0.54839325,0.47583000,0.93207964,257.26262626,0.99000000,0.01262401,0.98737599,0
474,57499,0.21929898,0.00000000,274.58000000,148.21772454,1.85266811,0.60939614,0.45532623,0.97296648,277.21717172,0.99000000,-0.00681010,1.00681010,0
475,57599,0.19161064,0.00000000,257.12000000,148.43186349,1.73218564,0.50665218,0.46439366,0.96728266,259.66666667,0.99000000,0.01288609,0.98711391,0
476,57699,0.23211047,0.00541178,244.32000000,148.65132423,1.64354737,0.48564236,0.56288252,1.04612105,244.59000000,1.00000000,0.00187879,0.99812121,0
477,57799,0.28812182,0.02316369,275.57000000,148.88009751,1.85088935,0.57137225,0.52686513,1.05222945,278.24747475,0.99000000,0.00953321,0.99046679,0
478,57899,0.23685373,0.00000000,275.32000000,149.14885886,1.84590257,0.59883887,0.49010660,0.97238307,275.57000000,1.00000000,0.01241691,0.98758309,0
479,57999,0.21921387,0.00000000,295.10000000,149.43990853,1.97470916,0.64630295,0.42458178,0.74251562,295.32500000,1.00000000,0.00643880,0.99356120,0
480,58099,0.17661506,0.06562884,151.26000000,149.59815883,1.01111659,0.27261770,0.77081700,5.21641990,172.02298851,0.87000000,-0.00232862,1.00232862,0
481,58199,0.19886499,0.09172943,200.26000000,149.65835457,1.33814617,0.38802479,0.79202189,4.91849508,226.01136364,0.88000000,0.01192668,0.98807332,0
482,58299,0.17121581,0.05008908,240.71000000,149.79818707,1.60691475,0.47322344,0.55974589,4.79366344,248.08762887,0.97000000,-0.00184386,1.00184386,0
483,58399,0.21227617,0.07102549,219.38000000,149.98285705,1.46277236,0.42459056,0.68026916,4.40863131,230.25263158,0.95000000,-0.01088945,1.01088945,0
484,58499,0.18651386,0.09295717,185.01000000,150.06536198,1.23286318,0.37875620,0.66119610,4.26800543,196.04255319,0.94000000,0.00334031,0.99665969,0
485,58599,0.15961474,0.12931997,163.19000000,150.13879398,1.08694490,0.31140156,0.63760061,3.83943024,181.11235955,0.89000000,-0.00082252,1.00082252,0
486,58699,0.11105476,0.10648731,181.89000000,150.16174297,1.21129582,0.32840386,0.49837023,2.82832093,195.90760870,0.92000000,0.01842663,0.98157337,0
487,58799,0.16936066,0.11721286,192.61000000,150.22323801,1.28213217,0.37207120,0.70265988,2.07204582,214.88764045,0.89000000,-0.00951014,1.00951014,0
488,58899,0.15313414,0.06809368,243.52000000,150.37211197,1.61942376,0.46344217,0.49295159,0.74839041,246.04040404,0.99000000,0.02676806,0.97323194,0
489,58999,0.26542296,0.08142526,263.07000000,150.60315915,1.74684782,0.55781459,0.56614650,0.86613376,265.81313131,0.99000000,0.00750534,0.99249466,0
490,59099,0.17206282,0.06366627,214.44000000,150.77924299,1.42224467,0.43915879,0.58797261,3.14831863,230.24193548,0.93000000,0.01517290,0.98482710,0
491,59199,0.12163705,0.04717156,173.51000000,150.84086848,1.15027395,0.32362216,0.52877015,1.81250423,184.04255319,0.94000000,0.01551422,0.98448578,0
492,59299,0.22847649,0.04626374,246.42000000,150.98371257,1.63212682,0.50475826,0.47720612,0.97155640,249.00000000,0.99000000,0.00453696,0.99546304,0
493,59399,0.21416602,0.00000000,293.87000000,151.20883744,1.94341658,0.60605260,0.44018280,0.83080054,294.12500000,1.00000000,0.00382493,0.99617507,0
494,59499,0.25146052,0.00000000,282.13000000,151.50569454,1.86224046,0.56779666,0.45737998,0.78949363,284.97979798,0.99000000,0.01796521,0.98203479,0
495,59599,0.19388146,0.00000000,274.37000000,151.76659802,1.80792993,0.53277273,0.48351425,0.71611384,277.14646465,0.99000000,-0.00077588,1.00077588,0
496,59699,0.25647437,0.00000000,266.76000000,151.96989826,1.75524929,0.57808223,0.55563230,0.81629876,267.01000000,1.00000000,0.00842959,0.99157041,0
497,59799,0.23365043,0.00000000,295.96000000,152.24722233,1.94392980,0.62339714,0.43997544,0.83469721,296.18500000,1.00000000,0.01035723,0.98964277,0
498,59899,0.28161316,0.00830247,285.14000000,152.53698120,1.86937677,0.58852737,0.55662294,0.77531758,285.37500000,1.00000000,0.00014925,0.99985075,0
499,59999,0.21998269,0.00000000,281.92000000,152.77620869,1.84524189,0.58482689,0.46158229,0.74181346,284.93939394,0.99000000,0.01288044,0.98711956,0
500,60099,0.14257380,0.00000000,194.10000000,152.96327317,1.26894220,0.38606629,0.49002320,2.34655077,207.53225806,0.93000000,0.01508365,0.98491635,0
501,60199,0.19031245,0.03773817,190.86000000,153.01882587,1.24726988,0.35780143,0.66374103,2.23536663,196.39690722,0.97000000,-0.00432729,1.00432729,0
502,60299,0.21428649,0.00370093,267.83000000,153.19580370,1.74831710,0.53558722,0.47444234,0.77524066,278.39062500,0.96000000,0.00740333,0.99259667,0
503,60399,0.21766686,0.00000000,287.62000000,153.44746334,1.87444572,0.59716301,0.46448708,0.78638316,293.10714286,0.98000000,0.00279263,0.99720737,0
504,60499,0.28085846,0.00000000,304.73000000,153.72509633,1.98233923,0.61132998,0.51012689,0.80648662,313.60309278,0.97000000,0.00938314,0.99061686,0
505,60599,0.22786218,0.00000000,297.43000000,154.01374649,1.93120509,0.58358661,0.43587946,0.75896176,300.38888889,0.99000000,0.01015493,0.98984507,0
506,60699,0.28175906,0.00000000,347.19000000,154.34993334,2.24942146,0.66863544,0.46057507,0.63331887,347.45000000,1.00000000,0.00283976,0.99716024,0
507,60799,0.26553370,0.00000000,284.64000000,154.66525851,1.84037498,0.61949861,0.57332141,0.86158233,284.87000000,1.00000000,0.01489438,0.98510562,0
508,60899,0.19478295,0.00000000,291.18000000,154.92215961,1.87951368,0.54504031,0.43487534,0.70229297,294.17676768,0.99000000,0.00763715,0.99236285,0
509,60999,0.18511381,0.00000000,258.01000000,155.15881289,1.66287599,0.49562649,0.46184846,0.72192548,260.72222222,0.99000000,0.00648940,0.99351060,0
510,61099,0.17384403,0.01181296,194.40000000,155.27145497,1.25196224,0.37375794,0.65592613,2.15598615,217.13483146,0.89000000,0.01229686,0.98770314,0
511,61199,0.20262525,0.00000000,283.13000000,155.46262742,1.82121202,0.59961492,0.41816752,0.68246159,283.38500000,1.00000000,0.00984927,0.99015073,0
512,61299,0.28325751,0.00000000,318.64000000,155.75430147,2.04584649,0.66316004,0.55339177,0.67023157,318.91000000,1.00000000,-0.00552078,1.00552078,0
513,61399,0.22375849,0.00000000,319.85000000,156.05178370,2.04956049,0.64351073,0.44101012,0.63618392,320.11000000,1.00000000,0.00816476,0.99183524,0
514,61499,0.23179667,0.00000000,290.32000000,156.33554202,1.85693280,0.58715318,0.49258126,0.60482339,290.59500000,1.00000000,0.00672115,0.99327885,0
515,61599,0.29571119,0.00000000,334.29000000,156.66937014,2.13382799,0.70196203,0.49521283,0.67962542,340.86734694,0.98000000,0.00744295,0.99255705,0
516,61699,0.19085168,0.00000000,257.74000000,156.91888294,1.64247713,0.47982339,0.50726431,0.68396728,257.97000000,1.00000000,-0.00101773,1.00101773,0
517,61799,0.24152430,0.00000000,273.45000000,157.14437468,1.74015829,0.56003667,0.53320138,0.70525682,276.19191919,0.99000000,0.01360877,0.98639123,0
518,61899,0.21729704,0.00000000,307.75000000,157.40256455,1.95523684,0.58615567,0.43020852,0.71992860,308.00500000,1.00000000,0.00186267,0.99813733,0
519,61999,0.20082812,0.00000000,269.45000000,157.65991784,1.70912118,0.53013749,0.49033016,0.75883476,274.73979592,0.98000000,0.00694843,0.99305157,0
520,62099,0.09352948,0.00000000,151.21000000,157.78245815,0.95834382,0.23573694,0.54077456,3.02040547,183.32098765,0.81000000,0.00150293,0.99849707,0
521,62199,0.05800497,0.00000000,147.73000000,157.72068298,0.93666700,0.21389788,0.57486660,2.38961754,165.44886364,0.88000000,0.00802621,0.99197379,0
522,62299,0.17415080,0.03578295,176.59000000,157.75017971,1.11944154,0.31985317,0.69607353,2.96166321,192.57692308,0.91000000,-0.00932284,1.00932284,0
523,62399,0.11440812,0.03578055,176.98000000,157.78279125,1.12168020,0.29222624,0.61489712,2.45022047,210.67469880,0.83000000,0.01242996,0.98757004,0
524,62499,0.27014003,0.04093737,298.00000000,157.92993503,1.88692689,0.57949255,0.57464739,0.76625875,298.25000000,1.00000000,0.00836568,0.99163432,0
525,62599,0.22252753,0.00000000,299.66000000,158.19288498,1.89425149,0.58120274,0.47136889,0.60742801,299.91000000,1.00000000,0.01644928,0.98355072,0
526,62699,0.23122858,0.00000000,271.80000000,158.44125397,1.71547698,0.51501052,0.48631208,0.79221511,279.72164948,0.97000000,-0.00150799,1.00150799,0
527,62799,0.24328678,0.00000000,284.31000000,158.65948957,1.79192092,0.57823959,0.54206029,0.69957496,289.89795918,0.98000000,0.00741012,0.99258988,0
528,62899,0.21532640,0.00000000,316.87000000,158.94207808,1.99367387,0.62022182,0.44003628,0.68080811,317.11500000,1.00000000,-0.00277722,1.00277722,0
529,62999,0.20406681,0.00000000,283.85000000,159.19208689,1.78302538,0.54657758,0.51349331,0.69865251,284.12500000,1.00000000,0.01646190,0.98353810,0
530,63099,0.12299961,0.00000000,183.34000000,159.32917149,1.15069544,0.31270627,0.69143446,3.60165085,200.15384615,0.91000000,-0.00422788,1.00422788,0
531,63199,0.12811079,0.00000000,191.39000000,159.35114418,1.20100960,0.38386682,0.47398846,1.00504366,229.32530120,0.83000000,-0.00772965,1.00772965,0
532,63299,0.21643786,0.00000000,296.84000000,159.56285329,1.86038835,0.60994850,0.49864167,0.58863113,302.39795918,0.98000000,0.00705843,0.99294157,0
533,63399,0.19411469,0.00000000,292.51000000,159.79094362,1.83049922,0.59693413,0.44747485,0.78908584,292.74500000,1.00000000,0.00914476,0.99085524,0
534,63499,0.20695062,0.00000000,302.86000000,160.06206291,1.89213126,0.58245476,0.49586409,0.55993273,303.07000000,1.00000000,0.02301338,0.97698662,0
535,63599,0.22950550,0.00000000,310.76000000,160.33934056,1.93814694,0.62798720,0.49242732,0.55235997,314.00505051,0.99000000,0.00674474,0.99325526,0
536,63699,0.15886960,0.00000000,296.29000000,160.61115867,1.84479813,0.59678160,0.46070704,0.47544524,296.59000000,1.00000000,0.00180295,0.99819705,0
537,63799,0.25176739,0.00000000,309.56000000,160.87157882,1.92427791,0.65955611,0.47453307,0.62811821,312.68181818,0.99000000,0.01008972,0.98991028,0
538,63899,0.26839358,0.00000000,337.42000000,161.16933002,2.09355871,0.70160150,0.48503476,0.58666125,337.63500000,1.00000000,0.00086953,0.99913047,0
539,63999,0.22928964,0.00000000,297.60000000,161.47443912,1.84308429,0.57206465,0.51669797,0.54375321,300.47979798,0.99000000,0.01098076,0.98901924,0
540,64099,0.04411351,0.00000000,103.74000000,161.55512577,0.64210113,0.12413154,0.67726913,3.13607726,144.20000000,0.70000000,0.01297043,0.98702957,0
541,64199,0.22019818,0.00000000,309.02000000,161.62272681,1.91201591,0.64471115,0.43351675,0.66557941,312.14141414,0.99000000,0.00887867,0.99112133,0
542,64299,0.24346280,0.00000000,306.72000000,161.89221079,1.89462604,0.59508884,0.54213141,0.58743891,307.01000000,1.00000000,-0.00666440,1.00666440,0
543,64399,0.18560294,0.00000000,279.66000000,162.11809777,1.72499468,0.53413513,0.49132787,0.75034964,285.19387755,0.98000000,-0.00222695,1.00222695,0
544,64499,0.20668730,0.00000000,259.49000000,162.32899938,1.59855732,0.48957358,0.53053287,0.78651821,259.75500000,1.00000000,0.00786718,0.99213282,0
545,64599,0.16476180,0.00000000,308.07000000,162.55361567,1.89521821,0.63453287,0.38261404,0.54400797,308.36000000,1.00000000,0.01609050,0.98390950,0
546,64699,0.18395798,0.00000000,298.59000000,162.80063504,1.83405910,0.57382581,0.47273298,0.54208082,298.85000000,1.00000000,0.01433191,0.98566809,0
547,64799,0.21024877,0.00000000,294.70000000,163.04094032,1.80747743,0.57250098,0.46188585,0.51230736,297.62626263,0.99000000,0.00718416,0.99281584,0
548,64899,0.19079644,0.00000000,305.58000000,163.32116296,1.87115061,0.59399881,0.44360701,0.50978269,308.68181818,0.99000000,0.01318474,0.98681526,0
549,64999,0.13764393,0.00000000,276.16000000,163.52793794,1.68874590,0.54718372,0.51724057,0.62258833,284.25773196,0.97000000,-0.00384226,1.00384226,0
550,65099,0.20177116,0.00000000,231.80000000,163.68134086,1.41613093,0.47030525,0.53159627,1.94673929,265.35632184,0.87000000,-0.00194077,1.00194077,0
551,65199,0.13748526,0.00000000,222.82000000,163.82731805,1.36012763,0.37985234,0.50899039,0.60274049,225.06565657,0.99000000,-0.00162959,1.00162959,0
552,65299,0.15423989,0.00000000,256.12000000,163.94895626,1.56219554,0.45737512,0.45626368,0.54255180,261.37755102,0.98000000,0.00170025,0.99829975,0
553,65399,0.16905833,0.00000000,253.47000000,164.10300159,1.54454749,0.45989913,0.51012179,0.57865619,258.25000000,0.98000000,0.02687140,0.97312860,0
554,65499,0.13487814,0.00000000,270.56000000,164.27233104,1.64695360,0.55051551,0.39593857,0.48587911,281.17187500,0.96000000,0.02192142,0.97807858,0
555,65599,0.18642280,0.00000000,233.96000000,164.45266672,1.42267057,0.45919263,0.52895936,0.54266489,236.38383838,0.99000000,0.01698111,0.98301889,0
556,65699,0.19622684,0.00000000,264.71000000,164.58697010,1.60828023,0.49420521,0.49828331,0.57759723,267.53030303,0.99000000,-0.00053231,1.00053231,0
557,65799,0.17681958,0.00000000,234.05000000,164.75727957,1.42058867,0.44034958,0.49318377,0.58630340,238.76020408,0.98000000,0.01007009,0.98992991,0
558,65899,0.18255750,0.00000000,266.30000000,164.91637649,1.61480095,0.45812153,0.50351853,0.60547389,266.51500000,1.00000000,0.00209934,0.99790066,0
559,65999,0.22667779,0.00000000,312.93000000,165.12913554,1.89506675,0.62124592,0.48117883,0.49111395,313.21500000,1.00000000,0.01395558,0.98604442,0
560,66099,0.05392684,0.00000000,165.54000000,165.25656216,1.00171926,0.22322994,0.38466262,2.27405204,171.99479167,0.96000000,0.01199128,0.98800872,0
561,66199,0.10252347,0.00484597,153.99000000,165.25293501,0.93184882,0.23669748,0.52523348,1.45264620,165.55978261,0.92000000,-0.01289852,1.01289852,0
562,66299,0.05160625,0.00549865,112.88000000,165.20116702,0.68328548,0.13856047,0.71007981,2.09730728,141.73376623,0.77000000,0.00630010,0.99369990,0
563,66399,0.15495518,0.00000000,234.30000000,165.18351122,1.41836236,0.39442902,0.54832254,0.86382621,264.27272727,0.88000000,0.02644370,0.97355630,0
564,66499,0.16904295,0.00000000,263.92000000,165.36187898,1.59603037,0.47549334,0.48422894,0.63965342,269.21428571,0.98000000,-0.00317559,1.00317559,0
565,66599,0.18489774,0.00000000,299.39000000,165.54767423,1.80840709,0.56666520,0.43884950,0.62633553,299.64000000,1.00000000,0.01213228,0.98786772,0
566,66699,0.19413915,0.00000000,268.96000000,165.76937523,1.62248251,0.50457555,0.52952865,0.64202430,269.24000000,1.00000000,0.01879464,0.98120536,0
567,66799,0.21694295,0.00000000,293.23000000,165.98648886,1.76663948,0.55299680,0.51463049,0.77145076,299.02551020,0.98000000,0.01004215,0.98995785,0
568,66899,0.16852893,0.00000000,263.07000000,166.17774507,1.58308076,0.45538724,0.50902852,0.76305157,265.77272727,0.99000000,0.01033043,0.98966957,0
569,66999,0.19765907,0.00000000,279.41000000,166.35577648,1.67958370,0.56073648,0.44041832,0.69789688,282.22222222,0.99000000,-0.00108317,1.00108317,0
570,67099,0.07569217,0.01004603,94.32000000,166.43299904,0.56662879,0.15507073,0.98004164,4.35105548,195.98913043,0.46000000,0.02205800,0.97794200,0
571,67199,0.02367647,0.00931551,82.64000000,166.25606511,0.49708277,0.08297583,0.59339837,5.14104250,124.32258065,0.62000000,0.03092255,0.96907745,0
572,67299,0.02274784,0.01197796,85.48000000,166.12031887,0.51456199,0.06300265,0.54954709,4.40492721,109.69333333,0.75000000,0.01532331,0.98467669,0
573,67399,0.03658552,0.02625351,73.68000000,165.96605743,0.44395050,0.06519229,0.58446142,4.27633382,103.41044776,0.67000000,0.00802555,0.99197445,0
574,67499,0.01584946,0.02931374,60.54000000,165.78967630,0.36518272,0.03879036,0.63481304,3.63772156,89.23809524,0.63000000,-0.00165307,1.00165307,0
575,67599,0.01488729,0.03156411,57.57000000,165.61250678,0.34760800,0.04585972,0.67215590,4.27669429,97.85849057,0.53000000,0.01697592,0.98302408,0
576,67699,0.01843101,0.03044201,79.69000000,165.43915266,0.48169583,0.06564158,0.56678707,3.18721111,117.65079365,0.63000000,0.02115495,0.97884505,0
577,67799,0.01558220,0.02702233,68.45000000,165.28922734,0.41410192,0.05381834,0.53700607,3.57723113,103.04098361,0.61000000,0.00914917,0.99085083,0
578,67899,0.00212662,0.02351338,49.75000000,165.10218136,0.30131888,0.01700232,0.57219663,4.03239321,92.27659574,0.47000000,0.00181227,0.99818773,0
579,67999,0.01978659,0.02808464,61.17000000,164.90712022,0.37094956,0.06290126,0.61284875,4.17833786,111.92857143,0.49000000,0.00566826,0.99433174,0
580,68099,0.09838689,0.00668463,161.36000000,164.79062842,0.97919393,0.25725030,0.55412045,2.40475172,192.03012048,0.83000000,0.02908205,0.97091795,0
581,68199,0.14626705,0.00000000,280.19000000,164.90060914,1.69910559,0.50142435,0.37582238,0.62887453,280.49000000,1.00000000,0.04652696,0.95347304,0
582,68299,0.18367350,0.00000000,294.59000000,165.11821537,1.78410656,0.56281476,0.43958200,0.81953978,297.57575758,0.99000000,0.01377774,0.98622226,0
583,68399,0.23210352,0.00000000,271.62000000,165.31574663,1.64301227,0.53958635,0.50942125,0.69633117,282.72395833,0.96000000,0.00111089,0.99888911,0
584,68499,0.19599759,0.00346736,246.59000000,165.47755500,1.49015650,0.45167192,0.57031034,0.72624824,249.17676768,0.99000000,0.00290520,0.99709480,0
585,68599,0.15991361,0.00000000,285.11000000,165.64273737,1.72118603,0.53660828,0.42281296,0.64202241,288.05050505,0.99000000,0.01139454,0.98860546,0
586,68699,0.16709624,0.00000000,267.27000000,165.84870901,1.61155211,0.46582668,0.55343575,0.69399738,270.03030303,0.99000000,0.00217267,0.99782733,0
587,68799,0.15590773,0.00000000,264.13000000,166.02789396,1.59093126,0.48242899,0.45955684,0.60968537,271.86597938,0.97000000,0.02419425,0.97580575,0
588,68899,0.16629987,0.00000000,294.80000000,166.21136885,1.77367240,0.54803534,0.43934312,0.55585860,297.86363636,0.99000000,0.00995284,0.99004716,0
589,68999,0.23464408,0.00000000,301.94000000,166.43683853,1.81417588,0.58873391,0.51465046,0.57234134,308.06122449,0.98000000,-0.00079072,1.00079072,0
590,69099,0.12076630,0.03601552,134.26000000,166.52658741,0.80623761,0.19826376,0.87367225,4.54022750,184.90845070,0.71000000,-0.02507874,1.02507874,0
591,69199,0.12069840,0.00603183,178.38000000,166.46162093,1.07158918,0.32854431,0.41647387,1.01662819,218.91875000,0.80000000,0.02003675,0.97996325,0
592,69299,0.17788896,0.00000000,283.49000000,166.60072563,1.70158004,0.52760984,0.46809099,0.62472910,286.43434343,0.99000000,0.01493302,0.98506698,0
593,69399,0.25489685,0.00000000,345.08000000,166.86246042,2.06808204,0.68590317,0.45658726,0.53810019,345.33500000,1.00000000,0.00710639,0.99289361,0
594,69499,0.24597876,0.00000000,326.03000000,167.14252549,1.95061772,0.62546160,0.54356129,0.59050928,326.29500000,1.00000000,0.00993097,0.99006903,0
595,69599,0.25202000,0.00000000,332.34000000,167.43370362,1.98502487,0.66935238,0.46627142,0.61606372,338.74489796,0.98000000,0.00696026,0.99303974,0
596,69699,0.22911825,0.00000000,332.07000000,167.68159538,1.98031355,0.64775660,0.45967784,0.65137197,335.45959596,0.99000000,0.01815610,0.98184390,0
597,69799,0.23720942,0.00000000,331.34000000,167.96148642,1.97269988,0.62928526,0.50902626,0.59910129,341.15979381,0.97000000,0.01418928,0.98581072,0
598,69899,0.26441628,0.00000000,304.82000000,168.23083522,1.81199076,0.60064916,0.52007017,0.70237264,307.94444444,0.99000000,0.00416248,0.99583752,0
599,69999,0.17768564,0.00000000,317.90000000,168.46351982,1.88710599,0.62758664,0.43039701,0.51767352,318.14500000,1.00000000,0.01399780,0.98600220,0
600,70099,0.18429531,0.00000000,246.77000000,168.60762109,1.46348123,0.47794464,0.55340502,1.88967701,278.93181818,0.88000000,0.00276654,0.99723346,0
601,70199,0.15861733,0.00000000,272.36000000,168.80185727,1.61351431,0.50453982,0.53149296,0.73076068,275.18181818,0.99000000,0.01424391,0.98575609,0
602,70299,0.19326510,0.00000000,287.37000000,168.98476441,1.70059181,0.55486198,0.49229977,0.64989457,293.02551020,0.98000000,0.00877764,0.99122236,0
603,70399,0.19067137,0.00000000,283.47000000,169.16323399,1.67568584,0.51146717,0.53237929,0.69585018,286.33838384,0.99000000,0.00594167,0.99405833,0
604,70499,0.21801713,0.00000000,296.88000000,169.38145618,1.75277190,0.59474528,0.50661827,0.64646079,297.16500000,1.00000000,-0.00386789,1.00386789,0
605,70599,0.21643387,0.00000000,320.16000000,169.59914915,1.88773103,0.59853008,0.53093401,0.68091174,323.23232323,0.99000000,0.01891173,0.98108827,0
606,70699,0.20326436,0.00000000,316.26000000,169.84019050,1.86207095,0.58634195,0.44415925,0.55107218,319.48484848,0.99000000,0.01024602,0.98975398,0
607,70799,0.20544531,0.00000000,333.08000000,170.11935030,1.95802103,0.58386585,0.47540203,0.55077567,333.34000000,1.00000000,0.00127788,0.99872212,0
608,70899,0.21229503,0.00000000,327.59000000,170.38840364,1.92273373,0.64168380,0.45217932,0.64570291,331.01515152,0.99000000,0.01561253,0.98438747,0
609,70999,0.16053940,0.00000000,299.67000000,170.60308297,1.75654703,0.56313148,0.51562528,0.65134257,302.69696970,0.99000000,0.01069307,0.98930693,0
610,71099,0.10783967,0.00901063,159.87000000,170.67411437,0.93671419,0.23818301,0.52131981,1.85741782,192.08536585,0.82000000,-0.02207128,1.02207128,0
611,71199,0.24582554,0.00000000,316.00000000,170.82797541,1.84991880,0.61357028,0.53521721,0.68007880,319.11111111,0.99000000,0.01323740,0.98676260,0
612,71299,0.19650380,0.00000000,275.11000000,171.00678411,1.60875111,0.54640545,0.51866834,0.64517776,277.97474747,0.99000000,-0.00781262,1.00781262,0
613,71399,0.20373609,0.00000000,318.20000000,171.22214875,1.85843902,0.58853109,0.42874774,0.53606857,321.57070707,0.99000000,-0.00222451,1.00222451,0
614,71499,0.18470400,0.00000000,271.53000000,171.43048667,1.58395417,0.49889960,0.52357485,0.70002010,276.95918367,0.98000000,0.01722375,0.98277625,0
615,71599,0.12028319,0.00000000,252.73000000,171.56960864,1.47306313,0.42808599,0.40393267,0.67435603,255.46969697,0.99000000,0.01426715,0.98573285,0
616,71699,0.17519610,0.00000000,258.60000000,171.70008014,1.50611339,0.46624768,0.46702917,0.71208198,258.78000000,1.00000000,0.00768786,0.99231214,0
617,71799,0.20911958,0.00000000,269.14000000,171.86162332,1.56606863,0.46663449,0.50571677,0.64593849,277.40721649,0.97000000,0.00090162,0.99909838,0
618,71899,0.18509505,0.00000000,275.38000000,172.01647755,1.60091103,0.48484456,0.48782397,0.62737841,280.77551020,0.98000000,-0.00637242,1.00637242,0
619,71999,0.14673220,0.00000000,255.36000000,172.15838129,1.48327541,0.44417164,0.49757704,0.70602997,262.69072165,0.97000000,0.01548364,0.98451636,0
620,72099,0.12032548,0.03332907,158.99000000,172.20208791,0.92329199,0.20706738,0.82296647,4.45802583,184.35294118,0.85000000,-0.00514416,1.00514416,0
621,72199,0.15216269,0.00000000,240.81000000,172.23228165,1.39810141,0.44064304,0.43506346,1.31249424,269.66292135,0.89000000,0.01132075,0.98867925,0
622,72299,0.21049882,0.00000000,276.97000000,172.39854358,1.60655307,0.52703104,0.49789740,0.67064502,282.34183673,0.98000000,0.01765291,0.98234709,0
623,72399,0.17849411,0.00000000,270.31000000,172.57935792,1.56634117,0.48466077,0.49722593,0.59931870,278.55154639,0.97000000,0.01558419,0.98441581,0
624,72499,0.14534798,0.00000000,244.69000000,172.71264418,1.41677568,0.42833594,0.48330485,0.63134325,251.61855670,0.97000000,0.02114108,0.97885892,0
625,72599,0.21909595,0.00406902,267.36000000,172.83344122,1.54692069,0.50039053,0.51684833,0.68912095,283.47872340,0.94000000,-0.00475872,1.00475872,0
626,72699,0.20281073,0.00000000,268.69000000,172.99141046,1.55321535,0.48078660,0.56006920,0.84692441,279.36979167,0.96000000,0.01011315,0.98988685,0
627,72799,0.16122886,0.00000000,267.92000000,173.14792392,1.54737642,0.50010011,0.47527531,0.72535176,273.25510204,0.98000000,-0.00176818,1.00176818,0
628,72899,0.16795185,0.00000000,281.13000000,173.30130434,1.62220935,0.53374041,0.46397190,0.71203869,289.62371134,0.97000000,0.01406731,0.98593269,0
629,72999,0.16642851,0.00000000,261.99000000,173.45337106,1.51042805,0.50270433,0.50449569,0.79115323,269.81958763,0.97000000,0.02581909,0.97418091,0
630,73099,0.12439087,0.00044940,195.27000000,173.52781961,1.12528915,0.30860450,0.54121365,2.66410838,218.67415730,0.89000000,0.00479162,0.99520838,0
631,73199,0.12778916,0.00000000,237.07000000,173.61723116,1.36548844,0.39205372,0.49844644,0.82315199,237.32500000,1.00000000,0.00811977,0.99188023,0
632,73299,0.12833376,0.00000000,228.72000000,173.71878793,1.31663734,0.40981305,0.45975303,0.84698005,233.21428571,0.98000000,0.00538069,0.99461931,0
633,73399,0.07214809,0.00000000,172.31000000,173.75835155,0.99166864,0.24726465,0.53032975,1.06920869,187.82417582,0.91000000,0.02769022,0.97230978,0
634,73499,0.08094141,0.00000000,165.27000000,173.73279434,0.95129541,0.23102570,0.45460553,0.90545478,176.44623656,0.93000000,0.00279462,0.99720538,0
635,73599,0.07063897,0.00000000,186.33000000,173.73436777,1.07250040,0.25106475,0.50123638,0.85218476,197.25531915,0.94000000,0.02415890,0.97584110,0
636,73699,0.09124514,0.00000000,202.01000000,173.77811791,1.16246612,0.28588047,0.48286212,0.90841778,212.02105263,0.95000000,0.00471512,0.99528488,0
637,73799,0.11087992,0.00000000,228.98000000,173.84716151,1.31714962,0.35938071,0.40754654,0.70811256,233.50510204,0.98000000,0.01026410,0.98973590,0
638,73899,0.14326504,0.01943942,201.21000000,173.90847117,1.15699488,0.31225400,0.53690523,0.78055346,211.08421053,0.95000000,0.02355113,0.97644887,0
639,73999,0.07632519,0.01425582,167.05000000,173.92758681,0.96046078,0.18594286,0.53747057,0.70589497,173.57291667,0.96000000,-0.00954533,1.00954533,0
640,74099,0.09700492,0.00000000,189.07000000,173.91738098,1.08712766,0.28051099,0.48490822,1.30243047,228.13414634,0.82000000,0.01004399,0.98995601,0
641,74199,0.07789398,0.00000000,184.36000000,173.95111318,1.05984269,0.21771863,0.48804903,0.85693963,194.86702128,0.94000000,0.00003487,0.99996513,0
642,74299,0.12214313,0.00000000,207.91000000,173.98093563,1.19501839,0.31744231,0.44489279,0.84532835,214.02061856,0.97000000,0.00846421,0.99153579,0
643,74399,0.08994899,0.00000000,195.92000000,174.02751247,1.12580379,0.30788789,0.48255579,0.63135604,199.61734694,0.98000000,0.00558585,0.99441415,0
644,74499,0.10509999,0.00000000,213.23000000,174.07685037,1.22492698,0.32391318,0.50131323,0.70099620,225.40957447,0.94000000,0.00801233,0.99198767,0
645,74599,0.16582357,0.02656011,210.79000000,174.12682554,1.21055122,0.32016758,0.59201080,0.85149959,214.84693878,0.98000000,0.00887684,0.99112316,0
646,74699,0.12228782,0.00000000,228.75000000,174.20587141,1.31311168,0.36849288,0.46882791,0.73422051,233.12755102,0.98000000,0.01692853,0.98307147,0
647,74799,0.12488654,0.00000000,225.97000000,174.29306940,1.29651185,0.38177331,0.50716977,0.83590953,228.21717172,0.99000000,0.00246458,0.99753542,0
