step,surprise_raw,surprise_clipped,state_action_pseudo_count,familiarity,e_t,block_E_k,W_k,block_completed,warmup_remaining,regime_change,mean_total_var,mean_epistemic_var,raw_residual_mse,raw_delta_state_mse,raw_reward_sq_error,mean_total_var_raw,mean_epistemic_var_raw,gradient_coherence,gradient_novelty,predictor_nll
0,11.24195766,11.24195766,0,0.00000000,0.00000000,nan,0.00000000,0,9999,0,1.00550735,0.00039977,11.29679966,11.94522476,0.27356997,1.00550735,0.00039977,nan,nan,117.99497604
100,0.65440953,0.65440953,0,0.00000000,0.00000000,nan,0.00000000,0,9899,0,1.02723944,0.00473520,24.10471153,25.47724533,0.77164304,34.99879837,0.20316990,0.06246233,0.93753767,22.84403610
200,1.06604433,1.06604433,0,0.00000000,0.00000000,nan,0.00000000,0,9799,0,1.00866306,0.00201327,16.25896454,17.20151520,0.23563980,30.41934586,0.10399587,0.25326946,0.74673054,26.17444134
300,0.78592563,0.78592563,0,0.00000000,0.00000000,nan,0.00000000,0,9699,0,0.98640430,0.00336266,17.83340263,18.87963676,0.04742550,28.56918716,0.11642446,-0.07413387,1.07413387,23.63166618
400,0.97231412,0.97231412,0,0.00000000,0.00000000,nan,0.00000000,0,9599,0,0.99191403,0.00259406,21.81448746,23.08442688,0.22549678,29.05733299,0.10879543,-0.12267232,1.12267232,25.19973564
500,0.50686687,0.50686687,0,0.00000000,0.00000000,nan,0.00000000,0,9499,0,0.98479092,0.00224920,18.62076569,19.71056366,0.09417612,28.43020821,0.11315209,-0.15684030,1.15684030,20.87842687
600,0.67342645,0.67342645,0,0.00000000,0.00000000,nan,0.00000000,0,9399,0,0.97460240,0.00397746,27.68081665,29.30410767,0.08486526,28.67332649,0.11503223,-0.22585545,1.22585545,22.37397156
700,0.68852794,0.68852794,0,0.00000000,0.00000000,nan,0.00000000,0,9299,0,1.00320983,0.00731254,29.56991577,31.30730057,0.03436376,29.90094757,0.25181451,0.14822404,0.85177596,22.97599792
800,0.75144112,0.75144112,0,0.00000000,0.00000000,nan,0.00000000,0,9199,0,1.06856728,0.02268556,42.26243591,44.74274063,0.09722012,31.84623528,1.07603705,0.18910687,0.81089313,23.91352005
900,0.59144092,0.59144092,0,0.00000000,0.00000000,nan,0.00000000,0,9099,0,0.95791900,0.01159129,29.44639778,31.17741203,0.01922034,29.17941666,0.64012653,-0.10332641,1.10332641,21.26610374
1000,0.19248582,0.19248582,0,0.00000000,0.00000000,nan,0.00000000,0,8999,0,0.94376016,0.00287941,3.38392901,3.58298087,0.00004839,28.07039642,0.09430136,-0.25113817,1.25113817,17.71974907
1100,0.61978233,0.61978233,0,0.00000000,0.00000000,nan,0.00000000,0,8899,0,0.91902137,0.01000926,2.33436203,2.45619297,0.26323554,26.83967781,0.45248353,0.06421314,0.93578686,21.36848831
1200,0.68086964,0.68086964,0,0.00000000,0.00000000,nan,0.00000000,0,8799,0,0.83921963,0.01529277,7.20526028,7.62758064,0.02581706,23.18754959,0.46452394,-0.12367777,1.12367777,20.84350650
1300,0.97476673,0.97476673,0,0.00000000,0.00000000,nan,0.00000000,0,8699,0,0.75021005,0.03107134,14.89788437,15.76647758,0.13179708,20.60856819,1.21308076,-0.04238226,1.04238226,22.75497691
1400,0.86008239,0.86008239,0,0.00000000,0.00000000,nan,0.00000000,0,8599,0,0.71288848,0.03847749,27.80749512,29.44287491,0.00600376,18.11413574,1.83854234,0.08312714,0.91687286,23.06527805
1500,0.54371226,0.54371226,0,0.00000000,0.00000000,nan,0.00000000,0,8499,0,0.79581070,0.04161954,13.57867146,14.37741566,0.00003329,17.58821869,2.17030883,0.21950808,0.78049192,19.79582644
1600,0.71402848,0.71402848,0,0.00000000,0.00000000,nan,0.00000000,0,8399,0,0.74931818,0.03532569,8.20020866,8.66365242,0.32167792,16.57517242,1.46350288,-0.03502609,1.03502609,21.04618136
1700,0.53541791,0.53541791,0,0.00000000,0.00000000,nan,0.00000000,0,8299,0,0.50807571,0.03240298,2.17492819,2.30201221,0.01449752,9.21961498,1.39526999,0.06867621,0.93132379,13.21098073
1800,1.04462981,1.04462981,0,0.00000000,0.00000000,nan,0.00000000,0,8199,0,0.35794482,0.05132705,2.70415878,2.86037755,0.04843604,7.04514980,2.12394166,0.04109627,0.95890373,18.38855457
1900,0.29879040,0.29879040,0,0.00000000,0.00000000,nan,0.00000000,0,8099,0,0.45549569,0.07474354,1.53578639,1.61965835,0.10996453,8.42891121,4.27146578,0.01041476,0.98958524,25.38050747
2000,0.35883561,0.35883561,0,0.00000000,0.00000000,nan,0.00000000,0,7999,0,0.70379090,0.01583062,1.20499086,1.25492167,0.35616785,13.82013988,0.38521445,-0.09020982,1.09020982,15.87538433
2100,0.60704786,0.60704786,0,0.00000000,0.00000000,nan,0.00000000,0,7899,0,0.56293797,0.04578745,4.68048239,4.93718100,0.31660920,9.42132950,2.46830940,-0.08835847,1.08835847,16.88217258
2200,0.99703288,0.99703288,0,0.00000000,0.00000000,nan,0.00000000,0,7799,0,0.42539066,0.04659717,3.00755000,3.18441200,0.00089310,7.01718807,2.20449519,0.02770935,0.97229065,19.93837325
2300,0.60163701,0.60163701,0,0.00000000,0.00000000,nan,0.00000000,0,7699,0,0.38013920,0.04836638,0.89335334,0.92655480,0.32892799,4.78561401,1.04192686,-0.00871517,1.00871517,11.80927348
2400,0.24177557,0.24177557,0,0.00000000,0.00000000,nan,0.00000000,0,7599,0,0.55351651,0.03295266,1.05545485,1.11749864,0.00071102,7.84579277,1.23294687,0.03294886,0.96705114,11.48285413
2500,0.88552094,0.88552094,0,0.00000000,0.00000000,nan,0.00000000,0,7499,0,0.43748459,0.07718118,0.90645367,0.91350973,0.78649962,7.71812344,2.77849317,-0.02111592,1.02111592,19.86701298
2600,0.44498572,0.44498572,0,0.00000000,0.00000000,nan,0.00000000,0,7399,0,0.48753610,0.04180761,1.43870354,1.51083016,0.21255136,8.42554855,1.75417805,0.00305585,0.99694415,12.81802591
2700,0.36739486,0.36739486,0,0.00000000,0.00000000,nan,0.00000000,0,7299,0,0.41747496,0.03976595,1.09601843,1.15572321,0.08103694,6.22326469,1.23594999,0.03374912,0.96625088,9.72603846
2800,0.51867402,0.51867402,0,0.00000000,0.00000000,nan,0.00000000,0,7199,0,0.28126347,0.03567702,0.69614017,0.73653591,0.00941259,4.78829765,1.25976765,0.02536027,0.97463973,9.40079244
2900,0.44189274,0.44189274,0,0.00000000,0.00000000,nan,0.00000000,0,7099,0,0.42865583,0.04455542,2.72003913,2.87903833,0.01704877,6.77776861,1.77361727,-0.02926609,1.02926609,12.29878044
3000,0.72243923,0.72243923,0,0.00000000,0.00000000,nan,0.00000000,0,6999,0,0.42857468,0.03005941,1.08622360,1.10188329,0.82000959,7.31443787,0.89856189,-0.08324371,1.08324371,14.87542280
3100,0.17833191,0.17833191,0,0.00000000,0.00000000,nan,0.00000000,0,6899,0,0.39423236,0.01843100,0.57540101,0.60858929,0.01119979,5.46039915,0.65847534,-0.08771464,1.08771464,7.67242114
3200,0.42025152,0.42025152,0,0.00000000,0.00000000,nan,0.00000000,0,6799,0,0.35347012,0.02847526,0.55554813,0.58669144,0.02611183,3.40339184,0.93651593,0.13328052,0.86671948,8.30643725
3300,0.89245254,0.89245254,0,0.00000000,0.00000000,nan,0.00000000,0,6699,0,0.37251148,0.03216067,0.85470182,0.86328465,0.70879459,4.37951469,1.27965593,0.05423937,0.94576063,13.73985545
3400,0.22594275,0.22594275,0,0.00000000,0.00000000,nan,0.00000000,0,6599,0,0.36034536,0.02551239,0.41454485,0.43743733,0.02537207,4.57535028,0.56415200,-0.06141063,1.06141063,7.43329509
3500,0.19907528,0.19907528,0,0.00000000,0.00000000,nan,0.00000000,0,6499,0,0.37318209,0.02534611,0.29391220,0.29887122,0.20960933,5.19879961,0.62104768,0.02955036,0.97044964,8.42246167
3600,0.12647015,0.12647015,0,0.00000000,0.00000000,nan,0.00000000,0,6399,0,0.36792788,0.02486522,0.39102942,0.40980828,0.07178868,4.38728905,0.49316373,-0.05016542,1.05016542,6.58319187
3700,1.04577613,1.04577613,0,0.00000000,0.00000000,nan,0.00000000,0,6299,0,0.24219887,0.03525884,1.92028892,2.03301287,0.00397978,3.04495883,1.41486251,-0.06540299,1.06540299,14.76831722
3800,0.28707492,0.28707492,0,0.00000000,0.00000000,nan,0.00000000,0,6199,0,0.22970465,0.02465508,0.27151591,0.28739783,0.00152291,2.89285398,0.50362140,-0.00626005,1.00626005,4.48398173
3900,1.40406847,1.40406847,0,0.00000000,0.00000000,nan,0.00000000,0,6099,0,0.20079657,0.05656203,0.73619723,0.73193127,0.80871856,2.77661514,1.45100510,-0.04031823,1.04031823,13.83735132
4000,0.22873269,0.22873269,0,0.00000000,0.00000000,nan,0.00000000,0,5999,0,0.42138121,0.01734587,0.45868412,0.47006962,0.26513070,8.04752922,0.72074628,0.01172329,0.98827671,9.40447235
4100,0.60986626,0.60986626,0,0.00000000,0.00000000,nan,0.00000000,0,5899,0,0.40694350,0.02451118,2.55837917,2.68008995,0.48929188,4.98367548,0.57303822,0.03857006,0.96142994,12.30102754
4200,0.15257277,0.15257277,0,0.00000000,0.00000000,nan,0.00000000,0,5799,0,0.35933030,0.02122173,0.24266370,0.24044082,0.28045246,3.86091232,0.60149354,-0.04486080,1.04486080,5.58556628
4300,0.21324497,0.21324497,0,0.00000000,0.00000000,nan,0.00000000,0,5699,0,0.43746993,0.02510274,0.46146503,0.47836280,0.17420278,4.24867582,0.44724268,0.05269980,0.94730020,7.58308327
4400,0.08415493,0.08415493,0,0.00000000,0.00000000,nan,0.00000000,0,5599,0,0.33628184,0.02084788,0.43252823,0.45684937,0.01906867,3.23212481,0.44964662,-0.03877340,1.03877340,4.78044033
4500,0.90666324,0.90666324,0,0.00000000,0.00000000,nan,0.00000000,0,5499,0,0.30066246,0.01923361,3.32725906,3.51308560,0.16820925,3.21116543,0.75465322,0.10455363,0.89544637,11.43327236
4600,0.48463762,0.48463762,0,0.00000000,0.00000000,nan,0.00000000,0,5399,0,0.19756062,0.03072237,0.57595962,0.60220242,0.12983169,2.33536935,0.93009782,-0.00565826,1.00565826,5.13654608
4700,0.26728663,0.26728663,0,0.00000000,0.00000000,nan,0.00000000,0,5299,0,0.20768280,0.03459053,0.32324564,0.34126994,0.01683240,2.43599439,0.85106725,0.02093715,0.97906285,3.39892960
4800,0.46804067,0.46804067,0,0.00000000,0.00000000,nan,0.00000000,0,5199,0,0.23080617,0.02103528,0.24362023,0.25712442,0.01404849,3.44390655,0.58805275,0.00792720,0.99207280,6.00772917
4900,0.10381598,0.10381598,0,0.00000000,0.00000000,nan,0.00000000,0,5099,0,0.16904527,0.02231035,0.06422000,0.06532101,0.04550299,2.07893467,0.52950305,-0.02861650,1.02861650,-0.64484000
5000,0.31157956,0.31157956,0,0.00000000,0.00000000,nan,0.00000000,0,4999,0,0.33952868,0.01781995,0.75475669,0.78803819,0.18897121,5.59562969,0.61298871,-0.04366341,1.04366341,7.98772895
5100,1.75885904,1.75885904,0,0.00000000,0.00000000,nan,0.00000000,0,4899,0,0.38592488,0.03676435,5.77453089,6.01181078,1.74077094,3.90562177,0.83467877,-0.03900004,1.03900004,25.51759656
5200,1.50386655,1.50386655,0,0.00000000,0.00000000,nan,0.00000000,0,4799,0,0.46452618,0.02555622,4.78949928,5.02174139,0.84137762,4.54103851,0.59871632,-0.08811856,1.08811856,20.65456247
5300,1.31795812,1.31795812,0,0.00000000,0.00000000,nan,0.00000000,0,4699,0,0.46904004,0.02685104,3.99497557,4.22460651,0.09125024,4.90197611,0.97004807,0.05797904,0.94202096,19.11652565
5400,0.34383357,0.34383357,0,0.00000000,0.00000000,nan,0.00000000,0,4599,0,0.39833471,0.02870109,0.46781561,0.48503470,0.17509148,2.96947598,0.57640201,0.01339325,0.98660675,6.38362789
5500,0.18040885,0.18040885,0,0.00000000,0.00000000,nan,0.00000000,0,4499,0,0.37444931,0.02179696,0.43623504,0.45909250,0.04765806,3.71036100,0.65150225,0.00780629,0.99219371,6.54924345
5600,0.24856520,0.24856520,0,0.00000000,0.00000000,nan,0.00000000,0,4399,0,0.39507875,0.02330203,1.00257480,1.05817115,0.05743818,4.33670235,0.65467852,-0.02676454,1.02676454,6.76211707
5700,0.19290665,0.19290665,0,0.00000000,0.00000000,nan,0.00000000,0,4299,0,0.27027458,0.02086908,0.14697473,0.15535313,0.00454222,3.44798064,0.91592717,-0.01552589,1.01552589,4.09166765
5800,0.64677781,0.64677781,0,0.00000000,0.00000000,nan,0.00000000,0,4199,0,0.24862991,0.02158424,0.91923547,0.96375835,0.16234483,2.56316113,0.54481578,0.04459615,0.95540385,6.69707727
5900,0.22539932,0.22539932,0,0.00000000,0.00000000,nan,0.00000000,0,4099,0,0.30198157,0.01540359,0.21926019,0.22839946,0.06389260,3.37299347,0.54748207,-0.03219834,1.03219834,4.86546914
6000,0.23027264,0.23027264,0,0.00000000,0.00000000,nan,0.00000000,0,3999,0,0.34001932,0.01416702,0.33357975,0.34002090,0.22408035,5.11391020,0.27021626,-0.04760683,1.04760683,7.08220923
6100,0.46364757,0.46364757,0,0.00000000,0.00000000,nan,0.00000000,0,3899,0,0.20734231,0.01510004,1.16822875,1.23588467,0.01807746,2.19781327,0.57970959,-0.02879987,1.02879987,4.65740172
6200,1.43307853,1.43307853,0,0.00000000,0.00000000,nan,0.00000000,0,3799,0,0.23425430,0.02680621,3.19681311,3.36956143,0.26009417,2.93513250,1.08365297,-0.01007090,1.01007090,15.97914314
6300,0.28159049,0.28159049,0,0.00000000,0.00000000,nan,0.00000000,0,3699,0,0.18562013,0.01816658,0.22301255,0.23478472,0.02288564,2.05459118,0.65530109,-0.01142793,1.01142793,1.74890313
6400,0.47464001,0.47464001,0,0.00000000,0.00000000,nan,0.00000000,0,3599,0,0.19796483,0.02195478,0.87044060,0.92138648,0.00436048,2.31783891,0.68685925,0.03076097,0.96923903,3.86167252
6500,1.04433775,1.04433775,0,0.00000000,0.00000000,nan,0.00000000,0,3499,0,0.15823196,0.02230625,5.29626465,5.60776281,0.00079039,1.80134141,0.54633540,0.00418996,0.99581004,13.17048776
6600,0.12227670,0.12227670,0,0.00000000,0.00000000,nan,0.00000000,0,3399,0,0.26286519,0.01929274,0.27596569,0.29202580,0.00294392,3.79604554,0.66109991,0.04168407,0.95831593,3.14363456
6700,0.72148806,0.72148806,0,0.00000000,0.00000000,nan,0.00000000,0,3299,0,0.23721960,0.01815092,0.31788754,0.33572206,0.01470079,3.31451082,0.60515350,0.05090480,0.94909520,7.95596609
6800,1.43815255,1.43815255,0,0.00000000,0.00000000,nan,0.00000000,0,3199,0,0.16133092,0.01513677,1.31568909,1.38814569,0.08392569,2.08956099,0.54454774,0.08655558,0.91344442,13.71365213
6900,0.17026696,0.17026696,0,0.00000000,0.00000000,nan,0.00000000,0,3099,0,0.16790329,0.02090556,0.63198358,0.66893250,0.00385160,1.87778342,0.37583855,0.06028928,0.93971072,-0.12377461
7000,0.25419223,0.25419223,0,0.00000000,0.00000000,nan,0.00000000,0,2999,0,0.23693591,0.01416193,0.64728844,0.68410003,0.02149142,3.27042866,0.35120389,-0.01720041,1.01720041,nan
7100,0.62832493,0.62832493,0,0.00000000,0.00000000,nan,0.00000000,0,2899,0,0.30894193,0.01528242,0.96997285,1.01570797,0.19247520,4.01227522,0.57459873,0.04160706,0.95839294,9.47034788
7200,0.71001500,0.71001500,0,0.00000000,0.00000000,nan,0.00000000,0,2799,0,0.29898551,0.04273152,0.56447381,0.59457964,0.05267457,2.61412358,0.79220885,0.05464585,0.94535415,9.48742056
7300,0.23227650,0.23227650,0,0.00000000,0.00000000,nan,0.00000000,0,2699,0,0.20030135,0.02806984,0.33222395,0.35161573,0.00256370,2.17482471,0.75411773,0.03049646,0.96950354,3.31139860
7400,0.27468756,0.27468756,0,0.00000000,0.00000000,nan,0.00000000,0,2599,0,0.23815520,0.02627143,0.35014978,0.36990175,0.01436661,2.46370220,0.81003320,0.06072462,0.93927538,3.29041179
7500,0.31264579,0.31264579,0,0.00000000,0.00000000,nan,0.00000000,0,2499,0,0.22638886,0.01865044,0.65673304,0.68866485,0.11389247,2.57365036,0.49978936,0.01044041,0.98955959,3.13680649
7600,0.51671958,0.51671958,0,0.00000000,0.00000000,nan,0.00000000,0,2399,0,0.14773734,0.02017730,0.19689696,0.20630464,0.03696644,1.50951028,0.50151676,0.01876048,0.98123952,1.81963873
7700,0.45427546,0.45427546,0,0.00000000,0.00000000,nan,0.00000000,0,2299,0,0.16643991,0.02563020,0.44814047,0.47312814,0.02334948,1.88569582,0.82648957,-0.02198989,1.02198989,2.19512049
7800,0.12631011,0.12631011,0,0.00000000,0.00000000,nan,0.00000000,0,2199,0,0.18037771,0.01974481,0.32313573,0.34196073,0.00311096,2.25016904,0.51678598,-0.00171715,1.00171715,-0.84413939
7900,1.38866055,1.38866055,0,0.00000000,0.00000000,nan,0.00000000,0,2099,0,0.19129388,0.02275899,2.03206658,2.14867496,0.04972448,1.72465837,0.46425173,-0.05045478,1.05045478,15.72239780
8000,0.53055352,0.53055352,0,0.00000000,0.00000000,nan,0.00000000,0,1999,0,0.35813153,0.01415062,1.03293121,1.05227077,0.70415676,5.76096916,0.44259068,0.07446680,0.92553320,10.58319259
8100,1.67242563,1.67242563,0,0.00000000,0.00000000,nan,0.00000000,0,1899,0,0.22947550,0.02161204,2.88462496,3.00460482,0.84496373,2.45782804,0.72815198,-0.05647634,1.05647634,17.71168995
8200,0.08527689,0.08527689,0,0.00000000,0.00000000,nan,0.00000000,0,1799,0,0.25325927,0.00783318,0.39378124,0.41681862,0.00214599,3.51227665,0.18665025,-0.01984816,1.01984816,2.66531205
8300,0.10248128,0.10248128,0,0.00000000,0.00000000,nan,0.00000000,0,1699,0,0.16285168,0.02210595,0.17830189,0.18826830,0.00887261,1.72134125,0.35143223,-0.03740821,1.03740821,-0.38726200
8400,0.32246745,0.32246745,0,0.00000000,0.00000000,nan,0.00000000,0,1599,0,0.15594234,0.01741813,0.64984673,0.68352801,0.07726602,1.86440027,0.49382338,-0.07301164,1.07301164,2.26026386
8500,0.56152320,0.56152320,0,0.00000000,0.00000000,nan,0.00000000,0,1499,0,0.12625065,0.01871325,0.33997691,0.35887572,0.01869671,1.71225488,0.53137273,0.00096853,0.99903147,1.41956091
8600,0.63316607,0.63316607,0,0.00000000,0.00000000,nan,0.00000000,0,1399,0,0.15499040,0.01773333,0.34810308,0.36656001,0.03433567,1.57432175,0.41126394,0.04621843,0.95378157,4.88767107
8700,0.20083705,0.20083705,0,0.00000000,0.00000000,nan,0.00000000,0,1299,0,0.11136111,0.02367468,0.40409601,0.42762065,0.00417726,1.40930581,0.54236865,0.01459511,0.98540489,1.61790180
8800,0.74006122,0.74006122,0,0.00000000,0.00000000,nan,0.00000000,0,1199,0,0.10951861,0.01727282,0.42291811,0.44661137,0.02013254,1.58966863,0.50491744,-0.01973581,1.01973581,0.95716981
8900,0.42958313,0.42958313,0,0.00000000,0.00000000,nan,0.00000000,0,1099,0,0.10458590,0.01144924,0.33250910,0.35032979,0.02955765,1.53886104,0.41540834,-0.00026033,1.00026033,-1.25388825
9000,0.22260076,0.22260076,0,0.00000000,0.00000000,nan,0.00000000,0,999,0,0.28078324,0.01110942,0.48258960,0.51073241,0.00416180,5.15090609,0.24387115,-0.03117109,1.03117109,6.48064137
9100,0.25934938,0.25934938,0,0.00000000,0.00000000,nan,0.00000000,0,899,0,0.23985717,0.01871086,0.17303671,0.17534170,0.13385235,2.60212445,0.36819580,-0.05072797,1.05072797,2.70786309
9200,0.95317894,0.95317894,0,0.00000000,0.00000000,nan,0.00000000,0,799,0,0.24849044,0.01583216,3.94562268,4.16441107,0.22621368,2.01570225,0.27786845,-0.14779791,1.14779791,9.60858560
9300,0.46113682,0.46113682,0,0.00000000,0.00000000,nan,0.00000000,0,699,0,0.22899991,0.02071259,1.54312909,1.63224769,0.02811110,2.01926184,0.66009587,-0.00108975,1.00108975,8.08043734
9400,0.49773946,0.49773946,0,0.00000000,0.00000000,nan,0.00000000,0,599,0,0.20780002,0.03235951,0.58809090,0.61512780,0.12846418,1.76351571,0.83181340,-0.08020625,1.08020625,4.88163090
9500,0.42930061,0.42930061,0,0.00000000,0.00000000,nan,0.00000000,0,499,0,0.21185163,0.01871832,0.33253393,0.34886467,0.05491139,1.74492097,0.41945526,0.03013656,0.96986344,1.62658358
9600,0.24197602,0.24197602,0,0.00000000,0.00000000,nan,0.00000000,0,399,0,0.28695706,0.01295158,0.37162584,0.39193913,0.02629971,2.46238661,0.28046897,0.06435887,0.93564113,2.48574382
9700,0.64236903,0.64236903,0,0.00000000,0.00000000,nan,0.00000000,0,299,0,0.28454626,0.02875787,1.21052635,1.26787674,0.23556943,2.48157382,0.85265541,-0.03432215,1.03432215,9.60918245
9800,0.73732066,0.73732066,0,0.00000000,0.00000000,nan,0.00000000,0,199,0,0.20270883,0.01926859,0.58378899,0.60970271,0.14325380,2.18404031,0.71283382,0.02683773,0.97316227,8.52433672
9900,0.15686214,0.15686214,0,0.00000000,0.00000000,nan,0.00000000,0,99,0,0.17313874,0.01993784,0.18834209,0.19940649,0.00024761,2.05007339,0.59689552,-0.01420840,1.01420840,-0.15403241
10000,0.16008933,0.16008933,0,0.00000000,0.00000000,nan,0.00000000,0,0,0,0.33173978,0.01875896,0.44550160,0.47044352,0.02148843,4.66844702,0.37529460,-0.02830673,1.02830673,5.82633702
10100,1.17873788,1.17873788,0,0.00000000,0.00000000,nan,0.00000000,0,0,0,0.25678992,0.02386345,1.10205412,1.11563838,0.87112069,2.71551895,0.79480582,-0.03518845,1.03518845,11.95683575
10200,0.46127754,0.46127754,0,0.00000000,0.00000000,nan,0.00000000,0,0,0,0.26252323,0.01821467,0.30618066,0.32123277,0.05029459,2.07230377,0.43296134,0.00253214,0.99746786,4.58764191
10300,0.17810112,0.17810112,0,0.00000000,0.00000000,nan,0.00000000,0,0,0,0.28540272,0.01690469,0.43331337,0.45556712,0.05499919,2.95754194,0.40317944,0.02399173,0.97600827,3.20653009
10400,1.29538429,1.29538429,1,0.09516258,0.00010623,nan,0.00000000,0,0,0,0.23548473,0.02405665,0.55671263,0.55836445,0.52863109,1.86171448,0.65126026,-0.02420638,1.02420638,12.24612681
10500,0.61241591,0.61241591,0,0.00000000,0.00000000,nan,0.00000000,0,0,0,0.14967631,0.02431830,0.81423712,0.85844260,0.06274530,0.95614880,0.25006971,-0.08670858,1.08670858,5.39875507
10600,0.74850154,0.74850154,0,0.00000000,0.00000000,nan,0.00000000,0,0,0,0.12587112,0.02371271,0.69539380,0.73042899,0.09979659,1.28740585,0.68058717,-0.06158683,1.06158683,6.09814286
10700,0.25396335,0.25396335,4,0.32967995,0.00300014,nan,0.00000000,0,0,0,0.20900570,0.01523601,0.28177950,0.29835087,0.00006604,2.40944171,0.45926523,-0.02835723,1.02835723,1.66859552
10800,0.53599524,0.53599524,1,0.09516258,0.00004396,nan,0.00000000,0,0,0,0.13105978,0.01801993,0.49275315,0.52173817,0.00000804,1.45227909,0.54981476,-0.06707347,1.06707347,1.70007855
10900,0.45836592,0.45836592,4,0.32967995,0.00541480,nan,0.00000000,0,0,0,0.16099237,0.02079966,0.27187645,0.28570154,0.03685001,1.98712671,0.57714570,0.04125286,0.95874714,3.26808882
11000,0.25095350,0.25095350,10,0.63212056,0.04006756,nan,0.00000000,0,0,0,0.37892705,0.01377889,1.37511992,1.45508909,0.01564505,6.04817581,0.39335087,0.04713500,0.95286500,8.62597942
11100,0.35106939,0.35106939,10,0.63212056,0.05605220,nan,0.00000000,0,0,0,0.27806315,0.01438624,1.23319066,1.30195308,0.06423134,2.66623330,0.19299346,0.06387598,0.93612402,4.17510923
11200,0.31460714,0.31460714,25,0.91791500,0.22334614,nan,0.00000000,0,0,0,0.27717274,0.01430497,0.50526059,0.52012873,0.25250229,2.59983397,0.31791005,-0.14287678,1.14287678,4.36911877
11300,0.45425022,0.45425022,8,0.55067104,0.04176996,nan,0.00000000,0,0,0,0.22616717,0.03096076,0.57352120,0.58058405,0.45345300,2.33967900,0.99769020,-0.04004114,1.04004114,5.77541685
11400,0.55841881,0.55841881,9,0.59343034,0.06925307,nan,0.00000000,0,0,0,0.19404279,0.01636142,0.33298671,0.35235226,0.00377305,1.54803896,0.38687736,-0.01086479,1.01086479,6.39038197
11500,0.99103779,0.99103779,23,0.89974116,0.64947219,nan,0.00000000,0,0,0,0.23375566,0.01731019,4.10528183,4.34514236,0.02765843,2.15465736,0.56892860,-0.07577912,1.07577912,13.35799726
11600,0.25052744,0.25052744,2,0.18126925,0.00027049,nan,0.00000000,0,0,0,0.15187536,0.01051271,0.15481143,0.16329426,0.01060324,1.72155178,0.33458045,0.00115744,0.99884256,-2.16328738
11700,0.49965328,0.49965328,22,0.88919684,0.31236358,nan,0.00000000,0,0,0,0.16077438,0.01554807,0.29491499,0.30364642,0.14648025,1.57646799,0.28098282,0.02543624,0.97456376,1.98680785
11800,0.76299125,0.76299125,10,0.63212056,0.12182017,nan,0.00000000,0,0,0,0.11977931,0.02104545,0.59036011,0.62445676,0.01071717,1.21860147,0.38939041,-0.02781691,1.02781691,5.59011348
11900,0.61230654,0.61230654,28,0.93918994,0.47641192,nan,0.00000000,0,0,0,0.17441653,0.01835125,0.59358919,0.62831795,0.00320100,2.00601983,0.53687006,0.07414344,0.92585656,3.79635203
12000,0.12555437,0.12555437,38,0.97762923,0.11469079,nan,0.00000000,0,0,0,0.31769323,0.01671956,0.58918941,0.62251192,0.02270660,3.73882794,0.47550637,-0.15775853,1.15775853,4.49363883
12100,0.10192192,0.10192192,34,0.96662673,0.08898213,nan,0.00000000,0,0,0,0.22896893,0.01275114,0.05092157,0.05217419,0.02962709,2.38751888,0.29943740,-0.00124866,1.00124866,1.44222122
12200,0.20331365,0.20331365,5,0.39346934,0.00487315,nan,0.00000000,0,0,0,0.19979645,0.02848958,0.15464088,0.16218202,0.02644134,1.48335993,0.68696159,0.03017226,0.96982774,-0.41788411
12300,0.72752756,0.72752756,13,0.72746821,0.20375371,nan,0.00000000,0,0,0,0.19966598,0.02278599,1.03490853,1.08245754,0.22657564,1.19132018,0.28136370,0.04141351,0.95858649,5.11428968
12400,0.50724512,0.50724512,5,0.39346934,0.01215798,nan,0.00000000,0,0,0,0.28581581,0.03435121,0.30488852,0.32262453,0.00337614,3.42232680,1.58845925,-0.01539965,1.01539965,10.50628290
12500,0.65171313,0.65171313,23,0.89974116,0.42709729,nan,0.00000000,0,0,0,0.23839408,0.01869546,0.33960086,0.35955563,0.00036928,1.88474250,0.44337100,0.00729481,0.99270519,6.21221972
12600,0.29057285,0.29057285,29,0.94497678,0.23170723,nan,0.00000000,0,0,0,0.26797307,0.01017346,0.74152845,0.77997071,0.08800995,2.81709003,0.22655259,0.00840765,0.99159235,2.73955011
12700,0.22513495,0.22513495,9,0.59343034,0.02792042,nan,0.00000000,0,0,0,0.19449179,0.02646793,0.32056797,0.33410874,0.09037462,1.81684899,0.69576049,0.04657862,0.95342138,2.03020529
12800,0.22013026,0.22013026,10,0.63212056,0.03514628,nan,0.00000000,0,0,0,0.20227769,0.02541425,0.19119032,0.20239785,0.00066229,1.87525427,0.66281742,-0.06364927,1.06364927,-0.44297918
12900,0.34719864,0.34719864,3,0.25918178,0.00156674,nan,0.00000000,0,0,0,0.15227053,0.02395579,0.57835335,0.61151659,0.01457774,1.54327559,0.38913336,-0.10014194,1.10014194,1.16051683
13000,1.13529098,1.13529098,32,0.95923780,0.96119680,nan,0.00000000,0,0,0,0.28872845,0.02641409,1.84030771,1.89504802,0.90971923,3.11682343,0.44713041,0.05434538,0.94565462,13.84680049
13100,0.89095759,0.89095759,20,0.86466472,0.49802138,nan,0.00000000,0,0,0,0.17940301,0.01911143,1.58934987,1.67063653,0.20747499,1.50991035,0.44642353,-0.13613596,1.13613596,5.68474889
13200,2.11991167,2.11991167,16,0.79810348,0.86011117,nan,0.00000000,0,0,0,0.24107678,0.02256546,3.28280258,3.40464902,1.21141279,2.27205563,0.54233521,0.09764965,0.90235035,24.04812813
13300,0.21202303,0.21202303,16,0.79810348,0.08602405,nan,0.00000000,0,0,0,0.21942632,0.01257862,0.22783083,0.22473195,0.28051180,1.99776888,0.20693660,-0.01549886,1.01549886,0.14383122
13400,0.24307074,0.24307074,31,0.95495080,0.20214205,nan,0.00000000,0,0,0,0.23374087,0.01205480,0.22626665,0.21450129,0.42627785,2.12844205,0.26271901,0.01087112,0.98912888,1.29723008
13500,0.25420234,0.25420234,6,0.45118836,0.01053443,nan,0.00000000,0,0,0,0.33302444,0.02215275,0.41729459,0.44159710,0.00415164,3.18406725,0.41286790,0.03757610,0.96242390,4.29259642
13600,0.33783960,0.33783960,28,0.93918994,0.26285987,nan,0.00000000,0,0,0,0.24890263,0.00989567,0.28383005,0.29581001,0.08017086,2.81474733,0.20409885,-0.00413903,1.00413903,5.35475779
13700,0.29543480,0.29543480,15,0.77686984,0.10761051,nan,0.00000000,0,0,0,0.16855697,0.01991364,0.31046692,0.32854530,0.00313469,1.41979361,0.38739270,-0.03687120,1.03687120,nan
13800,0.24137422,0.24137422,50,0.99326205,0.23493421,nan,0.00000000,0,0,0,0.19351815,0.01049020,0.25703797,0.27065808,0.02549600,1.99383330,0.25713977,-0.00929898,1.00929898,0.83320820
13900,0.12191729,0.12191729,36,0.97267628,0.10912860,nan,0.00000000,0,0,0,0.16307558,0.01150322,0.30497694,0.32271639,0.00340661,1.55085695,0.34013435,0.05258065,0.94741935,-3.55562019
14000,0.61161613,0.61161613,65,0.99849656,0.60794631,nan,0.00000000,0,0,0,0.30116606,0.01663978,1.47439265,1.53439152,0.45441321,3.56273150,0.44438738,0.06880759,0.93119241,9.18815327
14100,0.21042563,0.21042563,43,0.98643144,0.19923529,nan,0.00000000,0,0,0,0.19180530,0.01393053,0.31121773,0.32952121,0.00005854,2.50149822,0.45912594,0.00386900,0.99613100,0.32043892
14200,0.57450604,0.57450604,10,0.63212056,0.09172638,nan,0.00000000,0,0,0,0.16332330,0.01169793,0.28669417,0.30317503,0.00651899,1.45760214,0.24197499,0.02586143,0.97413857,0.94181581
14300,0.17854042,0.17854042,27,0.93279449,0.13517004,nan,0.00000000,0,0,0,0.11610806,0.01823687,0.26252884,0.27693218,0.01767209,1.24554336,0.38457724,0.03694956,0.96305044,-2.86543846
14400,0.17702490,0.17702490,33,0.96311683,0.15231766,nan,0.00000000,0,0,0,0.13228910,0.01383705,0.26402745,0.27909154,0.00793827,1.53097045,0.32687518,-0.07203406,1.07203406,-4.37838912
14500,0.29028064,0.29028064,18,0.83470111,0.14091007,nan,0.00000000,0,0,0,0.15718262,0.00826938,0.51497853,0.54450190,0.01308056,1.98461473,0.29441968,-0.07231200,1.07231200,-1.08742444
14600,1.09984899,1.09984899,11,0.66712892,0.21785730,nan,0.00000000,0,0,0,0.11062805,0.01621670,0.39983070,0.42241797,0.01584682,1.48177242,0.62559044,-0.00094913,1.00094913,8.09573650
14700,0.52141142,0.52141142,17,0.81731648,0.23267062,nan,0.00000000,0,0,0,0.16994689,0.01324573,0.46006277,0.48588192,0.02113702,1.83530295,0.46479988,0.02174308,0.97825692,1.82992475
14800,0.27637303,0.27637303,58,0.99697245,0.27304126,nan,0.00000000,0,0,0,0.13531308,0.01273983,0.13897602,0.13904251,0.13784553,1.63459289,0.29393044,-0.00932107,1.00932107,-1.63526160
14900,0.62040317,0.62040317,33,0.96311683,0.53381393,nan,0.00000000,0,0,0,0.11901079,0.01784202,0.23640415,0.24737628,0.04987797,1.29435861,0.42444271,-0.02571553,1.02571553,1.04254111
15000,0.09757280,0.09757280,42,0.98500442,0.09185049,nan,0.00000000,0,0,0,0.30744073,0.01295329,0.48826873,0.51688772,0.00174542,3.81543565,0.19719838,-0.05381817,1.05381817,4.02672464
15100,1.28994405,1.28994405,30,0.95021293,1.05160979,nan,0.00000000,0,0,0,0.15684173,0.02611166,0.79894143,0.83867443,0.12348034,1.75514829,0.49453366,0.01817981,0.98182019,11.68516731
15200,0.33017981,0.33017981,14,0.75340304,0.10638000,nan,0.00000000,0,0,0,0.11989840,0.01113721,0.31333065,0.32870901,0.05189877,1.41289091,0.29475406,-0.07951974,1.07951974,-4.52757645
15300,0.53952831,0.53952831,35,0.96980262,0.47725188,nan,0.00000000,0,0,0,0.15518516,0.01503506,0.24486168,0.25528601,0.06764755,1.65778375,0.30371884,0.03548929,0.96451071,0.90396086
15400,0.73103088,0.73103088,24,0.90928205,0.49972398,nan,0.00000000,0,0,0,0.14195064,0.03226950,1.21398211,1.28120041,0.07126848,1.51069665,0.82596028,-0.13772435,1.13772435,9.69107145
15500,1.34119892,1.34119892,17,0.81731648,0.59848630,nan,0.00000000,0,0,0,0.12966034,0.01302996,0.92267239,0.97613007,0.01388968,1.44228411,0.41320780,0.04820760,0.95179240,10.37785530
15600,0.51602292,0.51602292,26,0.92572642,0.37896546,nan,0.00000000,0,0,0,0.17790072,0.02138310,0.54913723,0.58041108,0.01748151,1.75006151,0.59837323,0.00743314,0.99256686,2.77921726
15700,0.12966582,0.12966582,58,0.99697245,0.12810266,nan,0.00000000,0,0,0,0.13405068,0.01553679,0.23280865,0.24633338,0.00288832,1.57053566,0.38170993,0.08509356,0.91490644,-2.49733007
15800,0.15656520,0.15656520,68,0.99888622,0.15586885,nan,0.00000000,0,0,0,0.13830346,0.01408784,0.22039935,0.23297492,0.00661474,1.52231002,0.37711087,0.07958806,0.92041194,-3.08008675
15900,0.31879663,0.31879663,37,0.97527647,0.28841957,nan,0.00000000,0,0,0,0.11689104,0.01174014,0.52819228,0.55922776,0.00058776,1.10124505,0.20653994,-0.11636249,1.11636249,-3.23204494
16000,1.76776016,1.76776016,54,0.99548342,1.73603895,nan,0.00000000,0,0,0,0.25111994,0.01665461,1.65690124,1.67435145,1.36024499,2.94550800,0.43521541,0.08977620,0.91022380,18.92058372
16100,0.10967893,0.10967893,64,0.99833844,0.10895180,nan,0.12894080,0,0,0,0.12591678,0.01709842,0.15052402,0.15927160,0.00181533,1.37931025,0.46299350,0.00173391,0.99826609,-3.86799399
16200,0.63009137,0.63009137,63,0.99816370,0.62547594,nan,0.00000000,0,0,0,0.12003463,0.00884362,0.29240215,0.29874313,0.18460579,1.52103555,0.24600580,0.02623905,0.97376095,1.52111682
16300,0.71183127,0.71183127,38,0.97762923,0.65024013,nan,0.00000000,0,0,0,0.16088973,0.01375984,0.18343721,0.18318172,0.18778041,1.55630982,0.26775998,-0.06990605,1.06990605,2.70168014
16400,0.55346978,0.55346978,41,0.98342732,0.51768192,nan,0.00000000,0,0,0,0.13210899,0.01418257,0.83627850,0.88526362,0.00353121,1.62621939,0.33370751,0.06895303,0.93104697,2.36000725
16500,0.57085931,0.57085931,58,0.99697245,0.56397741,nan,0.07405410,0,0,0,0.11429332,0.01351994,0.28490543,0.30017078,0.02539450,1.36486244,0.41457942,-0.00173642,1.00173642,-0.35441577
16600,0.14486009,0.14486009,24,0.90928205,0.09902463,nan,0.00000000,0,0,0,0.10317566,0.01400895,0.16669624,0.17613837,0.00618010,1.33688653,0.47153649,-0.04811211,1.04811211,-6.42844359
16700,0.20760761,0.20760761,85,0.99979653,0.20743870,nan,0.00000000,0,0,0,0.12762980,0.01390372,0.09590400,0.10043734,0.01883728,1.55492866,0.25724566,-0.02906998,1.02906998,-3.17643352
16800,0.34221473,0.34221473,13,0.72746821,0.09584176,nan,0.00000000,0,0,0,0.09594639,0.02407701,0.34053004,0.36029580,0.00451190,1.09590364,0.55576009,-0.03915652,1.03915652,-0.77071450
16900,0.17663080,0.17663080,28,0.93918994,0.13742956,nan,0.02442106,0,0,0,0.09082057,0.01254967,0.12137756,0.12838012,0.00233410,1.25492918,0.35619658,0.00303465,0.99696535,-6.12294888
17000,0.32702535,0.32702535,36,0.97267628,0.29272157,nan,0.29082903,0,0,0,0.27894968,0.01315626,1.15066338,1.21820199,0.00250655,3.59871578,0.27652153,0.09428961,0.90571039,5.70798993
17100,0.67190605,0.67190605,7,0.50341470,0.04315311,nan,1.86403615,0,0,0,0.29629204,0.03367636,0.71839458,0.71327120,0.80549222,2.44334459,0.77648658,0.10635199,0.89364801,9.99643481
17200,0.80848849,0.80848849,14,0.75340304,0.26048535,nan,1.76345276,0,0,0,0.23649618,0.01361014,1.44553137,1.52519989,0.09116638,2.05945969,0.33800092,0.04300391,0.95699609,5.67635965
17300,0.21327044,0.21327044,57,0.99665403,0.21043035,nan,0.95203144,0,0,0,0.09903244,0.01498268,0.03644950,0.03785702,0.01252165,0.96080559,0.32073319,0.00861394,0.99138606,-5.07459104
17400,0.97363257,0.97363257,39,0.97975809,0.89716129,nan,0.00000000,0,0,0,0.10036521,0.01779125,0.83063626,0.87351495,0.10169766,0.95434690,0.40442699,0.01177059,0.98822941,4.37950468
17500,0.19047439,0.19047439,39,0.97975809,0.17551411,nan,0.24997326,0,0,0,0.14870885,0.01528714,0.29586267,0.31309590,0.00289753,1.59663951,0.59495533,-0.04930888,1.04930888,-1.92227221
17600,0.40945470,0.40945470,47,0.99090472,0.39476029,nan,0.00000000,0,0,0,0.13918827,0.01247092,0.28309572,0.29765707,0.03555258,1.40903330,0.31113020,-0.02964867,1.02964867,-0.24281176
17700,1.19331992,1.19331992,52,0.99448344,1.16720491,nan,0.00000000,0,0,0,0.10297430,0.01279068,0.63350421,0.67068011,0.00151394,1.00545740,0.31298625,0.02093780,0.97906220,5.81753618
17800,0.40093794,0.40093794,150,0.99999969,0.40093745,nan,0.00000000,0,0,0,0.14609128,0.01079510,0.23168357,0.24522692,0.00144667,1.76683843,0.19858496,0.08386640,0.91613360,1.36644781
17900,0.44852006,0.44852006,121,0.99999444,0.44851009,nan,0.00000000,0,0,0,0.11419524,0.01038760,0.18637083,0.19648021,0.01451150,1.10832095,0.17210156,-0.02813413,1.02813413,-1.95135371
18000,1.16115451,1.16115451,70,0.99908812,1.15692495,nan,0.00000000,0,0,0,0.30277833,0.01943430,1.54252851,1.56754720,1.11720872,3.16094494,0.32182762,0.10922500,0.89077500,14.79276911
18100,0.10181621,0.10181621,12,0.69880579,0.02427968,nan,1.03275519,0,0,0,0.26002973,0.01543145,0.17691471,0.18441650,0.04938426,2.26982999,0.37316394,0.02658493,0.97341507,0.51101196
18200,0.20304273,0.20304273,138,0.99999898,0.20304191,nan,1.86578790,0,0,0,0.15745513,0.01829635,0.38060579,0.40296966,0.00041973,1.66569376,0.58261871,0.03150459,0.96849541,0.95819390
18300,0.18500115,0.18500115,56,0.99630214,0.18227985,nan,0.87714641,0,0,0,0.11551175,0.01373705,0.07365769,0.07657985,0.02398089,1.22040474,0.39923510,-0.00128542,1.00128542,-2.86334735
18400,2.39881206,2.39881206,7,0.50341470,0.15406351,nan,0.26082803,0,0,0,0.12533033,0.02382271,0.96151376,1.00597084,0.20574337,1.34061384,0.68962508,0.00910188,0.99089812,32.61279154
18500,0.51745766,0.51745766,33,0.96311683,0.44523646,nan,0.00000000,0,0,0,0.09641223,0.01311446,0.32868129,0.34386021,0.07063950,1.07482767,0.29717323,0.02912184,0.97087816,-2.09637934
18600,0.58351427,0.58351427,13,0.72746821,0.16342088,nan,0.00000000,0,0,0,0.11219968,0.01797551,0.67001402,0.69973552,0.16474833,1.63734221,0.68801713,0.01514324,0.98485676,2.75089782
18700,0.32422748,0.32422748,36,0.97267628,0.29021718,nan,0.00000000,0,0,0,0.10842090,0.01544025,0.23644002,0.25011337,0.00399314,1.28463137,0.32354987,0.05068368,0.94931632,-2.75760818
18800,0.16766705,0.16766705,32,0.95923780,0.14195570,nan,0.00000000,0,0,0,0.11225080,0.02340236,0.14447579,0.15283038,0.00244769,1.34082556,0.50319958,0.05014829,0.94985171,-2.11111653
18900,0.40712062,0.40712062,60,0.99752125,0.40309899,nan,0.00000000,0,0,0,0.12046988,0.01505874,0.36814001,0.38928056,0.00875075,1.53579736,0.40516794,-0.05488874,1.05488874,0.90222979
19000,0.14449137,0.14449137,78,0.99959027,0.14425471,nan,0.15287521,0,0,0,0.32710093,0.00810254,0.25743625,0.27257299,0.00011111,3.88570189,0.21322250,0.08915717,0.91084283,4.90609288
19100,0.24846530,0.24846530,55,0.99591323,0.24442845,nan,1.34822887,0,0,0,0.15671675,0.01626026,0.27139914,0.28673163,0.01074671,1.79321039,0.35767654,-0.00713904,1.00713904,-0.47796763
19200,0.20095837,0.20095837,100,0.99995460,0.20092188,nan,0.01718217,0,0,0,0.14397098,0.01324416,0.15760241,0.16510075,0.03013076,1.35104549,0.22558792,-0.11451652,1.11451652,-3.52177080
19300,0.36905172,0.36905172,21,0.87754357,0.21885778,nan,0.00000000,0,0,0,0.09854369,0.01600324,0.36365399,0.38368735,0.02308665,1.17564595,0.53877711,0.04944869,0.95055131,-2.58680046
19400,0.20562840,0.20562840,134,0.99999848,0.20562715,nan,0.00000000,0,0,0,0.12390169,0.01822173,0.09325273,0.09575200,0.05076512,1.20509636,0.30120194,-0.00731117,1.00731117,-4.02222474
19500,0.69455457,0.69455457,43,0.98643144,0.65761846,nan,0.00000000,0,0,0,0.14118041,0.01123292,0.41157091,0.42618126,0.16319489,1.58775795,0.27499130,0.09487195,0.90512805,2.54823366
19600,0.54804218,0.54804218,46,0.98994816,0.52633688,nan,0.00000000,0,0,0,0.12838306,0.01295576,0.42786634,0.44610995,0.11772584,1.55013216,0.32363838,0.07840761,0.92159239,2.22433682
19700,0.23947829,0.23947829,75,0.99944692,0.23894892,nan,0.00000000,0,0,0,0.13707218,0.01307827,0.08066485,0.08431988,0.01852924,1.32584429,0.15851535,0.03141250,0.96858750,-3.50089669
19800,0.14111060,0.14111060,174,0.99999997,0.14111058,nan,0.00000000,0,0,0,0.09169861,0.01488499,0.16470650,0.17432073,0.00126468,1.13937604,0.33419156,0.01435078,0.98564922,-6.44930792
19900,1.26088572,1.26088572,20,0.86466472,0.70480127,nan,0.37897578,0,0,0,0.10947306,0.02241827,0.31307513,0.33117855,0.00531720,1.24557567,0.41384581,-0.05088974,1.05088974,9.71879292
20000,0.45476988,0.45476988,72,0.99925341,0.45341330,nan,0.00000000,0,0,0,0.25749752,0.01117185,1.55683887,1.64668858,0.02939526,3.22139049,0.22979045,0.10413606,0.89586394,5.98066292
20100,0.83078903,0.83078903,41,0.98342732,0.77706945,nan,1.38599023,0,0,0,0.22673075,0.03005004,0.75160706,0.76614916,0.50439060,2.24694324,0.76203597,0.05842357,0.94157643,8.18988085
20200,0.40982231,0.40982231,107,0.99997746,0.40978536,nan,1.69498911,0,0,0,0.13416028,0.01224690,0.43192986,0.45488811,0.04163956,1.25322509,0.17084830,-0.04957667,1.04957667,-0.21384799
20300,0.13144408,0.13144408,17,0.81731648,0.05865460,nan,1.25484233,0,0,0,0.14711109,0.02703286,0.14624664,0.15249529,0.04001971,1.80287552,0.54293466,0.03663567,0.96336433,-0.70217144
20400,0.60121864,0.60121864,168,0.99999995,0.60121852,nan,0.63917232,0,0,0,0.14344250,0.01214981,0.45003578,0.47402930,0.04214628,1.11184323,0.23784859,-0.00660912,1.00660912,0.47751540
20500,0.76899141,0.76899141,34,0.96662673,0.67136190,nan,1.07541539,0,0,0,0.13599819,0.01979316,0.45884377,0.47417086,0.19828247,1.12301779,0.30267489,0.00773152,0.99226848,6.39738099
20600,0.51744854,0.51744854,143,0.99999938,0.51744727,nan,0.66152264,0,0,0,0.15283321,0.01840877,0.90082526,0.95307487,0.01258249,1.54056418,0.49374315,0.02453747,0.97546253,3.83335002
20700,0.85232121,0.85232121,13,0.72746821,0.23870382,nan,0.09649261,0,0,0,0.09961934,0.01546167,0.68392533,0.72373664,0.00713179,0.82136834,0.25080743,0.09944205,0.90055795,1.67966127
20800,0.50154054,0.50154054,61,0.99775713,0.49705610,nan,0.87974348,0,0,0,0.13235933,0.01468832,0.84713483,0.89636648,0.01019675,1.82173979,0.48753229,0.04281462,0.95718538,0.62903137
20900,0.54960012,0.54960012,38,0.97762923,0.50204602,nan,0.50707557,0,0,0,0.13170376,0.01522989,0.25946429,0.26704073,0.13066499,1.61109316,0.29117048,0.06705211,0.93294789,0.52139154
21000,0.76929450,0.76929450,60,0.99752125,0.76169525,nan,0.16525377,0,0,0,0.34545073,0.01358471,2.45671177,2.56075835,0.68791515,4.07748652,0.30683252,-0.01392637,1.01392637,10.61565399
21100,1.10281134,1.10281134,24,0.90928205,0.75386866,nan,1.55052092,0,0,0,0.28910795,0.02057760,2.22280359,2.35290718,0.01104226,2.55064464,0.43184742,0.01268399,0.98731601,13.71563339
21200,0.22275183,0.22275183,68,0.99888622,0.22176110,nan,2.91761251,0,0,0,0.33640167,0.01041034,0.91568923,0.95448256,0.25620201,3.60180926,0.27834570,-0.11256569,1.11256569,4.89330816
21300,0.26220840,0.26220840,121,0.99999444,0.26220257,nan,2.74964262,0,0,0,0.19815932,0.01131608,0.13758773,0.14350474,0.03699876,1.51877844,0.32373300,-0.08285373,1.08285373,-0.77829692
21400,1.05509329,1.05509329,134,0.99999848,1.05508689,nan,2.60122511,0,0,0,0.26650855,0.00794273,1.79112864,1.87102914,0.43281686,2.21528673,0.19246984,-0.00590406,1.00590406,9.28752756
21500,0.32961357,0.32961357,27,0.93279449,0.24954505,nan,3.55897135,0,0,0,0.19295546,0.01404849,0.71414888,0.75586861,0.00491287,1.91682863,0.24486709,0.04092369,0.95907631,0.41447727
21600,0.83676445,0.83676445,28,0.93918994,0.65105390,nan,3.74832456,0,0,0,0.15607627,0.01282567,2.91747570,3.08905315,0.00065417,1.62692726,0.47380102,-0.11461190,1.11461190,nan
21700,0.22963913,0.22963913,78,0.99959027,0.22926299,nan,3.66707798,0,0,0,0.14523126,0.01061715,0.18125089,0.19024147,0.02841063,1.57586479,0.19919464,0.04945718,0.95054282,-2.00184298
21800,0.23121950,0.23121950,87,0.99983341,0.23106547,nan,3.93739727,0,0,0,0.11754523,0.01499430,0.11253259,0.11324352,0.10044678,1.57370818,0.34651527,-0.06011469,1.06011469,-2.09305215
21900,0.45172298,0.45172298,187,0.99999999,0.45172297,nan,3.37743863,0,0,0,0.19643627,0.00804204,0.61874884,0.65385067,0.02201781,1.65433347,0.18234789,0.00129882,0.99870118,1.22838220
22000,0.36232281,0.36232281,69,0.99899221,0.36086444,nan,2.93868565,0,0,0,0.40082943,0.01801241,0.72542560,0.72711855,0.69664603,4.06647968,0.34147894,-0.17760755,1.17760755,8.30730319
22100,0.93632728,0.93632728,0,0.00000000,0.00000000,nan,0.00000000,0,0,0,1.02040410,0.00612263,28.62592506,30.30473709,0.08615401,30.92350197,0.12734078,nan,nan,25.41157341
22200,0.33256844,0.33256844,5,0.39346934,0.00797122,nan,0.00000000,0,0,0,0.95484436,0.00357391,7.35434151,7.76821709,0.31845030,28.16779709,0.13233179,-0.04119576,1.04119576,19.22554398
22300,0.52773315,0.52773315,2,0.18126925,0.00056978,nan,0.00000000,0,0,0,0.88833165,0.00438384,7.94470453,8.40330982,0.14841671,27.71114349,0.16239259,-0.27377624,1.27377624,20.22350979
22400,1.53173685,1.53173685,0,0.00000000,0.00000000,nan,0.00000000,0,0,0,0.95019084,0.00705841,19.86585236,21.02105331,0.22741841,28.83471298,0.17091335,-0.03585415,1.03585415,30.03331184
22500,1.51092470,1.51092470,1,0.09516258,0.00012391,nan,0.00000000,0,0,0,1.03510976,0.01280325,66.19646454,70.08650970,0.06565052,31.39935684,0.35268751,-0.07656069,1.07656069,30.94301319
22600,1.79575372,1.79575372,0,0.00000000,0.00000000,nan,0.00000000,0,0,0,1.14974928,0.02960698,74.27992249,78.58678436,1.06325996,35.20217133,0.89604610,0.00018634,0.99981366,34.12724762
22700,1.58882809,1.58882809,2,0.18126925,0.00171543,nan,0.00000000,0,0,0,1.12751150,0.02617923,59.52564240,63.02308655,0.06908605,33.95613861,0.96053958,0.14762130,0.85237870,32.82323519
22800,0.62908351,0.62908351,4,0.32967995,0.00743153,nan,0.00000000,0,0,0,1.06425607,0.04245970,19.67637825,20.83352089,0.00495765,28.14763451,1.45046675,0.06665186,0.93334814,22.90346909
22900,0.22463658,0.22463658,5,0.39346934,0.00538424,nan,0.00000000,0,0,0,0.70495868,0.02579349,0.46908516,0.49667817,0.00000438,18.68285179,0.57432717,-0.05221620,1.05221620,15.02256966
23000,0.32660195,0.32660195,8,0.55067104,0.03003224,nan,0.00000000,0,0,0,0.74295360,0.00934302,4.54920292,4.80898380,0.13292167,21.19548798,0.27006173,0.12411934,0.87588066,16.63857961
23100,0.69070929,0.69070929,6,0.45118836,0.02862377,nan,0.00000000,0,0,0,0.63538814,0.02891224,13.80562305,14.61724663,0.00802527,13.51335812,0.58815163,-0.02114524,1.02114524,19.11885897
23200,0.49747223,0.49747223,0,0.00000000,0.00000000,nan,0.00000000,0,0,0,0.58521181,0.02692234,7.35121059,7.77421141,0.16019268,13.70214844,0.92768830,-0.10297324,1.10297324,16.53797468
23300,0.51898110,0.51898110,3,0.25918178,0.00234191,nan,0.00000000,0,0,0,0.50018859,0.03971970,10.94294548,11.58582115,0.01405861,11.79648972,1.75909615,0.07168363,0.92831637,15.50202560
23400,0.42671764,0.42671764,20,0.86466472,0.23852370,nan,0.00000000,0,0,0,0.44882905,0.02146408,2.09660530,2.21993423,0.00001578,9.92747116,0.74543279,0.19508955,0.80491045,11.76596673
23500,0.28799030,0.28799030,14,0.75340304,0.09278704,nan,0.00000000,0,0,0,0.47551018,0.02459440,2.88997269,3.05891609,0.01793189,9.32252693,0.71100664,0.09185283,0.90814717,11.75451660
23600,0.20345096,0.20345096,7,0.50341470,0.01306662,nan,0.00000000,0,0,0,0.37062454,0.05636944,3.69117641,3.90823150,0.00124945,8.43646240,2.39724422,-0.02125331,1.02125331,8.83332372
23700,0.52630752,0.52630752,24,0.90928205,0.35977754,nan,0.00000000,0,0,0,0.26361990,0.02799447,0.98401725,1.04067004,0.02092050,4.53101826,0.96327168,0.04501062,0.95498938,7.92662096
23800,0.74954629,0.74954629,7,0.50341470,0.04813955,nan,0.00000000,0,0,0,0.30476999,0.03827705,3.65425706,3.85815120,0.18805519,4.17927933,0.91021961,-0.07541728,1.07541728,12.50396061
23900,0.22122714,0.22122714,18,0.83470111,0.10738964,nan,0.00000000,0,0,0,0.29944059,0.02987517,0.66748047,0.70628011,0.00788740,4.60074520,1.01790237,0.11241843,0.88758157,6.71319735
24000,0.48372343,0.48372343,24,0.90928205,0.33066756,nan,0.00000000,0,0,0,0.56056339,0.01162151,2.51437688,2.64740872,0.25283763,13.07947826,0.39096358,0.23770499,0.76229501,14.34891796
24100,0.46782070,0.46782070,7,0.50341470,0.03004575,nan,0.00000000,0,0,0,0.47993198,0.03816270,1.05697286,1.11162317,0.12791632,6.31320000,0.78286922,0.07401668,0.92598332,12.69736195
24200,0.41331780,0.41331780,17,0.81731648,0.18443576,nan,0.00000000,0,0,0,0.39955780,0.01815612,1.26621985,1.32775891,0.22005534,5.49308443,0.41895425,0.13623263,0.86376737,10.49042645
24300,1.39246178,1.39246178,1,0.09516258,0.00011420,nan,0.00000000,0,0,0,0.24071714,0.04523857,0.80034977,0.82178622,0.43593031,3.08936429,1.15388536,0.08330416,0.91669584,15.73544645
24400,0.47824860,0.47824860,27,0.93279449,0.36207421,nan,0.00000000,0,0,0,0.24050348,0.02565819,0.59700847,0.62674928,0.09141479,3.29847717,0.80092341,0.13488089,0.86511911,7.34864155
24500,0.52741122,0.52741122,8,0.55067104,0.04849738,nan,0.00000000,0,0,0,0.27060115,0.01924187,1.44653678,1.53156555,0.00104893,3.41384029,0.27009809,-0.05204166,1.05204166,8.32852507
24600,0.21399546,0.21399546,16,0.79810348,0.08682432,nan,0.00000000,0,0,0,0.27927604,0.02260976,0.61026520,0.64609706,0.00112233,3.50118160,0.60785848,-0.07380661,1.07380661,4.86978078
24700,0.22521840,0.22521840,23,0.89974116,0.14759587,nan,0.00000000,0,0,0,0.28343204,0.02719526,0.83608657,0.88463819,0.01071147,3.70274782,0.69393837,0.01337386,0.98662614,5.98040438
24800,0.46829170,0.46829170,11,0.66712892,0.09275889,nan,0.00000000,0,0,0,0.19852322,0.01875344,0.33447567,0.34924939,0.08332246,1.84358346,0.41624588,0.09183304,0.90816696,4.83939195
24900,0.31715634,0.31715634,31,0.95495080,0.26375299,nan,0.00000000,0,0,0,0.18797125,0.02920490,0.66336465,0.70215672,0.00389891,2.76412916,0.76209044,0.00067613,0.99932387,4.22530651
25000,1.31740952,1.31740952,32,0.95923780,1.11538789,nan,0.00000000,0,0,0,0.51116765,0.01541704,3.04986668,3.14710331,1.39684737,10.25735855,0.33561638,0.12029896,0.87970104,22.06344223
25100,0.81744790,0.81744790,38,0.97762923,0.74671829,nan,0.00000000,0,0,0,0.22653638,0.03473617,1.08117974,1.10827661,0.62053221,2.71575284,0.83488667,0.05056044,0.94943956,9.92559099
25200,0.35519937,0.35519937,13,0.72746821,0.09947828,nan,0.00000000,0,0,0,0.21365505,0.02231637,0.36184713,0.37859663,0.07710567,2.60506558,0.61261481,-0.17599008,1.17599008,4.02685194
25300,0.42045397,0.42045397,24,0.90928205,0.28741731,nan,0.00000000,0,0,0,0.26621348,0.02345575,0.53544450,0.53443480,0.55261093,3.56110716,0.81450480,0.05569559,0.94430441,7.45088136
25400,0.21068759,0.21068759,35,0.96980262,0.18636844,nan,0.00000000,0,0,0,0.18667232,0.02458186,0.12029509,0.12603740,0.02267581,2.69221735,0.56272691,0.03606359,0.96393641,1.89246547
25500,1.36273444,1.36273444,27,0.93279449,1.03170400,nan,0.00000000,0,0,0,0.20300826,0.02222136,5.36794806,5.68121386,0.04242312,2.58096337,0.54289621,-0.15306547,1.15306547,14.27324009
25600,0.63158464,0.63158464,13,0.72746821,0.17688363,nan,0.00000000,0,0,0,0.18774286,0.03811814,0.64970386,0.68099964,0.11767644,2.42928624,1.22556567,-0.01720952,1.01720952,12.21658349
25700,0.41972336,0.41972336,28,0.93918994,0.32657044,nan,0.00000000,0,0,0,0.19719948,0.03024518,0.70972419,0.75098395,0.00830756,2.65885401,0.84632081,-0.07190888,1.07190888,5.74726790
25800,0.33899313,0.33899313,27,0.93279449,0.25664617,nan,0.00000000,0,0,0,0.21583351,0.02705448,0.63652450,0.66944188,0.07692941,2.25274372,0.64472002,-0.03938100,1.03938100,4.08966653
25900,0.50922096,0.50922096,29,0.94497678,0.40606057,nan,0.00000000,0,0,0,0.19841735,0.03399635,0.43133938,0.44655776,0.17262642,3.30650830,1.33705246,-0.04413078,1.04413078,7.89573812
26000,0.34190953,0.34190953,53,0.99500841,0.33513378,nan,0.00000000,0,0,0,0.48448193,0.01510418,1.67261946,1.75882924,0.20705292,9.49153900,0.63824385,0.11233961,0.88766039,12.59486294
26100,0.31648144,0.31648144,21,0.87754357,0.18768217,nan,0.00000000,0,0,0,0.33322704,0.02623132,0.33388856,0.35344335,0.00145730,2.49570346,0.94179505,0.04058532,0.95941468,4.93968320
26200,0.49306208,0.49306208,73,0.99932446,0.49173110,nan,0.00000000,0,0,0,0.29448393,0.02359684,0.90598404,0.95912296,0.00262243,2.32692504,0.59851110,-0.07933712,1.07933712,6.48604798
26300,0.42541081,0.42541081,17,0.81731648,0.18983205,nan,0.00000000,0,0,0,0.18830207,0.02866472,0.60322356,0.63181102,0.11723553,3.01909900,1.35173547,-0.08482441,1.08482441,5.29533482
26400,0.15547758,0.15547758,5,0.39346934,0.00372659,nan,0.00000000,0,0,0,0.24637270,0.02403195,0.16719517,0.17152363,0.09361136,2.64458442,0.68178189,0.02258773,0.97741227,3.12000847
26500,0.70754611,0.70754611,18,0.83470111,0.34346202,nan,0.00000000,0,0,0,0.16207077,0.02140559,0.24795181,0.26219279,0.00585509,1.75406754,0.62049800,0.04806899,0.95193101,3.15813907
26600,0.59423184,0.59423184,17,0.81731648,0.26516545,nan,0.00000000,0,0,0,0.16305959,0.01559579,0.77917469,0.82147777,0.06002166,1.46745062,0.38809311,-0.05920041,1.05920041,3.47955050
26700,0.20244807,0.20244807,42,0.98500442,0.19057519,nan,0.00000000,0,0,0,0.16695903,0.01574648,0.42514452,0.44616100,0.06786482,1.94816673,0.31555095,-0.07235435,1.07235435,-0.32067767
26800,0.24691868,0.24691868,30,0.95021293,0.20129718,nan,0.00000000,0,0,0,0.15092558,0.01366986,0.42136395,0.44614798,0.00003565,1.90296507,0.29451561,-0.02436207,1.02436207,0.40613347
26900,0.63563961,0.63563961,24,0.90928205,0.43451564,nan,0.00000000,0,0,0,0.20974931,0.01615254,0.70131326,0.74256653,0.00000756,1.40270400,0.30101895,-0.02823737,1.02823737,1.62070715
27000,1.68443024,1.68443024,28,0.93918994,1.31058971,nan,0.00000000,0,0,0,0.42606825,0.01759651,2.07821369,2.11317134,1.48392868,8.06976318,0.63097805,0.23403825,0.76596175,23.59013290
27100,0.64876425,0.64876425,6,0.45118836,0.02688552,nan,0.00000000,0,0,0,0.26067621,0.03151418,2.93532085,3.10715938,0.01406826,4.09270144,1.31970108,-0.01734090,1.01734090,8.90534337
27200,0.51028144,0.51028144,48,0.99177025,0.49368972,nan,0.00000000,0,0,0,0.16993757,0.01661937,0.22253042,0.23380834,0.03080581,1.75106573,0.57531768,0.07571081,0.92428919,1.52604318
27300,0.40062743,0.40062743,52,0.99448344,0.39185997,nan,0.00000000,0,0,0,0.20857173,0.01109090,0.43913686,0.46170115,0.05554382,2.09924769,0.17880771,-0.04921127,1.04921127,2.08369191
27400,0.58777010,0.58777010,44,0.98772266,0.55943233,nan,0.50514658,0,0,0,0.17897621,0.02348226,0.77072066,0.81580913,0.00421669,2.16123676,0.58844686,0.00672735,0.99327265,5.05099213
27500,0.97853649,0.97853649,83,0.99975148,0.97756412,nan,0.00000000,0,0,0,0.19715793,0.01086030,0.50943208,0.53639269,0.05110043,1.97411668,0.21073069,-0.02587294,1.02587294,7.30088472
27600,1.04548347,1.04548347,56,0.99630214,1.03010481,nan,0.00000000,0,0,0,0.09927429,0.01270552,1.30074251,1.36760044,0.16415700,1.17846918,0.26354882,0.04882802,0.95117198,4.67118049
27700,0.10521495,0.10521495,52,0.99448344,0.10291239,nan,1.53811061,0,0,0,0.15871273,0.01593446,0.16403209,0.17356485,0.00197485,1.97181535,0.33810568,-0.02259886,1.02259886,-0.07058445
27800,0.25239268,0.25239268,17,0.81731648,0.11262577,nan,1.33385134,0,0,0,0.17779633,0.02268958,0.09613812,0.10049987,0.02198849,2.28269577,0.70713741,-0.05912319,1.05912319,2.70540770
27900,0.19778331,0.19778331,20,0.86466472,0.11055556,nan,1.15749117,0,0,0,0.13979520,0.02046186,0.55945152,0.59127921,0.01838126,2.04259872,0.64341247,-0.12419544,1.12419544,2.25387251
28000,0.50579774,0.50579774,18,0.83470111,0.24552790,nan,1.84244089,0,0,0,0.37157521,0.01912594,2.77699018,2.93266249,0.13056390,5.90803862,0.36588272,-0.03995568,1.03995568,nan
28100,0.21224672,0.21224672,24,0.90928205,0.14508932,nan,2.78509328,0,0,0,0.20359243,0.01551337,0.34656817,0.36410213,0.04849009,1.86057198,0.30248886,0.07540595,0.92459405,0.72010948
28200,0.11390892,0.11390892,8,0.55067104,0.01047434,nan,3.02784943,0,0,0,0.20070474,0.01588890,0.10578689,0.11112195,0.01509096,1.75240731,0.22709338,-0.02644878,1.02644878,-1.26444042
28300,0.49126190,0.49126190,13,0.72746821,0.13758439,nan,1.75934258,0,0,0,0.15846857,0.02541146,0.34961593,0.36933064,0.01446523,1.85511446,0.73612541,-0.08204867,1.08204867,6.34891486
28400,0.25929907,0.25929907,41,0.98342732,0.24253256,nan,3.85660062,0,0,0,0.19418554,0.01569385,0.40576378,0.42927393,0.00609140,1.70636225,0.33701017,0.03675372,0.96324628,0.98688974
28500,1.08129299,1.08129299,71,0.99917490,1.07772868,nan,2.47816568,0,0,0,0.11813715,0.01315680,5.00304842,5.29202652,0.09042455,1.55068433,0.30981460,-0.01943750,1.01943750,8.11375105
28600,0.31265828,0.31265828,35,0.96980262,0.27656890,nan,2.19488437,0,0,0,0.20323092,0.01403368,0.39016452,0.41293761,0.00302202,2.03425622,0.30637398,0.07634832,0.92365168,0.71439465
28700,0.48368338,0.48368338,9,0.59343034,0.05998465,nan,3.30916120,0,0,0,0.20361286,0.01846782,0.20813291,0.21842827,0.03311129,1.99273980,0.42246336,0.04988890,0.95011110,3.51501020
28800,0.28460982,0.28460982,76,0.99949955,0.28404052,nan,3.38902554,0,0,0,0.11508536,0.01191945,0.34803200,0.36696360,0.02619518,1.43440998,0.41951638,-0.00122996,1.00122996,-1.84311795
28900,0.19275330,0.19275330,27,0.93279449,0.14593038,nan,3.40825681,0,0,0,0.13883966,0.02112534,0.27791739,0.29421335,0.00088603,1.55710661,0.56094921,0.10827317,0.89172683,0.33824086
29000,1.19399655,1.19399655,43,0.98643144,1.13050034,nan,2.68591034,0,0,0,0.34629843,0.01344368,3.29868007,3.44624281,0.79011089,6.26692820,0.45280632,0.16229002,0.83770998,16.97481092
29100,0.56386155,0.56386155,7,0.50341470,0.03621396,nan,4.40303931,0,0,0,0.15359534,0.01309401,0.87784034,0.92876780,0.01207291,1.11663222,0.19451812,0.01168974,0.98831026,0.74023047
29200,1.55407691,1.55407691,0,0.00000000,0.00000000,nan,0.00000000,0,0,0,1.01056910,0.00805611,26.27171516,27.81704140,0.00119313,30.45415878,0.18134357,nan,nan,30.80059319
29300,1.50838792,1.50838792,0,0.00000000,0.00000000,nan,0.00000000,0,0,0,1.10079575,0.01938842,57.14116669,60.41178513,1.54062295,32.96623230,0.69654638,-0.40313828,1.40313828,30.82060623
29400,1.08704996,1.08704996,2,0.18126925,0.00117367,nan,0.00000000,0,0,0,1.13410509,0.01022298,23.41349602,24.77716446,0.23113947,33.60406494,0.27984345,-0.15575852,1.15575852,27.36168766
29500,0.69160146,0.69160146,3,0.25918178,0.00312086,nan,0.00000000,0,0,0,1.27492285,0.01297439,29.80208015,31.50950050,0.77598488,39.28196335,0.35569701,-0.08482227,1.08482227,24.31680806
29600,0.72473681,0.72473681,4,0.32967995,0.00856151,nan,0.00000000,0,0,0,1.28651381,0.01903443,7.06500053,7.46567011,0.25362036,36.25403595,0.71147227,-0.21232597,1.21232597,24.62258720
29700,1.39453065,1.39453065,3,0.25918178,0.00629283,nan,0.00000000,0,0,0,1.17188334,0.02697231,36.78414917,38.94392395,0.06798960,36.06060791,1.23523080,-0.07902192,1.07902192,29.33187771
29800,0.44425592,0.44425592,7,0.50341470,0.02853230,nan,0.00000000,0,0,0,0.95040727,0.02508955,20.00064087,21.17437363,0.04717772,29.27771378,1.20149636,-0.15780602,1.15780602,19.69524129
29900,0.39326704,0.39326704,1,0.09516258,0.00003225,nan,0.00000000,0,0,0,0.73857212,0.03011329,2.40777898,2.54842949,0.01671699,21.64368439,1.39508975,-0.01461548,1.01461548,17.04647217
30000,1.56866884,1.56866884,6,0.45118836,0.06500741,nan,0.00000000,0,0,0,0.79198635,0.00952217,15.86761284,16.77077293,0.51389635,22.68708801,0.27122453,-0.03668714,1.03668714,28.45569229
30100,1.34891200,1.34891200,1,0.09516258,0.00011062,nan,0.00000000,0,0,0,0.64884067,0.03919476,8.93901443,9.41773510,0.80075580,14.39805126,0.70304006,0.17795425,0.82204575,26.26115036
30200,0.51601315,0.51601315,16,0.79810348,0.20936187,nan,0.00000000,0,0,0,0.62092823,0.01319453,8.87667370,9.38807392,0.18286359,16.72195244,0.31231010,0.18430936,0.81569064,16.90797234
30300,1.16278028,1.16278028,3,0.25918178,0.00524705,nan,0.00000000,0,0,0,0.50396240,0.03325472,19.96860504,21.13087463,0.21003161,13.98442078,1.19424784,-0.04531512,1.04531512,21.74126148
30400,0.35906681,0.35906681,7,0.50341470,0.02306104,nan,0.00000000,0,0,0,0.41463161,0.01605313,4.28076124,4.53001642,0.04343176,11.31451797,0.44593588,0.11618282,0.88381718,11.72062469
30500,0.70971984,0.70971984,13,0.72746821,0.19876642,nan,0.00000000,0,0,0,0.41454768,0.01936115,8.87837601,9.38383579,0.28556180,11.11462212,0.62016791,0.20079910,0.79920090,13.87095690
30600,0.43141255,0.43141255,12,0.69880579,0.10287711,nan,0.00000000,0,0,0,0.30319726,0.02798557,3.24362850,3.43183637,0.04409601,7.11545897,0.87293488,0.06323426,0.93676574,8.26216984
30700,0.44238651,0.44238651,12,0.69880579,0.10549402,nan,0.00000000,0,0,0,0.39134634,0.01958129,6.00916719,6.35569000,0.11827807,9.25311947,0.72866225,-0.01656727,1.01656727,11.65932965
30800,0.58456004,0.58456004,2,0.18126925,0.00063114,nan,0.00000000,0,0,0,0.36334553,0.03719343,12.42954159,13.15401745,0.11345378,9.05000973,1.63247931,-0.19184969,1.19184969,12.75455729
30900,0.43572932,0.43572932,9,0.59343034,0.05403757,nan,0.00000000,0,0,0,0.23955666,0.02744720,1.31699419,1.37769604,0.28506157,4.62620449,0.90907604,0.02825092,0.97174908,8.72686005
31000,1.17848051,1.17848051,8,0.55067104,0.10836557,nan,0.00000000,0,0,0,0.62296510,0.00741134,4.88917923,5.11645174,1.02554595,15.28130245,0.22087550,0.05502829,0.94497171,22.84647465
31100,0.40020391,0.40020391,23,0.89974116,0.26227185,nan,0.00000000,0,0,0,0.50429362,0.01487613,3.43424869,3.63266611,0.06114326,9.36174965,0.35635957,0.00838363,0.99161637,13.41735497
31200,0.69883823,0.69883823,2,0.18126925,0.00075452,nan,0.00000000,0,0,0,0.58417749,0.07071239,0.91107631,0.96411043,0.00949596,6.57380819,2.33873844,-0.06421356,1.06421356,18.52424113
31300,0.39317629,0.39317629,10,0.63212056,0.06277504,nan,0.00000000,0,0,0,0.31266886,0.02237239,0.72069818,0.76135135,0.02959466,3.59133315,0.93358070,0.06371702,0.93628298,7.95092901
31400,1.18395567,1.18395567,2,0.18126925,0.00127830,nan,0.00000000,0,0,0,0.32748401,0.04759536,1.64678931,1.74362719,0.00054616,4.98161888,2.16881084,0.00144735,0.99855265,19.01674080
31500,1.03137684,1.03137684,14,0.75340304,0.33229732,nan,0.00000000,0,0,0,0.21202824,0.03405372,2.35929823,2.49173617,0.10785385,3.51747012,1.43120909,-0.02216391,1.02216391,15.57615070
31600,0.47035801,0.47035801,5,0.39346934,0.01127385,nan,0.00000000,0,0,0,0.19652483,0.02640158,0.62415713,0.65870601,0.03682607,2.59670496,0.69499373,-0.04794477,1.04794477,5.45877059
31700,0.60542905,0.60542905,11,0.66712892,0.11992295,nan,0.00000000,0,0,0,0.25589213,0.03426942,1.04735613,1.10296619,0.10198449,3.39241838,0.86135346,-0.01673280,1.01673280,10.84227552
31800,0.25392684,0.25392684,37,0.97527647,0.22973100,nan,0.00000000,0,0,0,0.22697586,0.02147554,0.47558790,0.50212830,0.02440031,3.57708955,0.70563155,-0.06860900,1.06860900,4.22972029
31900,0.69329572,0.69329572,15,0.77686984,0.25252918,nan,0.00000000,0,0,0,0.25618109,0.02252294,0.56871009,0.60129023,0.01484764,3.10376453,0.88839298,0.01483582,0.98516418,8.79446876
32000,0.62519413,0.62519413,22,0.88919684,0.39084678,nan,0.00000000,0,0,0,0.45988348,0.01480490,1.54020178,1.59649456,0.58322459,9.46759033,0.29387829,-0.16540702,1.16540702,14.96656990
32100,0.34917149,0.34917149,22,0.88919684,0.21828828,nan,0.00000000,0,0,0,0.51208282,0.02077104,1.88706291,1.99746704,0.01018974,8.01592636,0.59068054,-0.14785766,1.14785766,11.94173431
32200,0.75721818,0.75721818,17,0.81731648,0.33789522,nan,0.00000000,0,0,0,0.71126050,0.03011071,6.54943800,6.92342567,0.19164623,7.92707825,0.50623786,0.08796843,0.91203157,18.27288103
32300,0.34005392,0.34005392,16,0.79810348,0.13796998,nan,0.00000000,0,0,0,0.75966251,0.03211122,0.78706998,0.78017855,0.90422386,9.04527473,1.35769475,0.02596484,0.97403516,15.34826978
32400,0.27398404,0.27398404,39,0.97975809,0.25246472,nan,0.00000000,0,0,0,0.58249986,0.03273406,1.37706137,1.45803404,0.00052570,5.26575232,1.14659536,0.02730803,0.97269197,10.63630562
32500,0.85132021,0.85132021,19,0.85043138,0.44529729,nan,0.00000000,0,0,0,0.36151698,0.02360239,2.11189985,2.22609448,0.17059942,3.45978045,0.99432629,-0.06576462,1.06576462,13.56511068
32600,0.19409285,0.19409285,37,0.97527647,0.17559839,nan,0.00000000,0,0,0,0.28848824,0.02082932,0.27218646,0.28757641,0.01055756,2.74607754,0.85037088,-0.02789490,1.02789490,5.63455009
32700,0.29907379,0.29907379,39,0.97975809,0.27558386,nan,0.00000000,0,0,0,0.21008976,0.02293432,0.24256951,0.24130201,0.26411676,3.25961185,0.79741114,-0.00007516,1.00007516,4.09476709
32800,0.27557418,0.27557418,13,0.72746821,0.07717819,nan,0.00000000,0,0,0,0.18320778,0.03181815,0.25592983,0.24615473,0.42210659,2.34314609,0.94023544,0.01079140,0.98920860,3.18255608
