block_index,step,E_k,W_k,mean_familiarity_z,mean_familiarity_weight,mean_surprise,mean_gradient_coherence,mean_gradient_novelty,regime_change
0,10099,0.09816173,0.00000000,0.12442433,0.15059140,0.94437913,0.06253994,0.93746006,0
1,10199,0.25747408,0.00000000,0.26807036,0.38514731,0.72096344,-0.03322642,1.03322642,0
2,10299,0.34053593,0.00000000,0.26179401,0.38253214,0.91539174,-0.02837994,1.02837994,0
3,10399,0.43184504,0.00000000,0.44784428,0.49975434,0.88927718,0.00250488,0.99749512,0
4,10499,0.36180505,0.00000000,0.68226108,0.71867745,0.51075640,0.09366300,0.90633700,0
5,10599,0.38944731,0.00000000,0.59424610,0.64557325,0.65726167,0.05203788,0.94796212,0
6,10699,0.31120528,0.00000000,0.28978666,0.46504973,0.96994236,-0.01390552,1.01390552,0
7,10799,0.23331537,0.00000000,0.03893897,0.26814833,0.91776843,-0.00847612,1.00847612,0
8,10899,0.23121567,0.00000000,0.05863068,0.30366320,0.81673543,-0.03828491,1.03828491,0
9,10999,0.22716414,0.00000000,0.18219916,0.33580630,0.68722026,-0.01220107,1.01220107,0
10,11099,0.86601199,0.00000000,0.78915111,0.82054264,1.14076360,-0.09632509,1.09632509,0
11,11199,0.44005339,0.00000000,0.90531079,0.91728484,0.47831422,-0.03241241,1.03241241,0
12,11299,0.38300846,0.00000000,0.81190678,0.82738609,0.46892053,0.02055218,0.97944782,0
13,11399,0.33945695,0.00000000,0.83729173,0.84228615,0.41154214,0.04642935,0.95357065,0
14,11499,0.45106610,0.00000000,0.82926336,0.84654482,0.52073156,0.03590483,0.96409517,0
15,11599,0.42923288,0.00000000,0.75637429,0.76204205,0.56989385,0.03714642,0.96285358,0
16,11699,0.45566923,0.00000000,0.69303691,0.72473625,0.64224883,0.02597047,0.97402953,0
17,11799,0.44199583,0.00000000,0.76846742,0.77085760,0.57637841,0.02712407,0.97287593,0
18,11899,0.50418375,0.00000000,0.81171365,0.83008667,0.62605859,0.03327405,0.96672595,0
19,11999,0.45886034,0.00000000,0.86195873,0.87732339,0.56246795,0.00138607,0.99861393,0
20,12099,0.65899197,0.00000000,0.78123312,0.79555290,0.83630056,0.01183591,0.98816409,0
21,12199,0.51955732,0.00000000,0.76522870,0.78888102,0.67697429,-0.02677457,1.02677457,0
22,12299,0.58972432,0.00000000,0.65768119,0.69680274,0.91319800,0.07636446,0.92363554,0
23,12399,0.34445120,0.00000000,0.17955282,0.35727826,1.30113378,-0.01208322,1.01208322,0
24,12499,0.18458425,0.00000000,-0.05758877,0.18558525,1.16406321,-0.06452878,1.06452878,0
25,12599,0.19750731,0.00000000,0.09373512,0.27252331,0.72200697,-0.06194123,1.06194123,0
26,12699,0.15869329,0.00000000,0.13526386,0.30598591,0.58309205,-0.03875194,1.03875194,0
27,12799,0.16343210,0.00000000,0.13754199,0.27921760,0.62912254,-0.02465730,1.02465730,0
28,12899,0.16032936,0.00000000,0.19532281,0.29035596,0.57412803,-0.06816033,1.06816033,0
29,12999,0.19531756,0.00000000,0.16243039,0.29611221,0.69097990,-0.00499498,1.00499498,0
30,13099,0.97950549,0.00000000,0.61746305,0.67176682,1.48077618,-0.04877241,1.04877241,0
31,13199,0.33375427,0.00000000,0.40762367,0.51131949,0.73543479,-0.00736435,1.00736435,0
32,13299,0.24614677,0.00000000,0.15210910,0.30927761,0.91912901,-0.00410918,1.00410918,0
33,13399,0.24999201,0.00000000,0.30003834,0.40902084,0.66233481,-0.01973653,1.01973653,0
34,13499,0.27882400,0.00000000,0.35888542,0.43131902,0.64660387,-0.01604712,1.01604712,0
35,13599,0.26978665,0.00000000,0.44256972,0.50142883,0.58638491,-0.02450806,1.02450806,0
36,13699,0.29091326,0.00000000,0.49001391,0.53640947,0.56416704,-0.03578329,1.03578329,0
37,13799,0.28022175,0.00000000,0.37675479,0.44830271,0.70421638,-0.01121370,1.01121370,0
38,13899,0.29462674,0.00000000,0.45638571,0.50618050,0.60238649,-0.02215615,1.02215615,0
39,13999,0.35510165,0.00000000,0.45729905,0.51070037,0.72687812,-0.00547779,1.00547779,0
40,14099,1.01002548,0.38720350,0.81982920,0.82758397,1.25307132,-0.04064012,1.04064012,0
41,14199,0.45430480,0.16711271,0.87099131,0.88940202,0.52333065,-0.04246403,1.04246403,0
42,14299,0.43872726,0.00000000,0.81065228,0.82509178,0.55658886,0.00475533,0.99524467,0
43,14399,0.45402489,0.03292968,0.52365131,0.55734911,0.92936547,-0.03642816,1.03642816,0
44,14499,0.44463596,0.09308868,0.43286197,0.50781307,0.87014368,-0.06486678,1.06486678,0
45,14599,0.33264835,0.07797009,0.33056479,0.45800527,0.76483713,-0.04392277,1.04392277,0
46,14699,0.29345330,0.01871961,0.38887180,0.46450705,0.62772530,-0.01713805,1.01713805,0
47,14799,0.34687662,0.00836449,0.39848334,0.47047032,0.71423197,-0.00575406,1.00575406,0
48,14899,0.35219050,0.00000000,0.47913507,0.53833723,0.64368468,-0.02516588,1.02516588,0
49,14999,0.36248137,0.00000000,0.48506210,0.52047643,0.71388300,0.01356799,0.98643201,0
50,15099,0.82690176,0.25335803,0.72227534,0.75503172,1.12576505,-0.03991359,1.03991359,0
51,15199,0.37254082,0.17177562,0.53514365,0.59441438,0.69099477,-0.01468245,1.01468245,0
52,15299,0.32064821,0.00000000,0.68107204,0.69642861,0.49559762,-0.00651116,1.00651116,0
53,15399,0.34376134,0.00000000,0.37664849,0.50405818,0.71285508,0.00033985,0.99966015,0
54,15499,0.37586558,0.00000000,0.59300468,0.62052161,0.62469384,-0.02255495,1.02255495,0
55,15599,0.29576548,0.00000000,0.50696023,0.56296893,0.59172100,-0.00373988,1.00373988,0
56,15699,0.33581718,0.00000000,0.56970845,0.61732001,0.61028628,-0.02262009,1.02262009,0
57,15799,0.35707237,0.00000000,0.54869720,0.58560293,0.67973520,-0.00025845,1.00025845,0
58,15899,0.35578022,0.00000000,0.51110304,0.56291403,0.67132643,-0.00532859,1.00532859,0
59,15999,0.38104980,0.00000000,0.65536250,0.67697865,0.56948428,-0.00296100,1.00296100,0
60,16099,0.84908244,0.24468832,0.76332113,0.79840302,1.20067854,-0.03898988,1.03898988,0
61,16199,0.56401445,0.13560321,0.87355954,0.88441389,0.65459126,-0.04288921,1.04288921,0
62,16299,0.47192149,0.00000000,0.88581345,0.88849226,0.55191643,-0.01833106,1.01833106,0
63,16399,0.62347325,0.00000000,0.81895532,0.82489341,0.77240499,0.02513968,0.97486032,0
64,16499,0.48085508,0.00000000,0.71479300,0.73202882,0.71716171,0.03148589,0.96851411,0
65,16599,0.48915885,0.00000000,0.82400561,0.85553517,0.56392456,0.01352616,0.98647384,0
66,16699,0.50529755,0.00000000,0.71300964,0.73046995,0.71646698,0.00038090,0.99961910,0
67,16799,0.51030822,0.00000000,0.74848700,0.76759084,0.68564883,0.01201352,0.98798648,0
68,16899,0.54208572,0.00543012,0.66242305,0.70617351,0.80615902,0.00687645,0.99312355,0
69,16999,0.52081831,0.08716907,0.50480331,0.57695746,1.02365969,-0.03226884,1.03226884,0
70,17099,1.08946637,0.64431776,0.65847662,0.69725990,1.55745684,0.01205054,0.98794946,0
71,17199,0.56362199,0.65985453,0.69465613,0.71791314,0.86610787,-0.00872051,1.00872051,0
72,17299,0.38181564,0.36486642,0.88112962,0.88651597,0.42958280,0.01824812,0.98175188,0
73,17399,0.41764257,0.11695929,0.86772418,0.87444067,0.49131146,0.02067171,0.97932829,0
74,17499,0.43300923,0.00000000,0.71692182,0.73951416,0.57262411,-0.02466554,1.02466554,0
75,17599,0.47263388,0.00180631,0.51535819,0.62070052,0.83210042,-0.00932539,1.00932539,0
76,17699,0.34001965,0.00000000,0.44611806,0.52624961,0.71229021,-0.04984877,1.04984877,0
77,17799,0.30948841,0.00000000,0.50030405,0.53668636,0.58316943,-0.00622460,1.00622460,0
78,17899,0.27513711,0.00000000,0.42361892,0.47291779,0.57403760,-0.03314277,1.03314277,0
79,17999,0.23176972,0.00000000,0.45268851,0.51291195,0.50850004,-0.00905285,1.00905285,0
80,18099,0.75660374,0.23576939,0.66555317,0.68844102,1.12549617,0.04860784,0.95139216,0
81,18199,0.47843726,0.15375687,0.71638977,0.73649742,0.65959235,-0.00396537,1.00396537,0
82,18299,0.42404270,0.00000000,0.79542474,0.81732626,0.51762000,-0.00296252,1.00296252,0
83,18399,0.41143844,0.00000000,0.82228978,0.82407847,0.50191705,0.01470944,0.98529056,0
84,18499,0.54790929,0.00000000,0.69911550,0.72558592,0.80404872,0.00891327,0.99108673,0
85,18599,0.45795070,0.00000000,0.85192013,0.85408712,0.54549071,0.02263398,0.97736602,0
86,18699,0.40503662,0.00000000,0.63765479,0.67104624,0.67600875,-0.00705649,1.00705649,0
87,18799,0.35461444,0.00000000,0.37364404,0.47413901,0.89922385,-0.06210788,1.06210788,0
88,18899,0.29136574,0.00000000,0.49772155,0.55820549,0.63941558,-0.00353236,1.00353236,0
89,18999,0.34275555,0.00000000,0.43770754,0.54448008,0.72430577,-0.01401871,1.01401871,0
90,19099,0.68344205,0.12070150,0.73585341,0.74493206,0.93461871,0.19203925,0.80796075,0
91,19199,0.38493827,0.00000000,0.82956798,0.83992580,0.47763113,-0.00312574,1.00312574,0
92,19299,0.45320784,0.00000000,0.84356003,0.85989606,0.55404144,0.02684847,0.97315153,0
93,19399,0.42691667,0.00000000,0.89645900,0.89668037,0.47560729,0.02053138,0.97946862,0
94,19499,0.45905388,0.00000000,0.91617214,0.91997642,0.52043744,0.01715976,0.98284024,0
95,19599,0.50370060,0.00000000,0.81294337,0.83490859,0.62321328,0.02947517,0.97052483,0
96,19699,0.43011024,0.00000000,0.80950359,0.81039116,0.54399790,0.02981629,0.97018371,0
97,19799,0.40877373,0.00000000,0.86079537,0.87545774,0.47783696,0.03504162,0.96495838,0
98,19899,0.54030090,0.00000000,1.00167954,1.00167954,0.55467302,0.01298582,0.98701418,0
99,19999,0.50416730,0.00000000,0.89916442,0.90952680,0.58699149,0.00978750,0.99021250,0
100,20099,0.93997541,0.32967906,0.80614033,0.81819058,1.15981054,0.01939660,0.98060340,0
101,20199,0.56289560,0.26152306,0.83217929,0.84034984,0.66837187,0.00219109,0.99780891,0
102,20299,0.57719809,0.19105449,0.85585715,0.86225858,0.68092783,-0.01215358,1.01215358,0
103,20399,0.42822799,0.08071073,0.69113375,0.71684277,0.58678451,0.02866439,0.97133561,0
104,20499,0.56714411,0.09401864,0.71293504,0.73768938,0.82792585,-0.00105466,1.00105466,0
105,20599,0.49605135,0.00000000,0.83096737,0.85216342,0.60193817,-0.00606024,1.00606024,0
106,20699,0.54072091,0.00000000,0.86585986,0.87119477,0.63913748,0.00602869,0.99397131,0
107,20799,0.54539022,0.00000000,0.87552352,0.88213595,0.65366812,0.01894849,0.98105151,0
108,20899,0.50539860,0.02389826,0.58685188,0.64146952,1.02651509,0.01249409,0.98750591,0
109,20999,0.47395670,0.06947066,0.53529055,0.56966502,0.87538247,0.01560515,0.98439485,0
110,21099,0.98270905,0.44676949,0.79513707,0.80315150,1.32002373,0.21485940,0.78514060,0
111,21199,0.45456378,0.30483899,0.76209172,0.78538685,0.61714035,0.12507178,0.87492822,0
112,21299,0.42956461,0.28940524,0.49618548,0.58653987,0.83246287,-0.01188623,1.01188623,0
113,21399,0.35350008,0.18842181,0.56092791,0.59846072,0.58512998,-0.03091801,1.03091801,0
114,21499,0.38133938,0.15289777,0.49829029,0.54942017,0.69054493,-0.01695934,1.01695934,0
115,21599,0.30187695,0.03309398,0.50508569,0.55551056,0.57777460,0.00200440,0.99799560,0
116,21699,0.34180500,0.00000000,0.42819415,0.51841432,0.69589417,-0.01040125,1.01040125,0
117,21799,0.34893790,0.00000000,0.41105680,0.47266054,0.78099988,-0.01450857,1.01450857,0
118,21899,0.29159781,0.00000000,0.41780296,0.47625149,0.67932487,-0.00976024,1.00976024,0
119,21999,0.29845697,0.02925002,0.23522817,0.35518046,0.84348999,-0.02915010,1.02915010,0
120,22099,0.79128784,0.22816826,0.75678033,0.78154782,1.02514177,0.20371247,0.79628753,0
121,22199,0.42182567,0.00000000,0.87392693,0.88500767,0.48975065,0.02616458,0.97383542,0
122,22299,0.40705635,0.00000000,0.88448435,0.88628707,0.46809062,0.01430580,0.98569420,0
123,22399,0.46311488,0.00000000,0.87736075,0.88898358,0.54715403,0.02049622,0.97950378,0
124,22499,0.51300064,0.00000000,0.84633069,0.85527365,0.61045496,0.02817265,0.97182735,0
125,22599,0.44604556,0.00000000,0.83926706,0.84769292,0.54375583,0.03972679,0.96027321,0
126,22699,0.43346646,0.00000000,0.81477639,0.82729018,0.55767134,0.04268965,0.95731035,0
127,22799,0.47959867,0.00000000,0.67887872,0.71418568,0.69047786,0.04079562,0.95920438,0
128,22899,0.48392782,0.00000000,0.82233226,0.83032044,0.60923436,0.02752256,0.97247744,0
129,22999,0.52976031,0.00000000,0.82894213,0.85567538,0.61850108,-0.00468314,1.00468314,0
130,23099,0.73088089,0.17595590,0.69995051,0.73768609,0.99689013,0.01635440,0.98364560,0
131,23199,0.45419632,0.21231074,0.48368600,0.55296654,1.05510436,0.01087025,0.98912975,0
132,23299,0.34689358,0.23038835,0.38586237,0.43419881,0.78388663,0.02370695,0.97629305,0
133,23399,0.30974380,0.19287796,0.33268487,0.45854635,0.71777675,0.04666041,0.95333959,0
134,23499,0.32956865,0.09782984,0.52386947,0.56070300,0.58461821,0.00045297,0.99954703,0
135,23599,0.33296806,0.00000000,0.55183442,0.58660022,0.63726183,-0.02109638,1.02109638,0
136,23699,0.32834484,0.00000000,0.40169622,0.50083712,0.66921911,-0.00012097,1.00012097,0
137,23799,0.31880134,0.00000000,0.47322208,0.52300784,0.67927846,-0.02039933,1.02039933,0
138,23899,0.26483784,0.00000000,0.40014632,0.44939040,0.60282458,-0.02891984,1.02891984,0
139,23999,0.29166007,0.00000000,0.56603425,0.59672407,0.52104857,-0.00559722,1.00559722,0
140,24099,0.91683206,0.41031679,0.66129374,0.67214428,1.35458241,0.26978171,0.73021829,0
141,24199,0.43939863,0.34500401,0.63397112,0.66349528,0.70285714,0.11843733,0.88156267,0
142,24299,0.40676150,0.25535428,0.61237263,0.65257042,0.64736161,0.02538141,0.97461859,0
143,24399,0.39595521,0.09683125,0.69047830,0.72926229,0.54761770,0.01057199,0.98942801,0
144,24499,0.38249163,0.00000000,0.78756819,0.79129502,0.49889727,0.01232557,0.98767443,0
145,24599,0.49236597,0.00000000,0.79778900,0.82043891,0.65601506,0.01710080,0.98289920,0
146,24699,0.47331971,0.00000000,0.79192690,0.79853756,0.60744364,0.01999200,0.98000800,0
147,24799,0.48238455,0.00000000,0.62519878,0.66780830,0.90735866,0.01167347,0.98832653,0
148,24899,0.39477716,0.03586548,0.41841717,0.47422147,0.84757942,0.01106544,0.98893456,0
149,24999,0.29059343,0.00000000,0.47054107,0.53157449,0.63263077,0.02050543,0.97949457,0
150,25099,0.78686678,0.19027152,0.77092074,0.78941634,1.02160594,0.27287872,0.72712128,0
151,25199,0.46447802,0.06481463,0.75157730,0.77709671,0.63347232,0.09781986,0.90218014,0
152,25299,0.39432022,0.00000000,0.85704594,0.86698948,0.47716313,0.02668311,0.97331689,0
153,25399,0.37373940,0.00000000,0.82735283,0.82944603,0.48083417,0.03982393,0.96017607,0
154,25499,0.39284616,0.00000000,0.80724197,0.81025396,0.48073313,0.03959003,0.96040997,0
155,25599,0.37486584,0.00000000,0.68009666,0.70628793,0.56421207,0.01627310,0.98372690,0
156,25699,0.48108936,0.00000000,0.83076322,0.83541853,0.58487497,0.04434497,0.95565503,0
157,25799,0.43796896,0.00000000,0.75839852,0.76764499,0.56947979,0.01913870,0.98086130,0
158,25899,0.52601007,0.00000000,0.73649807,0.75589764,0.71956185,0.03266228,0.96733772,0
159,25999,0.43886539,0.00000000,0.72560637,0.74771321,0.59436108,0.00548341,0.99451659,0
160,26099,0.73800967,0.14566700,0.77603493,0.79001020,0.96861161,0.06465705,0.93534295,0
161,26199,0.46562280,0.00615625,0.78120262,0.80401991,0.60837135,0.07569334,0.92430666,0
162,26299,0.41874629,0.00000000,0.71595305,0.72578135,0.59918980,0.01018202,0.98981798,0
163,26399,0.44409540,0.00000000,0.82624790,0.83446158,0.56190907,0.05915647,0.94084353,0
164,26499,0.53151995,0.00000000,0.86462957,0.87178657,0.59025227,0.03947413,0.96052587,0
165,26599,0.42931197,0.00000000,0.80038922,0.81409918,0.56558790,0.01541774,0.98458226,0
166,26699,0.51854437,0.00000000,0.89039381,0.89257705,0.62405882,-0.00549983,1.00549983,0
167,26799,0.55785496,0.00000000,0.91656300,0.91941804,0.61965864,0.01210317,0.98789683,0
168,26899,0.60670854,0.00000000,0.81830705,0.83072322,0.75673396,0.00494934,0.99505066,0
169,26999,0.61530137,0.00000000,0.81913944,0.83729918,0.76190422,-0.03746946,1.03746946,0
170,27099,0.92768736,0.33766950,0.77761787,0.78779157,1.17127418,0.14830217,0.85169783,0
171,27199,0.51052431,0.23571248,0.78079742,0.81205312,0.67786151,-0.02495161,1.02495161,0
172,27299,0.47541904,0.09028215,0.80988971,0.82342680,0.59943194,0.04146076,0.95853924,0
173,27399,0.51579771,0.00000000,0.86640814,0.86665351,0.60902376,0.00701680,0.99298320,0
174,27499,0.43656633,0.00000000,0.87198899,0.87459138,0.50507944,0.00896458,0.99103542,0
175,27599,0.55335326,0.00000000,0.81088055,0.81698245,0.70819901,0.01592667,0.98407333,0
176,27699,0.47026723,0.00000000,0.84777054,0.85459823,0.57160470,0.01061877,0.98938123,0
177,27799,0.58204557,0.00000000,0.84778940,0.85699271,0.72022774,-0.01848840,1.01848840,0
178,27899,0.51639957,0.00000000,0.87525830,0.87924744,0.60510788,0.04855540,0.95144460,0
179,27999,0.58237446,0.00000000,0.85257158,0.85276639,0.67396310,-0.00045804,1.00045804,0
180,28099,0.70669865,0.13868184,0.73734855,0.75701611,0.97454545,0.01548115,0.98451885,0
181,28199,0.54863582,0.06843670,0.82012459,0.82170325,0.69013549,0.02592369,0.97407631,0
182,28299,0.46706929,0.00000000,0.73587187,0.77502572,0.61473061,0.01384053,0.98615947,0
183,28399,0.58089817,0.02401972,0.71050151,0.73973608,0.82519178,-0.04204528,1.04204528,0
184,28499,0.46205683,0.00000000,0.71339650,0.74007288,0.64348986,-0.03301533,1.03301533,0
185,28599,0.33249192,0.00000000,0.68271080,0.69262397,0.50821653,0.03383881,0.96616119,0
186,28699,0.47114957,0.00000000,0.81578466,0.81753874,0.60825162,0.02060929,0.97939071,0
187,28799,0.49414717,0.00000000,0.82521938,0.83785286,0.59138410,-0.08926746,1.08926746,0
188,28899,0.48729375,0.00000000,0.67958454,0.70192831,0.69164623,0.04233672,0.95766328,0
189,28999,0.48189287,0.00000000,0.74442750,0.75127339,0.67641685,0.00630291,0.99369709,0
190,29099,0.65862596,0.16248405,0.64321662,0.66058884,1.08091862,0.09736576,0.90263424,0
191,29199,0.49158352,0.05816749,0.77920851,0.78977399,0.64232881,0.00633323,0.99366677,0
192,29299,0.42741139,0.00000000,0.76317510,0.78639072,0.57701202,-0.02145328,1.02145328,0
193,29399,0.39182999,0.00000000,0.73140190,0.74664532,0.54361178,0.02165273,0.97834727,0
194,29499,0.63918659,0.22339137,0.51222644,0.55305966,1.19041069,0.09919866,0.90080134,0
195,29599,0.54361838,0.28546351,0.60480597,0.63625208,0.89649555,-0.08978173,1.08978173,0
196,29699,0.38183398,0.05576831,0.80589091,0.80589091,0.48657503,0.08417955,0.91582045,0
197,29799,0.54956500,0.07387671,0.68112038,0.70208079,0.80535304,-0.00952509,1.00952509,0
198,29899,0.51263037,0.17078726,0.46877881,0.54827559,1.00127324,-0.05080413,1.05080413,0
199,29999,0.30723240,0.11812615,0.40744517,0.47292242,0.73103809,0.05321910,0.94678090,0
200,30099,0.76188513,0.34993768,0.65783582,0.69654962,1.16115542,0.46368558,0.53631442,0
201,30199,0.49515266,0.22818240,0.78375866,0.80607100,0.65171805,0.34485405,0.65514595,0
202,30299,0.45555213,0.01840283,0.86231907,0.86992324,0.54794177,0.22023254,0.77976746,0
203,30399,0.39557139,0.00000000,0.85754608,0.86818342,0.47078469,0.06035215,0.93964785,0
204,30499,0.37265741,0.00000000,0.89770745,0.90245138,0.43660208,0.04818880,0.95181120,0
205,30599,0.39117596,0.00000000,0.86038068,0.87532696,0.48345001,0.01556809,0.98443191,0
206,30699,0.45900629,0.00000000,0.98666675,0.98666675,0.48521826,0.01110859,0.98889141,0
207,30799,0.44963722,0.00000000,0.79297691,0.81351944,0.55173711,0.02660241,0.97339759,0
208,30899,0.41631821,0.00000000,0.78922217,0.79348980,0.55295448,0.00424860,0.99575140,0
209,30999,0.41983170,0.00000000,0.74783488,0.76271783,0.57476103,0.02917140,0.97082860,0
210,31099,0.77745866,0.23702790,0.71249399,0.71915902,1.11469870,-0.03424850,1.03424850,0
211,31199,0.45113834,0.04506790,0.83545206,0.85091590,0.54055952,0.11848590,0.88151410,0
212,31299,0.42057821,0.00000000,0.80289952,0.80940759,0.53046164,0.02671536,0.97328464,0
213,31399,0.45653300,0.00000000,0.78000676,0.78875996,0.59900835,0.00603707,0.99396293,0
214,31499,0.42660986,0.00000000,0.73248927,0.74902916,0.59707352,0.01243360,0.98756640,0
215,31599,0.46426627,0.00000000,0.80429787,0.82695885,0.59028571,0.00234800,0.99765200,0
216,31699,0.41974245,0.00000000,0.63750744,0.66300587,0.62098640,-0.00943245,1.00943245,0
217,31799,0.39822877,0.00000000,0.62990434,0.65821926,0.63561297,0.04031685,0.95968315,0
218,31899,0.52764757,0.04184498,0.61320561,0.64768355,0.85347329,0.06504572,0.93495428,0
219,31999,0.60149138,0.06640395,0.73909637,0.76749566,0.80774974,-0.04713187,1.04713187,0
220,32099,0.71399435,0.26398852,0.64670772,0.68577792,1.12911339,0.13654598,0.86345402,0
221,32199,0.43871531,0.10852147,0.75952859,0.78501173,0.58088607,0.03496033,0.96503967,0
222,32299,0.36885095,0.00000000,0.77188458,0.77627240,0.51059379,0.00928119,0.99071881,0
223,32399,0.35839360,0.00000000,0.72578042,0.77089840,0.52134419,0.00489437,0.99510563,0
224,32499,0.45093885,0.00000000,0.78276279,0.80365131,0.57589684,0.03127965,0.96872035,0
225,32599,0.41481696,0.00000000,0.81724029,0.83109693,0.53131650,-0.01918986,1.01918986,0
226,32699,0.44352820,0.00000000,0.71824096,0.74223404,0.63330180,-0.01023721,1.01023721,0
227,32799,0.65094227,0.10005880,0.71930747,0.73522392,0.91553158,0.05951450,0.94048550,0
228,32899,0.46103871,0.10665947,0.58506956,0.60460019,0.77773678,-0.02473855,1.02473855,0
229,32999,0.37501866,0.00000000,0.73550564,0.74225531,0.52488556,-0.00961863,1.00961863,0
230,33099,0.57658279,0.09081447,0.62161843,0.64659778,0.90655754,0.01584411,0.98415589,0
231,33199,0.44673359,0.00000000,0.69969199,0.72399228,0.63801214,0.04456066,0.95543934,0
232,33299,0.36707827,0.00000000,0.59253406,0.64313757,0.60697225,0.03829135,0.96170865,0
233,33399,0.36116524,0.00000000,0.57026234,0.62790821,0.58570660,0.00532607,0.99467393,0
234,33499,0.43867787,0.00000000,0.70854117,0.72713735,0.58803654,-0.07672188,1.07672188,0
235,33599,0.41567343,0.00000000,0.80117786,0.80907902,0.53896698,0.02755809,0.97244191,0
236,33699,0.47232132,0.00000000,0.80880031,0.82375337,0.57501738,0.00614042,0.99385958,0
237,33799,0.54776098,0.00000000,0.81506551,0.82248801,0.67109389,0.02185173,0.97814827,0
238,33899,0.54346613,0.00000000,0.77479506,0.78679447,0.71560688,0.01991800,0.98008200,0
239,33999,0.50356760,0.00000000,0.67170971,0.69695199,0.70778724,0.00243177,0.99756823,0
240,34099,0.45234779,0.00000000,0.58145188,0.62264714,0.79727392,-0.04960637,1.04960637,0
241,34199,0.43439668,0.07151143,0.37469975,0.48310123,0.95749070,0.04504461,0.95495539,0
242,34299,0.41819016,0.00000000,0.73596738,0.75057306,0.57625820,0.00017667,0.99982333,0
243,34399,0.41258643,0.00000000,0.91107951,0.91671356,0.46687334,-0.00984148,1.00984148,0
244,34499,0.51184953,0.00000000,0.87349927,0.87841224,0.59335611,-0.01011243,1.01011243,0
245,34599,0.56691010,0.00000000,0.86067870,0.86173237,0.66368568,-0.00885686,1.00885686,0
246,34699,0.56327273,0.00000000,0.93458627,0.93678571,0.61519997,-0.01958722,1.01958722,0
247,34799,0.53141653,0.00000000,0.92635245,0.92799329,0.56942155,-0.00362167,1.00362167,0
248,34899,0.49325058,0.00000000,0.90747675,0.91064765,0.56618297,0.01872356,0.98127644,0
249,34999,0.54427138,0.00000000,0.86649142,0.87641876,0.63486889,-0.00905912,1.00905912,0
250,35099,0.61738866,0.02348429,0.75608804,0.79701268,0.87034034,0.04058428,0.95941572,0
251,35199,0.55036622,0.00000000,0.87318249,0.87893414,0.64758489,-0.01967587,1.01967587,0
252,35299,0.46551605,0.00000000,0.85312937,0.85405426,0.56552945,-0.00249955,1.00249955,0
253,35399,0.45768485,0.00000000,0.76010673,0.76469312,0.63151602,0.01545915,0.98454085,0
254,35499,0.48033443,0.00000000,0.86811218,0.86960066,0.58533083,-0.00721802,1.00721802,0
255,35599,0.40766028,0.00000000,0.64611923,0.65862066,0.65997035,-0.03474544,1.03474544,0
256,35699,0.37138548,0.00000000,0.60533808,0.64575406,0.64022835,0.01275658,0.98724342,0
257,35799,0.58022797,0.04519697,0.69342978,0.72017518,0.79150829,-0.03351895,1.03351895,0
258,35899,0.48076443,0.00000000,0.76194124,0.78034830,0.64759056,0.01161105,0.98838895,0
259,35999,0.55540499,0.27293561,0.23600966,0.37953007,1.65218548,-0.04937553,1.04937553,0
260,36099,1.06889521,0.86740260,0.60719281,0.63744882,1.76041514,0.55369965,0.44630035,0
261,36199,0.84936178,1.16948140,0.72102513,0.73533756,1.13710557,0.53021060,0.46978940,0
262,36299,0.53448493,1.08661184,0.81461566,0.82948669,0.66162118,0.42722526,0.57277474,0
263,36399,0.34322109,0.86637053,0.74670613,0.75707646,0.45039683,0.18322956,0.81677044,0
264,36499,0.33657951,0.67720716,0.68850080,0.70639596,0.49501702,0.07257737,0.92742263,0
265,36599,0.30049860,0.51449677,0.59035528,0.62237451,0.47895513,0.09649349,0.90350651,0
266,36699,0.27890368,0.35056038,0.57650072,0.59500651,0.50090522,0.05075249,0.94924751,0
267,36799,0.33300831,0.24111935,0.57467462,0.59588681,0.56480102,0.06959208,0.93040792,0
268,36899,0.40495463,0.03829497,0.81254106,0.81947466,0.55205417,0.05920132,0.94079868,0
269,36999,0.39135624,0.00000000,0.68781045,0.69729690,0.57958320,0.04419335,0.95580665,0
270,37099,0.74877588,0.19716313,0.73733595,0.74602293,1.05655627,0.02136727,0.97863273,0
271,37199,0.49912215,0.23651001,0.54339494,0.61876976,0.89502271,0.07965627,0.92034373,0
272,37299,0.42246025,0.16184200,0.64595704,0.66757004,0.63148016,0.01832308,0.98167692,0
273,37399,0.45768458,0.10120137,0.67447428,0.69614520,0.67158407,0.04847936,0.95152064,0
274,37499,0.41191676,0.01664949,0.63560735,0.66667495,0.64154212,0.03984292,0.96015708,0
275,37599,0.35650163,0.00000000,0.49320463,0.53930016,0.70993152,0.05308396,0.94691604,0
276,37699,0.39128882,0.00000000,0.69665402,0.71123634,0.57639487,0.02909468,0.97090532,0
277,37799,0.35884588,0.00000000,0.55039820,0.60099770,0.64294949,0.04422844,0.95577156,0
278,37899,0.35848288,0.00000000,0.74532131,0.75504725,0.47682043,0.00624566,0.99375434,0
279,37999,0.37354410,0.00000000,0.70615417,0.70737006,0.55212459,0.03435979,0.96564021,0
280,38099,0.66524548,0.15537149,0.66920012,0.68868073,1.03348161,0.01602064,0.98397936,0
281,38199,0.42219848,0.00098172,0.75889438,0.77538080,0.55049125,0.07903968,0.92096032,0
282,38299,0.45705456,0.00000000,0.69677132,0.70950503,0.66385777,0.04479835,0.95520165,0
283,38399,0.44386455,0.00000000,0.65011698,0.68001106,0.65825904,-0.00295043,1.00295043,0
284,38499,0.42534214,0.00000000,0.64275553,0.66517260,0.67381424,0.03099427,0.96900573,0
285,38599,0.32406697,0.00000000,0.51703607,0.56247849,0.61455898,0.02186574,0.97813426,0
286,38699,0.29415176,0.00000000,0.51555485,0.57133137,0.53828586,0.03175179,0.96824821,0
287,38799,0.35458771,0.01456784,0.38744101,0.45900612,0.93290306,-0.01610508,1.01610508,0
288,38899,0.38456187,0.00385792,0.48942285,0.53359285,0.72094994,0.07999511,0.92000489,0
289,38999,0.41197903,0.00369170,0.49945347,0.55577133,0.79648536,0.06351520,0.93648480,0
290,39099,0.38256658,0.00000000,0.49866126,0.54655873,0.70010928,0.04018473,0.95981527,0
291,39199,0.31766085,0.00000000,0.36983675,0.45017022,0.78537162,0.08666774,0.91333226,0
292,39299,0.45343443,0.06154194,0.46145885,0.52734373,0.87091212,-0.02332555,1.02332555,0
293,39399,0.34528345,0.01548593,0.46174611,0.52506844,0.70203752,0.02749930,0.97250070,0
294,39499,0.27523870,0.00000000,0.40304437,0.46018544,0.57857177,0.03275620,0.96724380,0
295,39599,0.31467795,0.00000000,0.48236407,0.53544266,0.59425452,0.04094112,0.95905888,0
296,39699,0.34026207,0.00000000,0.48597804,0.55870662,0.63551631,0.04124610,0.95875390,0
297,39799,0.43793575,0.00000000,0.57763779,0.60977839,0.75782931,0.01296766,0.98703234,0
298,39899,0.32445907,0.00000000,0.44476837,0.51521581,0.68177951,0.04209514,0.95790486,0
299,39999,0.37030077,0.00000000,0.48699861,0.54258097,0.69852035,0.03301125,0.96698875,0
300,40099,0.35999799,0.00000000,0.45710118,0.49483217,0.84090346,0.01005076,0.98994924,0
301,40199,0.38536368,0.00000000,0.45927004,0.53392103,0.73095369,-0.01706487,1.01706487,0
302,40299,0.41232663,0.03885245,0.42620741,0.50048967,0.84681191,0.02069686,0.97930314,0
303,40399,0.31460687,0.00000000,0.49340690,0.56402294,0.55774118,0.00951842,0.99048158,0
304,40499,0.32647275,0.00000000,0.38314871,0.46415008,0.70487984,0.01505375,0.98494625,0
305,40599,0.38441296,0.00000000,0.47615902,0.52010928,0.70401056,-0.01447442,1.01447442,0
306,40699,0.24081291,0.00000000,0.37225366,0.43538122,0.61176795,0.03036996,0.96963004,0
307,40799,0.42583971,0.15220902,0.19291188,0.36581061,1.39475389,0.01300234,0.98699766,0
308,40899,0.25741172,0.14859246,0.10980285,0.34896274,0.72206033,0.11773534,0.88226466,0
309,40999,0.24985206,0.15754537,0.14993309,0.32205257,0.74276449,0.02080435,0.97919565,0
310,41099,0.56419531,0.40295977,0.33949554,0.42617091,1.37550259,0.60555389,0.39444611,0
311,41199,0.49027593,0.48277563,0.47932070,0.54873467,0.93369179,0.43901713,0.56098287,0
312,41299,0.42585515,0.41825502,0.61676577,0.65342797,0.68501034,0.32029682,0.67970318,0
313,41399,0.24906349,0.34179192,0.35920183,0.43375840,0.60777323,0.07545658,0.92454342,0
314,41499,0.25308405,0.24445496,0.37889715,0.46692979,0.59269957,0.05496207,0.94503793,0
315,41599,0.26507691,0.14097627,0.36560379,0.49109380,0.61283511,0.05713236,0.94286764,0
316,41699,0.29712432,0.00000000,0.64746410,0.66082995,0.46979526,0.06884310,0.93115690,0
317,41799,0.34667645,0.00000000,0.58373206,0.61952610,0.56433811,0.04137989,0.95862011,0
318,41899,0.28124055,0.00000000,0.41731839,0.47588836,0.61192872,0.06712543,0.93287457,0
319,41999,0.29906609,0.00000000,0.62476977,0.65270323,0.47061190,0.05117554,0.94882446,0
320,42099,0.38507325,0.00000000,0.55728088,0.60488977,0.61177054,0.02367058,0.97632942,0
321,42199,0.32776358,0.00000000,0.49017036,0.55415333,0.66460077,-0.00354908,1.00354908,0
322,42299,0.33200528,0.00000000,0.62025880,0.65058516,0.51186315,0.00585342,0.99414658,0
323,42399,0.34925826,0.00000000,0.48058323,0.53017056,0.68726745,-0.00489554,1.00489554,0
324,42499,0.32999063,0.00000000,0.52019260,0.56314434,0.65639944,0.01342133,0.98657867,0
325,42599,0.36462835,0.00000000,0.62490849,0.66431587,0.57007531,0.00583402,0.99416598,0
326,42699,0.36939659,0.00000000,0.51896701,0.56032792,0.68789430,0.05482881,0.94517119,0
327,42799,0.39378132,0.00000000,0.50418993,0.56076567,0.78919432,0.07519645,0.92480355,0
328,42899,0.36416334,0.00000000,0.61229170,0.63234090,0.60685042,0.06946424,0.93053576,0
329,42999,0.38466316,0.00000000,0.51634027,0.56691842,0.67783066,0.02802913,0.97197087,0
330,43099,0.54853236,0.07175604,0.61822326,0.64187137,0.88347791,0.00896695,0.99103305,0
331,43199,0.35627978,0.01297540,0.51098671,0.55719614,0.63767746,0.07189757,0.92810243,0
332,43299,0.31596298,0.00000000,0.51443464,0.56532052,0.57399556,-0.02265934,1.02265934,0
333,43399,0.35581453,0.00000000,0.47372492,0.51791719,0.69947629,0.02118195,0.97881805,0
334,43499,0.33994246,0.00000000,0.48196569,0.51490780,0.69496242,0.05164611,0.94835389,0
335,43599,0.27780520,0.00000000,0.32737833,0.43711730,0.65644317,-0.01486009,1.01486009,0
336,43699,0.32366369,0.10767401,0.00021699,0.29008159,1.22157933,-0.08173632,1.08173632,0
337,43799,0.33858852,0.19900527,0.10973559,0.33207502,0.98942664,0.12592843,0.87407157,0
338,43899,0.28734862,0.15121133,0.25645748,0.45010803,0.61661727,0.03683150,0.96316850,0
339,43999,0.21616715,0.05966562,0.19914886,0.41326898,0.61449568,-0.00552624,1.00552624,0
340,44099,0.59592565,0.21561426,0.57200278,0.59090429,1.07442397,0.57761679,0.42238321,0
341,44199,0.37808618,0.07909077,0.66572917,0.68777702,0.56855446,0.27156327,0.72843673,0
342,44299,0.35725630,0.00000000,0.77214056,0.77447477,0.47249023,0.06591165,0.93408835,0
343,44399,0.36931386,0.00000000,0.76651654,0.78328760,0.48916814,0.07288657,0.92711343,0
344,44499,0.35401169,0.00000000,0.79507572,0.81736336,0.45035803,0.04839961,0.95160039,0
345,44599,0.40298224,0.00000000,0.84747288,0.85581034,0.46744658,0.07118392,0.92881608,0
346,44699,0.45937056,0.00000000,0.88996644,0.88996644,0.51026243,0.02862683,0.97137317,0
347,44799,0.36957989,0.00000000,0.72486489,0.73219962,0.54480885,0.04098537,0.95901463,0
348,44899,0.47503772,0.00000000,0.66157043,0.68396469,0.70809500,-0.02056022,1.02056022,0
349,44999,0.42258333,0.00000000,0.70197580,0.71284478,0.59990001,0.10942706,0.89057294,0
350,45099,0.45387007,0.02554342,0.52672813,0.58088090,0.79502266,0.03438938,0.96561062,0
351,45199,0.41401336,0.08197077,0.37084429,0.48400004,1.12691095,-0.04259571,1.04259571,0
352,45299,0.25654445,0.09665185,0.15573658,0.32736705,0.77778764,0.10270291,0.89729709,0
353,45399,0.25380049,0.13037741,0.08810703,0.29787593,0.78110993,0.03542401,0.96457599,0
354,45499,0.18789215,0.07883860,0.13030715,0.32407475,0.63953863,0.03018029,0.96981971,0
355,45599,0.22344306,0.03747279,0.19791248,0.35842425,0.65247930,0.00461303,0.99538697,0
356,45699,0.16697900,0.00000000,0.18204281,0.32341143,0.57458062,0.01283917,0.98716083,0
357,45799,0.23149367,0.00000000,0.24090557,0.38078635,0.65464126,0.02902699,0.97097301,0
358,45899,0.24293931,0.00000000,0.24517025,0.37597209,0.64154019,0.01041102,0.98958898,0
359,45999,0.26929532,0.00000000,0.15849870,0.36464630,0.78350050,-0.09590833,1.09590833,0
360,46099,0.66522738,0.20981440,0.58194577,0.61641084,1.18050719,0.49748629,0.50251371,0
361,46199,0.56921028,0.07357003,0.94268068,0.94918961,0.61415452,0.35222860,0.64777140,0
362,46299,0.38751374,0.00000000,0.92326316,0.92717228,0.42171268,0.09450955,0.90549045,0
363,46399,0.37751620,0.00000000,0.94792516,0.94792516,0.40304076,0.05867715,0.94132285,0
364,46499,0.44714168,0.00000000,1.02329051,1.02380944,0.44869356,0.03736055,0.96263945,0
365,46599,0.45070880,0.00000000,0.93574542,0.93784887,0.52781744,0.02532825,0.97467175,0
366,46699,0.44790910,0.00000000,0.80384272,0.80914619,0.56412196,0.02877789,0.97122211,0
367,46799,0.44261191,0.00000000,0.72547575,0.73343098,0.62352617,0.01751284,0.98248716,0
368,46899,0.42778941,0.00000000,0.74219780,0.75181069,0.58797148,0.00825373,0.99174627,0
369,46999,0.46266688,0.00000000,0.67332202,0.69583732,0.68142732,0.06232840,0.93767160,0
370,47099,0.41706988,0.00000000,0.70338192,0.71013234,0.59823740,-0.00113507,1.00113507,0
371,47199,0.39868207,0.00000000,0.59163974,0.61188649,0.64925166,0.07132709,0.92867291,0
372,47299,0.35705198,0.00000000,0.52895008,0.56160724,0.63144481,0.04698680,0.95301320,0
373,47399,0.40994301,0.00000000,0.59815065,0.61983799,0.65913158,-0.02193183,1.02193183,0
374,47499,0.35877135,0.00000000,0.69106364,0.69800968,0.51929680,0.06092658,0.93907342,0
375,47599,0.50532268,0.00000000,0.72217891,0.72953118,0.68301632,0.01327323,0.98672677,0
376,47699,0.41302740,0.00000000,0.65470786,0.67066666,0.62932282,0.06999575,0.93000425,0
377,47799,0.46718423,0.00000000,0.69938402,0.71193329,0.65505197,0.02798406,0.97201594,0
378,47899,0.45813802,0.00000000,0.59543958,0.62571288,0.74137649,0.03414633,0.96585367,0
379,47999,0.71158231,0.21063833,0.64802494,0.68282495,1.09278415,-0.00353590,1.00353590,0
380,48099,0.52880530,0.17204459,0.74981109,0.76912585,0.75514389,0.07522315,0.92477685,0
381,48199,0.35626204,0.06773734,0.58487942,0.62389368,0.57223865,0.03885386,0.96114614,0
382,48299,0.35265206,0.00251327,0.53184307,0.56657659,0.64552890,0.00320879,0.99679121,0
383,48399,0.30727467,0.00000000,0.46504260,0.52599927,0.62689282,0.01327731,0.98672269,0
384,48499,0.23482369,0.00000000,0.16309714,0.31961863,0.83666938,0.03986823,0.96013177,0
385,48599,0.54779439,0.03672535,0.68424419,0.69357469,0.83518022,-0.03013208,1.03013208,0
386,48699,0.26556699,0.09177951,0.04838236,0.28509638,1.08714183,-0.05477178,1.05477178,0
387,48799,0.16170694,0.06983601,0.00213200,0.24871679,0.77821367,0.08432664,0.91567336,0
388,48899,0.18266070,0.01713487,0.10259443,0.31874926,0.63421358,0.00906665,0.99093335,0
389,48999,0.21066622,0.01472460,0.04352300,0.28856833,0.77256658,-0.02671181,1.02671181,0
390,49099,0.75789916,0.27415074,0.63548666,0.67507931,1.09650857,0.53321671,0.46678329,0
391,49199,0.32245448,0.18837410,0.46154262,0.54926272,0.65436712,0.16859533,0.83140467,0
392,49299,0.41966962,0.13696510,0.59861888,0.63430151,0.69124829,0.03686358,0.96313642,0
393,49399,0.31376369,0.06515261,0.44110345,0.51904109,0.61119267,0.07216671,0.92783329,0
394,49499,0.30438925,0.00000000,0.55229768,0.57454052,0.54132134,0.03409874,0.96590126,0
395,49599,0.28608738,0.00000000,0.37340177,0.49245976,0.60667122,0.05593567,0.94406433,0
396,49699,0.32361207,0.00000000,0.62536893,0.63803168,0.51766060,0.01010382,0.98989618,0
397,49799,0.31542441,0.00000000,0.67963064,0.69429903,0.48894489,0.04729742,0.95270258,0
398,49899,0.39858147,0.00000000,0.68944913,0.70496028,0.59090859,-0.05103116,1.05103116,0
399,49999,0.42897583,0.00000000,0.66818902,0.71599699,0.65488502,0.05491259,0.94508741,0
400,50099,0.92453663,0.46410339,0.56224350,0.62470327,1.59665523,0.05807273,0.94192727,0
401,50199,0.53014178,0.70113863,0.26624313,0.39318234,1.37120982,0.15051977,0.84948023,0
402,50299,0.66841430,0.92071363,0.54267596,0.60208717,1.19111312,0.15836741,0.84163259,0
403,50399,0.51872769,0.94253859,0.63401676,0.66656096,0.78772731,-0.04135644,1.04135644,0
404,50499,0.35092216,1.03115366,0.16045141,0.35186699,0.97985495,0.07230170,0.92769830,0
405,50599,0.60760004,1.19870905,0.53856364,0.59028976,1.04921510,0.07484931,0.92515069,0
406,50699,0.42475270,1.31574414,0.19972080,0.41278209,1.05730086,-0.10964869,1.10964869,0
407,50799,0.24425219,1.20109865,0.36982745,0.48143665,0.52373453,0.08005302,0.91994698,0
408,50899,0.25826672,1.06784450,0.49538201,0.52519844,0.51510741,0.00919478,0.99080522,0
409,50999,0.24800389,0.97554835,0.35560508,0.45648918,0.56465982,-0.01542830,1.01542830,0
410,51099,0.70930841,1.29005044,0.43462044,0.52960564,1.37375159,0.48352795,0.51647205,0
411,51199,0.46065729,1.36277571,0.44310715,0.52038423,0.91813266,0.16917480,0.83082520,0
412,51299,0.39692715,1.22425835,0.68861710,0.71826212,0.58282647,0.14360954,0.85639046,0
413,51399,0.33084526,0.93798026,0.81814176,0.82782870,0.40302837,0.08065981,0.91934019,0
414,51499,0.32974939,0.73270906,0.71112782,0.71769347,0.45140462,0.03127650,0.96872350,0
415,51599,0.32528638,0.45494059,0.80257612,0.80895676,0.41216539,0.11829488,0.88170512,0
416,51699,0.32732552,0.22138773,0.74552494,0.75484418,0.43339704,0.04195094,0.95804906,0
417,51799,0.24974974,0.09135317,0.42615569,0.51256777,0.47812263,0.05756569,0.94243431,0
418,51899,0.45328931,0.02695152,0.68837164,0.70014283,0.66019583,0.03377358,0.96622642,0
419,51999,0.49074104,0.00000000,0.78902793,0.80036327,0.62856780,0.06321406,0.93678594,0
420,52099,0.57706734,0.02553680,0.74108826,0.74609353,0.79342959,-0.03655387,1.03655387,0
421,52199,0.46031737,0.00000000,0.83568815,0.83603016,0.55523452,0.10917348,0.89082652,0
422,52299,0.38396918,0.00000000,0.80260006,0.81482524,0.48307181,-0.00697466,1.00697466,0
423,52399,0.48490528,0.00000000,0.84204617,0.84351240,0.57379377,0.02900427,0.97099573,0
424,52499,0.41540192,0.00000000,0.76592427,0.76971713,0.55908480,0.03529218,0.96470782,0
425,52599,0.37916603,0.00000000,0.66121641,0.67876762,0.56166437,0.00009340,0.99990660,0
426,52699,0.34246161,0.00000000,0.58288047,0.60752758,0.59711317,-0.00342897,1.00342897,0
427,52799,0.36717104,0.00000000,0.48951481,0.56170761,0.62142705,0.01386177,0.98613823,0
428,52899,0.37342110,0.08228027,0.25885218,0.39607442,0.95679483,-0.02783738,1.02783738,0
429,52999,0.33012517,0.11989876,0.28989014,0.39793253,0.74696858,-0.06432708,1.06432708,0
430,53099,0.52497514,0.25747262,0.50725597,0.52702924,0.93840208,-0.06174623,1.06174623,0
431,53199,0.14398402,0.19173220,0.18513460,0.28391926,0.46007016,0.00083055,0.99916945,0
432,53299,0.11559019,0.12346061,0.09022260,0.24890708,0.42018778,-0.03732934,1.03732934,0
433,53399,0.10465993,0.09021732,0.02352102,0.18668963,0.52823682,-0.00879432,1.00879432,0
434,53499,0.12853593,0.10074313,-0.04995934,0.15975890,0.76934297,0.09474579,0.90525421,0
435,53599,0.46183398,0.27250518,0.29836865,0.39269150,1.16845045,0.01375355,0.98624645,0
436,53699,0.80561486,0.64080577,0.54355407,0.59202419,1.41447441,-0.00455804,1.00455804,0
437,53799,0.53664715,0.68409881,0.62404020,0.66788940,0.88434465,-0.03929759,1.03929759,0
438,53899,0.33830097,0.57436043,0.58717562,0.60654350,0.55730320,0.00886119,0.99113881,0
439,53999,0.28248641,0.45876789,0.50103205,0.53890848,0.48652179,0.00284079,0.99715921,0
440,54099,0.96698093,0.87428927,0.72464788,0.74770990,1.33834094,0.05304487,0.94695513,0
441,54199,0.54307608,0.82765163,0.77336683,0.79957776,0.72694337,-0.02435499,1.02435499,0
442,54299,0.39548042,0.64672633,0.77019533,0.78153376,0.53866591,-0.03379909,1.03379909,0
443,54399,0.40586691,0.60461250,0.57601241,0.60740564,0.68060263,-0.05382741,1.05382741,0
444,54499,0.39234460,0.37271655,0.83816328,0.84639181,0.50197382,0.01077623,0.98922377,0
445,54599,0.47297364,0.31928178,0.70006686,0.71543138,0.69448757,-0.02022143,1.02022143,0
446,54699,0.46549862,0.21858494,0.75683543,0.76924057,0.60274145,0.05185272,0.94814728,0
447,54799,0.44588558,0.13561443,0.70864718,0.71881263,0.64693164,-0.00345139,1.00345139,0
448,54899,0.27266586,0.00000000,0.64819169,0.65330381,0.41394321,0.00382746,0.99617254,0
449,54999,0.40317140,0.00000000,0.67189436,0.67849511,0.57860940,-0.01168184,1.01168184,0
450,55099,0.52573783,0.14114545,0.48577131,0.52467736,0.96275377,0.04759614,0.95240386,0
451,55199,0.43135712,0.14222234,0.55365224,0.58406635,0.72641067,-0.00527037,1.00527037,0
452,55299,0.37594455,0.06394713,0.58726237,0.61571090,0.60577632,-0.01028463,1.01028463,0
453,55399,0.35937443,0.00000000,0.62515411,0.62944523,0.60628132,0.00523715,0.99476285,0
454,55499,0.33999481,0.00000000,0.52499842,0.55815342,0.64294280,0.05621767,0.94378233,0
455,55599,0.31873176,0.00000000,0.45052987,0.49859503,0.67915927,-0.00943511,1.00943511,0
456,55699,0.29270892,0.00000000,0.34112638,0.43508971,0.72170337,0.04917735,0.95082265,0
457,55799,0.48380737,0.14719924,0.35320882,0.45703551,1.09099297,0.02592432,0.97407568,0
458,55899,0.56106718,0.25881611,0.57139255,0.61024894,0.87457389,0.09303811,0.90696189,0
459,55999,0.50354530,0.34841968,0.49052395,0.55988593,0.90149106,0.01243468,0.98756532,0
460,56099,0.40525307,0.39201398,0.39321153,0.48745499,0.84682939,-0.09649493,1.09649493,0
461,56199,0.43165547,0.53398534,0.21091500,0.39044529,1.04814581,0.22455547,0.77544453,0
462,56299,0.41041873,0.63787011,0.17334481,0.41315604,0.99854776,-0.11947705,1.11947705,0
463,56399,0.33708929,0.60085072,0.37990216,0.50423536,0.65857851,0.10062936,0.89937064,0
464,56499,0.30612238,0.52992895,0.44796214,0.50819187,0.60276453,0.00346020,0.99653980,0
465,56599,0.26053726,0.52098192,0.16624961,0.36321935,0.74056873,-0.05938009,1.05938009,0
466,56699,0.20180312,0.31325754,0.50515338,0.55197396,0.38976971,0.00258518,0.99741482,0
467,56799,0.26568401,0.10763527,0.62125618,0.63761609,0.44325278,0.00197086,0.99802914,0
468,56899,0.28391947,0.01520343,0.48679347,0.51069155,0.56645680,-0.03266502,1.03266502,0
469,56999,0.29775397,0.00000000,0.47292522,0.51997595,0.57546994,-0.00931452,1.00931452,0
470,57099,0.40546755,0.03669729,0.42321930,0.50138748,0.76743337,0.01607668,0.98392332,0
471,57199,0.26855391,0.04310728,0.21208572,0.35557888,0.78533601,0.02349067,0.97650933,0
472,57299,0.36857710,0.00000000,0.67593843,0.70357692,0.53601625,-0.05338328,1.05338328,0
473,57399,0.41476537,0.00000000,0.62269247,0.64897330,0.66784585,0.02655540,0.97344460,0
474,57499,0.36029699,0.00000000,0.79595598,0.79911724,0.45234630,0.02637549,0.97362451,0
475,57599,0.40288989,0.00000000,0.77530567,0.77566397,0.52089654,0.01166963,0.98833037,0
476,57699,0.42525982,0.00000000,0.69362668,0.71379653,0.61298959,0.09305374,0.90694626,0
477,57799,0.45739946,0.00000000,0.67750228,0.69486958,0.65568274,-0.03189843,1.03189843,0
478,57899,0.44183433,0.00000000,0.64160689,0.65730729,0.66663199,-0.00261678,1.00261678,0
479,57999,0.40165930,0.00000000,0.57951717,0.61406446,0.62819225,0.00570565,0.99429435,0
480,58099,0.39383696,0.00000000,0.55609591,0.57863188,0.68379285,0.04088719,0.95911281,0
481,58199,0.39095516,0.00000000,0.59537064,0.60901633,0.62238221,0.04699251,0.95300749,0
482,58299,0.44141230,0.00617393,0.54992070,0.59284193,0.78088304,0.01889118,0.98110882,0
483,58399,0.42595768,0.00000000,0.62321892,0.65649925,0.66625856,0.11356436,0.88643564,0
484,58499,0.42263551,0.00036165,0.50561834,0.57421312,0.72595796,-0.03600229,1.03600229,0
485,58599,0.41937658,0.00000000,0.55801680,0.58775835,0.73070327,-0.05887563,1.05887563,0
486,58699,0.37656319,0.00263212,0.45984688,0.50724997,0.77370648,0.01552728,0.98447272,0
487,58799,0.34878360,0.00000000,0.43005250,0.50614764,0.69395982,-0.06358062,1.06358062,0
488,58899,0.32269552,0.00000000,0.54476218,0.56087998,0.57662979,-0.00468540,1.00468540,0
489,58999,0.39487350,0.00000000,0.70754368,0.70981366,0.55491860,0.02491760,0.97508240,0
490,59099,0.52567234,0.08791508,0.57348513,0.59374479,0.82912905,0.03074402,0.96925598,0
491,59199,0.44461239,0.15898793,0.45564248,0.50494519,0.85800445,-0.06720123,1.06720123,0
492,59299,0.43463276,0.17403867,0.52880860,0.56534484,0.77602030,-0.00190598,1.00190598,0
493,59399,0.41577107,0.13403747,0.56338035,0.61306163,0.65430469,-0.00181180,1.00181180,0
494,59499,0.34822614,0.08435192,0.44625685,0.53498300,0.67677666,-0.00122267,1.00122267,0
495,59599,0.37545737,0.00000000,0.60965630,0.62525319,0.58914008,-0.00835360,1.00835360,0
496,59699,0.30645143,0.00000000,0.40342551,0.49017019,0.63632109,-0.03935366,1.03935366,0
497,59799,0.40349586,0.00000000,0.51079334,0.56105749,0.72699654,0.04382563,0.95617437,0
498,59899,0.35189668,0.00000000,0.45055325,0.51162697,0.72557189,-0.07408622,1.07408622,0
499,59999,0.35920565,0.00000000,0.55108972,0.59891341,0.61029096,-0.00264718,1.00264718,0
500,60099,0.37226637,0.00000000,0.55467192,0.60007422,0.62869302,0.02442246,0.97557754,0
501,60199,0.36575405,0.00000000,0.55347933,0.58815800,0.63684880,0.03535268,0.96464732,0
502,60299,0.32794849,0.00000000,0.48655423,0.57549910,0.63364559,-0.00773013,1.00773013,0
503,60399,0.41601127,0.01535045,0.46114480,0.53926964,0.76743585,0.05051653,0.94948347,0
504,60499,0.37898462,0.00000000,0.60897296,0.65005163,0.63374032,-0.08111323,1.08111323,0
505,60599,0.38752591,0.00000000,0.63068195,0.65465077,0.57746330,0.02655334,0.97344666,0
506,60699,0.37817059,0.00000000,0.62164031,0.64632289,0.63966606,-0.01687425,1.01687425,0
507,60799,0.38439983,0.00000000,0.56536152,0.61926253,0.66659314,-0.04277188,1.04277188,0
508,60899,0.43658458,0.00000000,0.65901426,0.68088107,0.67535800,0.08493185,0.91506815,0
