block_end_step,block_valid,block_evidence,block_familiarity,block_weight_sum,q_short,q_long,rate_gap,detector_armed,regime_change,positive_streak,initial_stabilization_streak,rearm_streak,initial_arming_complete,rate_warmup_remaining,adaptation_active,adaptation_remaining
10099,0,0.00681461,0.01495434,1.49543356,nan,nan,nan,0,0,0,0,0,0,20,0,0
10199,0,0.00663040,0.05107159,5.10715917,nan,nan,nan,0,0,0,0,0,0,20,0,0
10299,0,0.02966526,0.08524847,8.52484678,nan,nan,nan,0,0,0,0,0,0,20,0,0
10399,0,0.00077871,0.14397066,14.39706634,nan,nan,nan,0,0,0,0,0,0,20,0,0
10499,0,0.00198465,0.16348570,16.34856975,nan,nan,nan,0,0,0,0,0,0,20,0,0
10599,0,0.00000000,0.20197086,20.19708589,nan,nan,nan,0,0,0,0,0,0,20,0,0
10699,0,0.00108471,0.22050788,22.05078778,nan,nan,nan,0,0,0,0,0,0,20,0,0
10799,1,0.00465174,0.32073466,32.07346583,0.00465174,0.00465174,0.00000000,0,0,0,0,0,0,19,0,0
10899,1,0.00000000,0.36904475,36.90447467,0.00372139,0.00460522,-0.00088383,0,0,0,0,0,0,18,0,0
10999,1,0.00000000,0.37205572,37.20557217,0.00297711,0.00455917,-0.00158206,0,0,0,0,0,0,17,0,0
11099,1,0.00000000,0.39896221,39.89622147,0.00238169,0.00451358,-0.00213189,0,0,0,0,0,0,16,0,0
11199,1,0.00132716,0.34280685,34.28068508,0.00217078,0.00448171,-0.00231093,0,0,0,0,0,0,15,0,0
11299,1,0.00009275,0.43801506,43.80150585,0.00175518,0.00443782,-0.00268265,0,0,0,0,0,0,14,0,0
11399,1,0.00000000,0.46887682,46.88768248,0.00140414,0.00439344,-0.00298930,0,0,0,0,0,0,13,0,0
11499,1,0.00000000,0.47197110,47.19711006,0.00112331,0.00434951,-0.00322620,0,0,0,0,0,0,12,0,0
11599,1,0.00000000,0.52247978,52.24797756,0.00089865,0.00430602,-0.00340736,0,0,0,0,0,0,11,0,0
11699,1,0.00000000,0.57368817,57.36881706,0.00071892,0.00426296,-0.00354403,0,0,0,0,0,0,10,0,0
11799,1,0.00011792,0.59007647,59.00764690,0.00059872,0.00422150,-0.00362278,0,0,0,0,0,0,9,0,0
11899,1,0.00083063,0.61913924,61.91392426,0.00064510,0.00418760,-0.00354249,0,0,0,0,0,0,8,0,0
11999,1,0.00075251,0.65039014,65.03901389,0.00066658,0.00415325,-0.00348666,0,0,0,0,0,0,7,0,0
12099,1,0.00000000,0.56120821,56.12082120,0.00053327,0.00411171,-0.00357845,0,0,0,0,0,0,6,0,0
12199,1,0.00000000,0.72220704,72.22070448,0.00042661,0.00407060,-0.00364398,0,0,0,0,0,0,5,0,0
12299,1,0.00013388,0.71646243,71.64624308,0.00036807,0.00403123,-0.00366316,0,0,0,0,0,0,4,0,0
12399,1,0.00038257,0.68995713,68.99571274,0.00037097,0.00399474,-0.00362378,0,0,0,0,0,0,3,0,0
12499,1,0.00000000,0.72638833,72.63883256,0.00029677,0.00395479,-0.00365802,0,0,0,0,0,0,2,0,0
12599,1,0.00015256,0.76686963,76.68696311,0.00026793,0.00391677,-0.00364884,0,0,0,0,0,0,1,0,0
12699,1,0.00302827,0.79160615,79.16061475,0.00082000,0.00390789,-0.00308789,0,0,0,0,0,0,0,0,0
12799,1,0.00133026,0.77538606,77.53860591,0.00092205,0.00388211,-0.00296006,0,0,0,1,0,0,0,0,0
12899,1,0.00405137,0.77524839,77.52483917,0.00154792,0.00388380,-0.00233589,0,0,0,2,0,0,0,0,0
12999,1,0.00230431,0.72544018,72.54401784,0.00169919,0.00386801,-0.00216881,0,0,0,3,0,0,0,0,0
13099,1,0.00407557,0.60478342,60.47834220,0.00217447,0.00387008,-0.00169562,1,0,0,0,0,1,0,0,0
13199,1,0.01628145,0.76282748,76.28274848,0.00499587,0.00399420,0.00100167,1,0,0,0,0,1,0,0,0
13299,1,0.03700329,0.70188392,70.18839207,0.01139735,0.00432429,0.00707306,1,0,0,0,0,1,0,0,0
13399,1,0.05366916,0.69182298,69.18229825,0.01985171,0.00481774,0.01503398,1,0,0,0,0,1,0,0,0
13499,1,0.00069807,0.80691955,80.69195504,0.01602098,0.00477654,0.01124444,1,0,0,0,0,1,0,0,0
13599,1,0.00000000,0.88021596,88.02159584,0.01281679,0.00472878,0.00808801,1,0,0,0,0,1,0,0,0
13699,1,0.00000000,0.84921480,84.92147990,0.01025343,0.00468149,0.00557194,1,0,0,0,0,1,0,0,0
13799,1,0.00000000,0.84374158,84.37415780,0.00820274,0.00463467,0.00356807,1,0,0,0,0,1,0,0,0
13899,1,0.00000000,0.84237410,84.23741017,0.00656220,0.00458833,0.00197387,1,0,0,0,0,1,0,0,0
13999,1,0.00000000,0.89629764,89.62976403,0.00524976,0.00454244,0.00070731,1,0,0,0,0,1,0,0,0
14099,1,0.00066654,0.72053609,72.05360894,0.00433311,0.00450368,-0.00017057,1,0,0,0,0,1,0,0,0
14199,1,0.00345452,0.80699818,80.69981809,0.00415740,0.00449319,-0.00033580,1,0,0,0,0,1,0,0,0
14299,1,0.00040954,0.86209638,86.20963843,0.00340782,0.00445236,-0.00104453,1,0,0,0,0,1,0,0,0
14399,1,0.00178249,0.83294781,83.29478074,0.00308276,0.00442566,-0.00134290,1,0,0,0,0,1,0,0,0
14499,1,0.00063509,0.86616494,86.61649377,0.00259322,0.00438775,-0.00179453,1,0,0,0,0,1,0,0,0
14599,1,0.00049384,0.87385810,87.38581010,0.00217335,0.00434881,-0.00217546,1,0,0,0,0,1,0,0,0
14699,1,0.00000000,0.87970082,87.97008228,0.00173868,0.00430532,-0.00256665,1,0,0,0,0,1,0,0,0
14799,1,0.00000000,0.88741449,88.74144895,0.00139094,0.00426227,-0.00287133,1,0,0,0,0,1,0,0,0
14899,1,0.00035356,0.89622893,89.62289337,0.00118347,0.00422318,-0.00303972,1,0,0,0,0,1,0,0,0
14999,1,0.00000000,0.93340411,93.34041085,0.00094677,0.00418095,-0.00323418,1,0,0,0,0,1,0,0,0
15099,1,0.00192455,0.73676275,73.67627474,0.00114233,0.00415839,-0.00301606,1,0,0,0,0,1,0,0,0
15199,1,0.01100254,0.77193261,77.19326094,0.00311437,0.00422683,-0.00111246,1,0,0,0,0,1,0,0,0
15299,1,0.01691708,0.81266172,81.26617153,0.00587491,0.00435373,0.00152118,1,0,0,0,0,1,0,0,0
15399,1,0.06354853,0.83453019,83.45301872,0.01740964,0.00494568,0.01246396,1,0,0,0,0,1,0,0,0
15499,1,0.02699137,0.76189724,76.18972379,0.01932598,0.00516614,0.01415985,1,0,0,0,0,1,0,0,0
15599,1,0.04220759,0.88013368,88.01336809,0.02390230,0.00553655,0.01836575,1,0,0,0,0,1,0,0,0
15699,1,0.04868220,0.93677695,93.67769510,0.02885828,0.00596801,0.02289028,1,0,0,0,0,1,0,0,0
15799,1,0.08726456,0.90917658,90.91765837,0.04053954,0.00678097,0.03375857,1,0,0,0,0,1,0,0,0
15899,1,0.05386374,0.88855968,88.85596845,0.04320438,0.00725180,0.03595258,1,0,0,0,0,1,0,0,0
15999,1,0.02532597,0.85051737,85.05173662,0.03962870,0.00743254,0.03219615,1,0,0,0,0,1,0,0,0
16099,1,0.02877228,0.82409101,82.40910125,0.03745741,0.00764594,0.02981147,1,0,0,0,0,1,0,0,0
16199,1,0.00383800,0.91457781,91.45778147,0.03073353,0.00760786,0.02312567,1,0,0,0,0,1,0,0,0
16299,1,0.00258929,0.94828263,94.82826258,0.02510468,0.00755767,0.01754701,1,0,0,0,0,1,0,0,0
16399,1,0.01035502,0.89302310,89.30231022,0.02215475,0.00758565,0.01456910,1,0,0,0,0,1,0,0,0
16499,1,0.02204704,0.88425268,88.42526836,0.02213321,0.00773026,0.01440294,1,0,0,0,0,1,0,0,0
16599,1,0.02519649,0.90565560,90.56556047,0.02274586,0.00790492,0.01484094,1,0,0,0,0,1,0,0,0
16699,1,0.00695205,0.91404865,91.40486502,0.01958710,0.00789540,0.01169171,1,0,0,0,0,1,0,0,0
16799,1,0.00000000,0.96159667,96.15966742,0.01566968,0.00781644,0.00785324,1,0,0,0,0,1,0,0,0
16899,1,0.00017125,0.97104489,97.10448942,0.01256999,0.00773999,0.00483000,1,0,0,0,0,1,0,0,0
16999,1,0.00016154,0.92515880,92.51588002,0.01008830,0.00766421,0.00242410,1,0,0,0,0,1,0,0,0
17099,1,0.00000000,0.91658750,91.65874974,0.00807064,0.00758756,0.00048308,1,0,0,0,0,1,0,0,0
17199,1,0.00104631,0.87543873,87.54387251,0.00666578,0.00752215,-0.00085637,1,0,0,0,0,1,0,0,0
17299,1,0.00794831,0.84189619,84.18961940,0.00692228,0.00752641,-0.00060413,1,0,0,0,0,1,0,0,0
17399,1,0.00259391,0.91568920,91.56891998,0.00605661,0.00747709,-0.00142048,1,0,0,0,0,1,0,0,0
17499,1,0.00006557,0.96359011,96.35901067,0.00485840,0.00740297,-0.00254457,1,0,0,0,0,1,0,0,0
17599,1,0.00195964,0.93578889,93.57888863,0.00427865,0.00734854,-0.00306989,1,0,0,0,0,1,0,0,0
17699,1,0.00720291,0.93578536,93.57853623,0.00486350,0.00734708,-0.00248358,1,0,0,0,0,1,0,0,0
17799,1,0.04607210,0.96795829,96.79582897,0.01310522,0.00773433,0.00537089,1,0,0,0,0,1,0,0,0
17899,1,0.03431839,0.94629745,94.62974527,0.01734785,0.00800017,0.00934768,1,0,0,0,0,1,0,0,0
17999,1,0.03978183,0.96842593,96.84259341,0.02183465,0.00831799,0.01351666,1,0,0,0,0,1,0,0,0
18099,1,0.00000000,0.95798147,95.79814683,0.01746772,0.00823481,0.00923291,1,0,0,0,0,1,0,0,0
18199,1,0.00655492,0.85712352,85.71235191,0.01528516,0.00821801,0.00706715,1,0,0,0,0,1,0,0,0
18299,1,0.00938375,0.90047200,90.04720039,0.01410488,0.00822967,0.00587521,1,0,0,0,0,1,0,0,0
18399,1,0.00957653,0.92049212,92.04921205,0.01319921,0.00824314,0.00495607,1,0,0,0,0,1,0,0,0
18499,1,0.00901655,0.90085260,90.08526019,0.01236268,0.00825087,0.00411181,1,0,0,0,0,1,0,0,0
18599,1,0.00985381,0.89880083,89.88008348,0.01186090,0.00826690,0.00359400,1,0,0,0,0,1,0,0,0
18699,1,0.02350230,0.90156590,90.15658960,0.01418918,0.00841925,0.00576993,1,0,0,0,0,1,0,0,0
18799,1,0.02049370,0.93209544,93.20954438,0.01545009,0.00854000,0.00691009,1,0,0,0,0,1,0,0,0
18899,1,0.02226073,0.94267162,94.26716241,0.01681221,0.00867721,0.00813501,1,0,0,0,0,1,0,0,0
18999,1,0.02575856,0.93105081,93.10508141,0.01860148,0.00884802,0.00975346,1,0,0,0,0,1,0,0,0
19099,1,0.03065296,0.91772056,91.77205628,0.02101178,0.00906607,0.01194571,1,0,0,0,0,1,0,0,0
19199,1,0.03335905,0.95404892,95.40489196,0.02348123,0.00930900,0.01417223,1,0,0,0,0,1,0,0,0
19299,1,0.01523774,0.94410073,94.41007263,0.02183253,0.00936829,0.01246425,1,0,0,0,0,1,0,0,0
19399,1,0.00237696,0.92898569,92.89856920,0.01794142,0.00929837,0.00864305,1,0,0,0,0,1,0,0,0
19499,1,0.00658371,0.95277637,95.27763684,0.01566988,0.00927123,0.00639865,1,0,0,0,0,1,0,0,0
19599,1,0.00905214,0.96097249,96.09724902,0.01434633,0.00926904,0.00507729,1,0,0,0,0,1,0,0,0
19699,1,0.16563188,0.93551614,93.55161402,0.04460344,0.01083266,0.03377078,1,0,0,0,0,1,0,0,0
19799,1,0.10220793,0.95419298,95.41929771,0.05612434,0.01174642,0.04437792,1,0,0,0,0,1,0,0,0
19899,1,0.08089834,0.95546170,95.54616989,0.06107914,0.01243794,0.04864120,1,0,0,0,0,1,0,0,0
19999,1,0.04545402,0.94410530,94.41052952,0.05795411,0.01276810,0.04518602,1,0,0,0,0,1,0,0,0
20099,1,0.00000000,0.95598597,95.59859684,0.04636329,0.01264042,0.03372287,1,0,0,0,0,1,0,0,0
20199,1,0.00000000,0.95683402,95.68340240,0.03709063,0.01251401,0.02457662,1,0,0,0,0,1,0,0,0
20299,1,0.00187885,0.93551073,93.55107335,0.03004828,0.01240766,0.01764062,1,0,0,0,0,1,0,0,0
20399,1,0.03524663,0.96233206,96.23320612,0.03108795,0.01263605,0.01845190,1,0,0,0,0,1,0,0,0
20499,1,0.03089053,0.95887433,95.88743300,0.03104846,0.01281859,0.01822987,1,0,0,0,0,1,0,0,0
20599,1,0.00989064,0.97282198,97.28219751,0.02681690,0.01278931,0.01402758,1,0,0,0,0,1,0,0,0
20699,1,0.00977571,0.94960636,94.96063649,0.02340866,0.01275918,0.01064948,1,0,0,0,0,1,0,0,0
20799,1,0.00096299,0.95142779,95.14277865,0.01891953,0.01264122,0.00627831,1,0,0,0,0,1,0,0,0
20899,1,0.00120038,0.94506752,94.50675181,0.01537570,0.01252681,0.00284889,1,0,0,0,0,1,0,0,0
20999,1,0.00137566,0.95437890,95.43789012,0.01257569,0.01241530,0.00016039,1,0,0,0,0,1,0,0,0
21099,1,0.00000000,0.92238040,92.23804024,0.01006055,0.01229114,-0.00223059,1,0,0,0,0,1,0,0,0
21199,1,0.00006371,0.92644431,92.64443059,0.00806118,0.01216887,-0.00410769,1,0,0,0,0,1,0,0,0
21299,1,0.00085961,0.94825920,94.82591953,0.00662087,0.01205578,-0.00543491,1,0,0,0,0,1,0,0,0
21399,1,0.00023670,0.97793493,97.79349287,0.00534403,0.01193759,-0.00659355,1,0,0,0,0,1,0,0,0
21499,1,0.00031523,0.95757755,95.75775485,0.00433827,0.01182136,-0.00748309,1,0,0,0,0,1,0,0,0
21599,1,0.00000000,0.95794775,95.79477546,0.00347062,0.01170315,-0.00823253,1,0,0,0,0,1,0,0,0
21699,1,0.00000000,0.96654394,96.65439416,0.00277649,0.01158612,-0.00880962,1,0,0,0,0,1,0,0,0
21799,1,0.00023941,0.97648949,97.64894949,0.00226908,0.01147265,-0.00920357,1,0,0,0,0,1,0,0,0
21899,1,0.00000000,0.96970802,96.97080183,0.00181526,0.01135792,-0.00954266,1,0,0,0,0,1,0,0,0
21999,1,0.00000000,0.96420409,96.42040939,0.00145221,0.01124434,-0.00979213,1,0,0,0,0,1,0,0,0
22099,1,0.00003685,0.94884294,94.88429401,0.00116914,0.01113227,-0.00996313,1,0,0,0,0,1,0,0,0
22199,1,0.00215733,0.97337361,97.33736146,0.00136678,0.01104252,-0.00967574,1,0,0,0,0,1,0,0,0
22299,1,0.01200958,0.95967096,95.96709614,0.00349534,0.01105219,-0.00755685,1,0,0,0,0,1,0,0,0
22399,1,0.00449274,0.93548335,93.54833487,0.00369482,0.01098660,-0.00729178,1,0,0,0,0,1,0,0,0
22499,1,0.00033703,0.94936560,94.93655995,0.00302326,0.01088010,-0.00785684,1,0,0,0,0,1,0,0,0
22599,1,0.00000000,0.95078756,95.07875607,0.00241861,0.01077130,-0.00835269,1,0,0,0,0,1,0,0,0
22699,1,0.00121205,0.94440832,94.44083171,0.00217730,0.01067571,-0.00849841,1,0,0,0,0,1,0,0,0
22799,1,0.00000000,0.96007734,96.00773401,0.00174184,0.01056895,-0.00882711,1,0,0,0,0,1,0,0,0
22899,1,0.00000000,0.95497281,95.49728146,0.00139347,0.01046326,-0.00906979,1,0,0,0,0,1,0,0,0
22999,1,0.00000000,0.97369581,97.36958101,0.00111478,0.01035863,-0.00924385,1,0,0,0,0,1,0,0,0
23099,1,0.00245200,0.93449010,93.44900992,0.00138222,0.01027956,-0.00889734,1,0,0,0,0,1,0,0,0
23199,1,0.05218691,0.87957915,87.95791483,0.01154316,0.01069864,0.00084452,1,0,0,0,0,1,0,0,0
23299,1,0.02526066,0.96577756,96.57775591,0.01428666,0.01084426,0.00344240,1,0,0,0,0,1,0,0,0
23399,1,0.01794777,0.98016071,98.01607100,0.01501888,0.01091529,0.00410359,1,0,0,0,0,1,0,0,0
23499,1,0.00050801,0.96782024,96.78202390,0.01211671,0.01081122,0.00130549,1,0,0,0,0,1,0,0,0
23599,1,0.00064341,0.97074521,97.07452110,0.00982205,0.01070954,-0.00088749,1,0,0,0,0,1,0,0,0
23699,1,0.00000000,0.97217709,97.21770896,0.00785764,0.01060244,-0.00274481,1,0,0,0,0,1,0,0,0
23799,1,0.00042941,0.97676833,97.67683297,0.00637199,0.01050071,-0.00412872,1,0,0,0,0,1,0,0,0
23899,1,0.00000000,0.97955462,97.95546206,0.00509759,0.01039571,-0.00529811,1,0,0,0,0,1,0,0,0
23999,1,0.00000000,0.99410430,99.41042961,0.00407808,0.01029175,-0.00621367,1,0,0,0,0,1,0,0,0
24099,1,0.00000000,0.97676735,97.67673542,0.00326246,0.01018883,-0.00692637,1,0,0,0,0,1,0,0,0
24199,1,0.00030245,0.96331796,96.33179633,0.00267046,0.01008997,-0.00741951,1,0,0,0,0,1,0,0,0
24299,1,0.00000000,0.98464335,98.46433503,0.00213637,0.00998907,-0.00785270,1,0,0,0,0,1,0,0,0
24399,1,0.00000000,0.98626873,98.62687258,0.00170909,0.00988918,-0.00818009,1,0,0,0,0,1,0,0,0
24499,1,0.00000000,0.97737497,97.73749688,0.00136727,0.00979029,-0.00842301,1,0,0,0,0,1,0,0,0
24599,1,0.00069882,0.96756095,96.75609457,0.00123358,0.00969937,-0.00846579,1,0,0,0,0,1,0,0,0
24699,1,0.00000000,0.96812360,96.81236027,0.00098687,0.00960238,-0.00861551,1,0,0,0,0,1,0,0,0
24799,1,0.00106499,0.97805287,97.80528742,0.00100249,0.00951700,-0.00851451,1,0,0,0,0,1,0,0,0
24899,1,0.00000000,0.97425284,97.42528392,0.00080199,0.00942183,-0.00861984,1,0,0,0,0,1,0,0,0
24999,1,0.00000000,0.96650186,96.65018590,0.00064159,0.00932762,-0.00868602,1,0,0,0,0,1,0,0,0
25099,1,0.00000000,0.96943528,96.94352760,0.00051328,0.00923434,-0.00872106,1,0,0,0,0,1,0,0,0
25199,1,0.00000000,0.97590521,97.59052141,0.00041062,0.00914200,-0.00873138,1,0,0,0,0,1,0,0,0
25299,1,0.00000000,0.97946848,97.94684761,0.00032850,0.00905058,-0.00872208,1,0,0,0,0,1,0,0,0
25399,1,0.00000000,0.97887429,97.88742946,0.00026280,0.00896007,-0.00869727,1,0,0,0,0,1,0,0,0
25499,1,0.00000000,0.97588094,97.58809414,0.00021024,0.00887047,-0.00866023,1,0,0,0,0,1,0,0,0
25599,1,0.00000000,0.97565844,97.56584377,0.00016819,0.00878177,-0.00861358,1,0,0,0,0,1,0,0,0
25699,1,0.00000000,0.98878850,98.87885030,0.00013455,0.00869395,-0.00855940,1,0,0,0,0,1,0,0,0
25799,1,0.00000000,0.96752499,96.75249924,0.00010764,0.00860701,-0.00849937,1,0,0,0,0,1,0,0,0
25899,1,0.00000000,0.97437273,97.43727319,0.00008611,0.00852094,-0.00843482,1,0,0,0,0,1,0,0,0
25999,1,0.00000000,0.93717378,93.71737821,0.00006889,0.00843573,-0.00836684,1,0,0,0,0,1,0,0,0
26099,1,0.00000000,0.97056550,97.05654973,0.00005511,0.00835137,-0.00829626,1,0,0,0,0,1,0,0,0
26199,1,0.00010897,0.95662131,95.66213109,0.00006588,0.00826895,-0.00820306,1,0,0,0,0,1,0,0,0
26299,1,0.00354377,0.98119899,98.11989864,0.00076146,0.00822170,-0.00746023,1,0,0,0,0,1,0,0,0
26399,1,0.00000000,0.98411556,98.41155619,0.00060917,0.00813948,-0.00753031,1,0,0,0,0,1,0,0,0
26499,1,0.00000000,0.97802493,97.80249301,0.00048734,0.00805808,-0.00757075,1,0,0,0,0,1,0,0,0
26599,1,0.00000000,0.96623332,96.62333180,0.00038987,0.00797750,-0.00758763,1,0,0,0,0,1,0,0,0
26699,1,0.00000000,0.98119090,98.11909036,0.00031189,0.00789773,-0.00758583,1,0,0,0,0,1,0,0,0
26799,1,0.00000000,0.97572292,97.57229186,0.00024952,0.00781875,-0.00756923,1,0,0,0,0,1,0,0,0
26899,1,0.00000000,0.98293647,98.29364697,0.00019961,0.00774056,-0.00754095,1,0,0,0,0,1,0,0,0
26999,1,0.00000000,0.95433066,95.43306648,0.00015969,0.00766316,-0.00750347,1,0,0,0,0,1,0,0,0
27099,1,0.00429553,0.95384483,95.38448310,0.00098686,0.00762948,-0.00664262,1,0,0,0,0,1,0,0,0
27199,1,0.02812757,0.96705443,96.70544307,0.00641500,0.00783446,-0.00141946,1,0,0,0,0,1,0,0,0
27299,1,0.01870221,0.98629761,98.62976068,0.00887244,0.00794314,0.00092930,1,0,0,0,0,1,0,0,0
27399,1,0.02184851,0.96466237,96.46623710,0.01146765,0.00808219,0.00338546,1,0,0,0,0,1,0,0,0
27499,1,0.01170352,0.98508541,98.50854102,0.01151483,0.00811841,0.00339642,1,0,0,0,0,1,0,0,0
27599,1,0.01471607,0.96425179,96.42517855,0.01215508,0.00818438,0.00397069,1,0,0,0,0,1,0,0,0
27699,1,0.03592946,0.98347856,98.34785630,0.01690995,0.00846183,0.00844812,1,0,0,0,0,1,0,0,0
27799,1,0.03875211,0.96585519,96.58551942,0.02127838,0.00876474,0.01251365,1,0,0,0,0,1,0,0,0
27899,1,0.01830143,0.97662652,97.66265215,0.02068299,0.00886010,0.01182289,1,0,0,0,0,1,0,0,0
27999,1,0.02625380,0.91214232,91.21423206,0.02179715,0.00903404,0.01276311,1,0,0,0,0,1,0,0,0
28099,1,0.00120194,0.90476379,90.47637935,0.01767811,0.00895572,0.00872239,1,0,0,0,0,1,0,0,0
28199,1,0.00228197,0.98395223,98.39522332,0.01459888,0.00888898,0.00570990,1,0,0,0,0,1,0,0,0
28299,1,0.00240016,0.98596032,98.59603249,0.01215914,0.00882409,0.00333504,1,0,0,0,0,1,0,0,0
28399,1,0.00316641,0.97878861,97.87886059,0.01036059,0.00876752,0.00159307,1,0,0,0,0,1,0,0,0
28499,1,0.00047497,0.97365798,97.36579820,0.00838347,0.00868459,-0.00030112,1,0,0,0,0,1,0,0,0
28599,1,0.00108894,0.98375671,98.37567080,0.00692456,0.00860864,-0.00168407,1,0,0,0,0,1,0,0,0
28699,1,0.00043147,0.96024315,96.02431490,0.00562594,0.00852686,-0.00290092,1,0,0,0,0,1,0,0,0
28799,1,0.00038839,0.96039579,96.03957949,0.00457843,0.00844548,-0.00386705,1,0,0,0,0,1,0,0,0
28899,1,0.00000000,0.97155935,97.15593525,0.00366275,0.00836102,-0.00469828,1,0,0,0,0,1,0,0,0
28999,1,0.00066861,0.99631749,99.63174885,0.00306392,0.00828410,-0.00522018,1,0,0,0,0,1,0,0,0
29099,1,0.00000000,0.94362856,94.36285619,0.00245113,0.00820126,-0.00575012,1,0,0,0,0,1,0,0,0
29199,1,0.00000000,0.98889688,98.88968837,0.00196091,0.00811925,-0.00615834,1,0,0,0,0,1,0,0,0
29299,1,0.00000000,0.98843300,98.84329963,0.00156873,0.00803805,-0.00646933,1,0,0,0,0,1,0,0,0
29399,1,0.00000000,0.98800584,98.80058423,0.00125498,0.00795767,-0.00670269,1,0,0,0,0,1,0,0,0
29499,1,0.00000000,0.97511083,97.51108330,0.00100398,0.00787810,-0.00687411,1,0,0,0,0,1,0,0,0
29599,1,0.00000000,0.98394274,98.39427449,0.00080319,0.00779932,-0.00699613,1,0,0,0,0,1,0,0,0
29699,1,0.00000000,0.99669776,99.66977574,0.00064255,0.00772132,-0.00707877,1,0,0,0,0,1,0,0,0
29799,1,0.00000000,0.99579663,99.57966301,0.00051404,0.00764411,-0.00713007,1,0,0,0,0,1,0,0,0
29899,1,0.00000000,0.99590396,99.59039573,0.00041123,0.00756767,-0.00715644,1,0,0,0,0,1,0,0,0
29999,1,0.00000000,0.99096554,99.09655420,0.00032899,0.00749199,-0.00716301,1,0,0,0,0,1,0,0,0
30099,1,0.00099734,0.92674751,92.67475115,0.00046266,0.00742704,-0.00696439,1,0,0,0,0,1,0,0,0
30199,1,0.00000000,0.97776597,97.77659711,0.00037013,0.00735277,-0.00698265,1,0,0,0,0,1,0,0,0
30299,1,0.00000000,0.99375768,99.37576776,0.00029610,0.00727925,-0.00698315,1,0,0,0,0,1,0,0,0
30399,1,0.00000000,0.99589068,99.58906793,0.00023688,0.00720645,-0.00696957,1,0,0,0,0,1,0,0,0
30499,1,0.00000000,0.99438438,99.43843832,0.00018950,0.00713439,-0.00694489,1,0,0,0,0,1,0,0,0
30599,1,0.00000000,0.99549040,99.54903961,0.00015160,0.00706305,-0.00691144,1,0,0,0,0,1,0,0,0
30699,1,0.00000000,0.99494579,99.49457859,0.00012128,0.00699242,-0.00687113,1,0,0,0,0,1,0,0,0
30799,1,0.00000000,0.99070787,99.07078669,0.00009703,0.00692249,-0.00682546,1,0,0,0,0,1,0,0,0
30899,1,0.00034030,0.98437565,98.43756531,0.00014568,0.00685667,-0.00671099,1,0,0,0,0,1,0,0,0
30999,1,0.00000000,0.98870954,98.87095385,0.00011654,0.00678810,-0.00667156,1,0,0,0,0,1,0,0,0
31099,1,0.17997769,0.91564162,91.56416214,0.03608877,0.00852000,0.02756878,1,0,0,0,0,1,0,0,0
31199,1,0.00000000,0.99345187,99.34518708,0.02887102,0.00843480,0.02043622,1,0,0,0,0,1,0,0,0
31299,1,0.00000000,0.98348472,98.34847189,0.02309682,0.00835045,0.01474637,1,0,0,0,0,1,0,0,0
31399,1,0.00000000,0.99839414,99.83941443,0.01847745,0.00826695,0.01021051,1,0,0,0,0,1,0,0,0
31499,1,0.00000000,0.99473413,99.47341258,0.01478196,0.00818428,0.00659769,1,0,0,0,0,1,0,0,0
31599,1,0.00000000,0.98412123,98.41212262,0.01182557,0.00810243,0.00372314,1,0,0,0,0,1,0,0,0
31699,1,0.00002189,0.97492498,97.49249837,0.00946483,0.00802163,0.00144321,1,0,0,0,0,1,0,0,0
31799,1,0.00000000,0.98307329,98.30732943,0.00757187,0.00794141,-0.00036955,1,0,0,0,0,1,0,0,0
31899,1,0.00111421,0.98045911,98.04591126,0.00628034,0.00787314,-0.00159280,1,0,0,0,0,1,0,0,0
31999,1,0.00000000,0.98283752,98.28375172,0.00502427,0.00779441,-0.00277014,1,0,0,0,0,1,0,0,0
32099,1,0.00000000,0.93649492,93.64949208,0.00401942,0.00771646,-0.00369705,1,0,0,0,0,1,0,0,0
32199,1,0.00000000,0.98501343,98.50134289,0.00321553,0.00763930,-0.00442377,1,0,0,0,0,1,0,0,0
32299,1,0.00020487,0.98418934,98.41893398,0.00261340,0.00756496,-0.00495156,1,0,0,0,0,1,0,0,0
32399,1,0.00016106,0.98729327,98.72932683,0.00212293,0.00749092,-0.00536798,1,0,0,0,0,1,0,0,0
32499,1,0.00026195,0.98745183,98.74518260,0.00175074,0.00741863,-0.00566789,1,0,0,0,0,1,0,0,0
32599,1,0.00072883,0.99694953,99.69495291,0.00154635,0.00735173,-0.00580537,1,0,0,0,0,1,0,0,0
32699,1,0.00039119,0.99346506,99.34650644,0.00131532,0.00728212,-0.00596680,1,0,0,0,0,1,0,0,0
32799,1,0.00000000,0.97812358,97.81235776,0.00105226,0.00720930,-0.00615704,1,0,0,0,0,1,0,0,0
32899,1,0.00126992,0.98211798,98.21179783,0.00109579,0.00714991,-0.00605412,1,0,0,0,0,1,0,0,0
32999,1,0.00061498,0.98290281,98.29028077,0.00099963,0.00708456,-0.00608493,1,0,0,0,0,1,0,0,0
33099,1,0.15485027,0.92528287,92.52828734,0.03176976,0.00856222,0.02320754,1,0,0,0,0,1,0,0,0
33199,1,0.00000000,0.99223454,99.22345385,0.02541580,0.00847659,0.01693921,1,0,0,0,0,1,0,0,0
33299,1,0.00000000,0.96196535,96.19653485,0.02033264,0.00839183,0.01194082,1,0,0,0,0,1,0,0,0
33399,1,0.00000000,0.99242724,99.24272376,0.01626612,0.00830791,0.00795821,1,0,0,0,0,1,0,0,0
33499,1,0.00000000,0.98746833,98.74683273,0.01301289,0.00822483,0.00478806,1,0,0,0,0,1,0,0,0
33599,1,0.00000000,0.96458927,96.45892685,0.01041031,0.00814258,0.00226773,1,0,0,0,0,1,0,0,0
33699,1,0.00016380,0.97796509,97.79650900,0.00836101,0.00806279,0.00029822,1,0,0,0,0,1,0,0,0
33799,1,0.00000000,0.97938790,97.93878985,0.00668881,0.00798217,-0.00129336,1,0,0,0,0,1,0,0,0
33899,1,0.00000000,0.96761618,96.76161828,0.00535105,0.00790235,-0.00255130,1,0,0,0,0,1,0,0,0
33999,1,0.00055149,0.97564654,97.56465403,0.00439113,0.00782884,-0.00343770,1,0,0,0,0,1,0,0,0
34099,1,0.00050143,0.93586407,93.58640722,0.00361319,0.00775556,-0.00414237,1,0,0,0,0,1,0,0,0
34199,1,0.00014317,0.97792188,97.79218815,0.00291919,0.00767944,-0.00476025,1,0,0,0,0,1,0,0,0
34299,1,0.00156929,0.97939963,97.93996343,0.00264921,0.00761834,-0.00496913,1,0,0,0,0,1,0,0,0
34399,1,0.00061971,0.97540377,97.54037657,0.00224331,0.00754835,-0.00530504,1,0,0,0,0,1,0,0,0
34499,1,0.00136285,0.96590118,96.59011809,0.00206722,0.00748650,-0.00541928,1,0,0,0,0,1,0,0,0
34599,1,0.00011463,0.96430351,96.43035117,0.00167670,0.00741278,-0.00573608,1,0,0,0,0,1,0,0,0
34699,1,0.00000000,0.97396917,97.39691737,0.00134136,0.00733865,-0.00599729,1,0,0,0,0,1,0,0,0
34799,1,0.00055017,0.95554686,95.55468643,0.00118312,0.00727076,-0.00608764,1,0,0,0,0,1,0,0,0
34899,1,0.00049471,0.97278490,97.27849000,0.00104544,0.00720300,-0.00615757,1,0,0,0,0,1,0,0,0
34999,1,0.00037075,0.97088294,97.08829353,0.00091050,0.00713468,-0.00622418,1,0,0,0,0,1,0,0,0
35099,1,0.00039471,0.92600657,92.60065690,0.00080734,0.00706728,-0.00625994,1,0,0,0,0,1,0,0,0
35199,1,0.02293840,0.99310163,99.31016330,0.00523355,0.00722599,-0.00199244,1,0,0,0,0,1,0,0,0
35299,1,0.01490562,0.97356768,97.35676805,0.00716797,0.00730279,-0.00013482,1,0,0,0,0,1,0,0,0
35399,1,0.00000812,0.98271789,98.27178869,0.00573600,0.00722984,-0.00149384,1,0,0,0,0,1,0,0,0
35499,1,0.00039289,0.95155254,95.15525435,0.00466738,0.00716147,-0.00249410,1,0,0,0,0,1,0,0,0
35599,1,0.00000000,0.97313238,97.31323806,0.00373390,0.00708986,-0.00335596,1,0,0,0,0,1,0,0,0
35699,1,0.00000000,0.98686391,98.68639124,0.00298712,0.00701896,-0.00403184,1,0,0,0,0,1,0,0,0
35799,1,0.00000000,0.99301829,99.30182862,0.00238970,0.00694877,-0.00455907,1,0,0,0,0,1,0,0,0
35899,1,0.00000000,0.97269734,97.26973356,0.00191176,0.00687928,-0.00496752,1,0,0,0,0,1,0,0,0
35999,1,0.00000000,0.98710306,98.71030551,0.00152941,0.00681049,-0.00528108,1,0,0,0,0,1,0,0,0
36099,1,0.00000000,0.96713210,96.71320978,0.00122352,0.00674238,-0.00551886,1,0,0,0,0,1,0,0,0
36199,1,0.00000000,0.99346680,99.34668004,0.00097882,0.00667496,-0.00569614,1,0,0,0,0,1,0,0,0
36299,1,0.00000000,0.99529736,99.52973612,0.00078306,0.00660821,-0.00582516,1,0,0,0,0,1,0,0,0
36399,1,0.00000000,0.99131872,99.13187227,0.00062644,0.00654213,-0.00591568,1,0,0,0,0,1,0,0,0
36499,1,0.00000000,0.99426086,99.42608589,0.00050116,0.00647671,-0.00597555,1,0,0,0,0,1,0,0,0
36599,1,0.00000000,0.99650632,99.65063235,0.00040092,0.00641194,-0.00601102,1,0,0,0,0,1,0,0,0
36699,1,0.00000000,0.99469759,99.46975945,0.00032074,0.00634782,-0.00602708,1,0,0,0,0,1,0,0,0
36799,1,0.00000000,0.98398778,98.39877804,0.00025659,0.00628434,-0.00602775,1,0,0,0,0,1,0,0,0
36899,1,0.00000000,0.99192193,99.19219259,0.00020527,0.00622150,-0.00601623,1,0,0,0,0,1,0,0,0
36999,1,0.00000549,0.99315244,99.31524391,0.00016532,0.00615934,-0.00599402,1,0,0,0,0,1,0,0,0
37099,1,0.00772116,0.90419327,90.41932698,0.00167649,0.00617496,-0.00449847,1,0,0,0,0,1,0,0,0
37199,1,0.01522046,0.96380099,96.38009870,0.00438528,0.00626541,-0.00188013,1,0,0,0,0,1,0,0,0
37299,1,0.00000000,0.99303437,99.30343738,0.00350822,0.00620276,-0.00269453,1,0,0,0,0,1,0,0,0
37399,1,0.00000000,0.99895684,99.89568414,0.00280658,0.00614073,-0.00333415,1,0,0,0,0,1,0,0,0
37499,1,0.00000000,0.99817018,99.81701823,0.00224526,0.00607932,-0.00383406,1,0,0,0,0,1,0,0,0
37599,1,0.00000000,0.98728470,98.72847033,0.00179621,0.00601853,-0.00422232,1,0,0,0,0,1,0,0,0
37699,1,0.00000000,0.99743008,99.74300843,0.00143697,0.00595835,-0.00452138,1,0,0,0,0,1,0,0,0
37799,1,0.00000000,0.98726373,98.72637279,0.00114957,0.00589876,-0.00474919,1,0,0,0,0,1,0,0,0
37899,1,0.00000000,0.99908034,99.90803356,0.00091966,0.00583977,-0.00492011,1,0,0,0,0,1,0,0,0
37999,1,0.00000000,0.99170532,99.17053158,0.00073573,0.00578138,-0.00504565,1,0,0,0,0,1,0,0,0
38099,1,0.00000000,0.96299251,96.29925137,0.00058858,0.00572356,-0.00513498,1,0,0,0,0,1,0,0,0
38199,1,0.00000000,0.99098367,99.09836739,0.00047087,0.00566633,-0.00519546,1,0,0,0,0,1,0,0,0
38299,1,0.00000000,0.98873422,98.87342229,0.00037669,0.00560966,-0.00523297,1,0,0,0,0,1,0,0,0
38399,1,0.00000000,0.99397909,99.39790933,0.00030135,0.00555357,-0.00525221,1,0,0,0,0,1,0,0,0
38499,1,0.00000000,0.99038813,99.03881276,0.00024108,0.00549803,-0.00525695,1,0,0,0,0,1,0,0,0
38599,1,0.00000000,0.99155466,99.15546600,0.00019287,0.00544305,-0.00525018,1,0,0,0,0,1,0,0,0
38699,1,0.00000000,0.99552730,99.55273034,0.00015429,0.00538862,-0.00523433,1,0,0,0,0,1,0,0,0
38799,1,0.00000000,0.99440002,99.44000248,0.00012343,0.00533473,-0.00521130,1,0,0,0,0,1,0,0,0
38899,1,0.00000000,0.99823887,99.82388693,0.00009875,0.00528139,-0.00518264,1,0,0,0,0,1,0,0,0
38999,1,0.00000000,0.99727925,99.72792488,0.00007900,0.00522857,-0.00514957,1,0,0,0,0,1,0,0,0
39099,1,0.02548066,0.94554134,94.55413427,0.00515933,0.00543109,-0.00027176,1,0,0,0,0,1,0,0,0
39199,1,0.00000000,0.99693005,99.69300505,0.00412746,0.00537678,-0.00124932,1,0,0,0,0,1,0,0,0
39299,1,0.00000000,0.98268427,98.26842668,0.00330197,0.00532302,-0.00202104,1,0,0,0,0,1,0,0,0
39399,1,0.00000000,0.99077682,99.07768248,0.00264158,0.00526979,-0.00262821,1,0,0,0,0,1,0,0,0
39499,1,0.00000000,0.99328422,99.32842208,0.00211326,0.00521709,-0.00310383,1,0,0,0,0,1,0,0,0
39599,1,0.00000000,0.99685604,99.68560396,0.00169061,0.00516492,-0.00347431,1,0,0,0,0,1,0,0,0
39699,1,0.00000000,0.99129250,99.12924985,0.00135249,0.00511327,-0.00376078,1,0,0,0,0,1,0,0,0
39799,1,0.00000000,0.98315051,98.31505107,0.00108199,0.00506213,-0.00398014,1,0,0,0,0,1,0,0,0
39899,1,0.00000000,0.98890578,98.89057790,0.00086559,0.00501151,-0.00414592,1,0,0,0,0,1,0,0,0
39999,1,0.00000000,0.98557978,98.55797791,0.00069247,0.00496140,-0.00426892,1,0,0,0,0,1,0,0,0
40099,1,0.00000000,0.93990004,93.99000431,0.00055398,0.00491178,-0.00435781,1,0,0,0,0,1,0,0,0
40199,1,0.00000000,0.97854695,97.85469499,0.00044318,0.00486267,-0.00441948,1,0,0,0,0,1,0,0,0
40299,1,0.00000000,0.97597878,97.59787843,0.00035455,0.00481404,-0.00445949,1,0,0,0,0,1,0,0,0
40399,1,0.00000000,0.99127766,99.12776629,0.00028364,0.00476590,-0.00448226,1,0,0,0,0,1,0,0,0
40499,1,0.00000000,0.99515477,99.51547726,0.00022691,0.00471824,-0.00449133,1,0,0,0,0,1,0,0,0
40599,1,0.00000000,0.98826884,98.82688426,0.00018153,0.00467106,-0.00448953,1,0,0,0,0,1,0,0,0
40699,1,0.00000000,0.98534649,98.53464877,0.00014522,0.00462435,-0.00447912,1,0,0,0,0,1,0,0,0
40799,1,0.00000000,0.99194811,99.19481075,0.00011618,0.00457810,-0.00446193,1,0,0,0,0,1,0,0,0
40899,1,0.00006321,0.99757633,99.75763290,0.00010558,0.00453295,-0.00442737,1,0,0,0,0,1,0,0,0
40999,1,0.00000000,0.99698364,99.69836421,0.00008447,0.00448763,-0.00440316,1,0,0,0,0,1,0,0,0
41099,1,0.00000000,0.97325232,97.32523208,0.00006757,0.00444275,-0.00437518,1,0,0,0,0,1,0,0,0
41199,1,0.00000000,0.99847728,99.84772751,0.00005406,0.00439832,-0.00434426,1,0,0,0,0,1,0,0,0
41299,1,0.00000000,0.99662247,99.66224691,0.00004325,0.00435434,-0.00431109,1,0,0,0,0,1,0,0,0
41399,1,0.00000000,0.99605758,99.60575773,0.00003460,0.00431079,-0.00427620,1,0,0,0,0,1,0,0,0
41499,1,0.00000000,0.99120226,99.12022641,0.00002768,0.00426769,-0.00424001,1,0,0,0,0,1,0,0,0
41599,1,0.00000000,0.99298019,99.29801856,0.00002214,0.00422501,-0.00420287,1,0,0,0,0,1,0,0,0
41699,1,0.00000000,0.99189465,99.18946523,0.00001771,0.00418276,-0.00416505,1,0,0,0,0,1,0,0,0
41799,1,0.00000000,0.99168414,99.16841406,0.00001417,0.00414093,-0.00412676,1,0,0,0,0,1,0,0,0
41899,1,0.00000000,0.99291527,99.29152679,0.00001134,0.00409952,-0.00408819,1,0,0,0,0,1,0,0,0
41999,1,0.00000000,0.98669071,98.66907142,0.00000907,0.00405853,-0.00404946,1,0,0,0,0,1,0,0,0
42099,1,0.00000000,0.95289251,95.28925093,0.00000726,0.00401794,-0.00401069,1,0,0,0,0,1,0,0,0
42199,1,0.00000000,0.99258285,99.25828539,0.00000580,0.00397776,-0.00397196,1,0,0,0,0,1,0,0,0
42299,1,0.00000000,0.99524160,99.52416001,0.00000464,0.00393799,-0.00393334,1,0,0,0,0,1,0,0,0
42399,1,0.00000000,0.99756448,99.75644816,0.00000371,0.00389861,-0.00389489,1,0,0,0,0,1,0,0,0
42499,1,0.00000000,0.99434677,99.43467689,0.00000297,0.00385962,-0.00385665,1,0,0,0,0,1,0,0,0
42599,1,0.00000000,0.99339329,99.33932919,0.00000238,0.00382102,-0.00381865,1,0,0,0,0,1,0,0,0
42699,1,0.00000000,0.99452968,99.45296807,0.00000190,0.00378281,-0.00378091,1,0,0,0,0,1,0,0,0
42799,1,0.00000000,0.99407900,99.40789962,0.00000152,0.00374498,-0.00374346,1,0,0,0,0,1,0,0,0
42899,1,0.00000000,0.98825557,98.82555685,0.00000122,0.00370754,-0.00370632,1,0,0,0,0,1,0,0,0
42999,1,0.00000000,0.98448408,98.44840783,0.00000097,0.00367046,-0.00366949,1,0,0,0,0,1,0,0,0
43099,1,0.00113512,0.95753110,95.75311033,0.00022780,0.00364511,-0.00341730,1,0,0,0,0,1,0,0,0
43199,1,0.00000000,0.99679301,99.67930050,0.00018224,0.00360866,-0.00342641,1,0,0,0,0,1,0,0,0
43299,1,0.00000000,0.99257347,99.25734701,0.00014579,0.00357257,-0.00342677,1,0,0,0,0,1,0,0,0
43399,1,0.00000000,0.99910116,99.91011593,0.00011664,0.00353684,-0.00342021,1,0,0,0,0,1,0,0,0
43499,1,0.00000000,0.99709153,99.70915266,0.00009331,0.00350147,-0.00340817,1,0,0,0,0,1,0,0,0
43599,1,0.00000000,0.99959907,99.95990727,0.00007465,0.00346646,-0.00339181,1,0,0,0,0,1,0,0,0
43699,1,0.00000000,0.99355755,99.35575538,0.00005972,0.00343180,-0.00337208,1,0,0,0,0,1,0,0,0
43799,1,0.00000000,0.99561742,99.56174197,0.00004777,0.00339748,-0.00334970,1,0,0,0,0,1,0,0,0
43899,1,0.00000000,0.99287423,99.28742288,0.00003822,0.00336350,-0.00332528,1,0,0,0,0,1,0,0,0
43999,1,0.00000000,0.99025692,99.02569208,0.00003058,0.00332987,-0.00329929,1,0,0,0,0,1,0,0,0
44099,1,0.00006639,0.98273318,98.27331756,0.00003774,0.00329723,-0.00325949,1,0,0,0,0,1,0,0,0
44199,1,0.00046952,0.99226762,99.22676220,0.00012410,0.00326896,-0.00314486,1,0,0,0,0,1,0,0,0
44299,1,0.00000000,0.99531775,99.53177526,0.00009928,0.00323627,-0.00313699,1,0,0,0,0,1,0,0,0
44399,1,0.00000000,0.98573223,98.57322277,0.00007942,0.00320390,-0.00312448,1,0,0,0,0,1,0,0,0
44499,1,0.00000000,0.99607680,99.60768003,0.00006354,0.00317186,-0.00310833,1,0,0,0,0,1,0,0,0
44599,1,0.00000000,0.99540729,99.54072940,0.00005083,0.00314015,-0.00308932,1,0,0,0,0,1,0,0,0
44699,1,0.00000000,0.99761995,99.76199498,0.00004066,0.00310874,-0.00306808,1,0,0,0,0,1,0,0,0
44799,1,0.00000000,0.98630860,98.63085996,0.00003253,0.00307766,-0.00304513,1,0,0,0,0,1,0,0,0
44899,1,0.00068059,0.99234598,99.23459758,0.00016214,0.00305369,-0.00289154,1,0,0,0,0,1,0,0,0
44999,1,0.00000000,0.99908964,99.90896424,0.00012971,0.00302315,-0.00289343,1,0,0,0,0,1,0,0,0
45099,1,0.00476088,0.98169859,98.16985864,0.00105595,0.00304053,-0.00198458,1,0,0,0,0,1,0,0,0
45199,1,0.00000000,0.99897290,99.89729034,0.00084476,0.00301012,-0.00216536,1,0,0,0,0,1,0,0,0
45299,1,0.00000000,0.99889215,99.88921475,0.00067581,0.00298002,-0.00230421,1,0,0,0,0,1,0,0,0
45399,1,0.00000000,0.99912790,99.91279001,0.00054065,0.00295022,-0.00240957,1,0,0,0,0,1,0,0,0
45499,1,0.00000000,0.99885210,99.88521013,0.00043252,0.00292072,-0.00248820,1,0,0,0,0,1,0,0,0
45599,1,0.00000000,0.99733837,99.73383692,0.00034601,0.00289151,-0.00254550,1,0,0,0,0,1,0,0,0
45699,1,0.00000000,0.99109615,99.10961458,0.00027681,0.00286260,-0.00258579,1,0,0,0,0,1,0,0,0
45799,1,0.00000000,0.99560671,99.56067140,0.00022145,0.00283397,-0.00261252,1,0,0,0,0,1,0,0,0
45899,1,0.00000000,0.97455885,97.45588489,0.00017716,0.00280563,-0.00262847,1,0,0,0,0,1,0,0,0
45999,1,0.00000000,0.99815322,99.81532207,0.00014173,0.00277757,-0.00263585,1,0,0,0,0,1,0,0,0
46099,1,0.00000000,0.96552189,96.55218858,0.00011338,0.00274980,-0.00263642,1,0,0,0,0,1,0,0,0
46199,1,0.00114126,0.99739173,99.73917255,0.00031896,0.00273371,-0.00241476,1,0,0,0,0,1,0,0,0
46299,1,0.00000000,0.99876421,99.87642067,0.00025517,0.00270638,-0.00245121,1,0,0,0,0,1,0,0,0
46399,1,0.00000000,0.99917356,99.91735649,0.00020413,0.00267931,-0.00247518,1,0,0,0,0,1,0,0,0
46499,1,0.00000000,0.99868144,99.86814353,0.00016331,0.00265252,-0.00248921,1,0,0,0,0,1,0,0,0
46599,1,0.00000000,0.99689206,99.68920561,0.00013064,0.00262599,-0.00249535,1,0,0,0,0,1,0,0,0
46699,1,0.00000000,0.99597038,99.59703776,0.00010452,0.00259973,-0.00249522,1,0,0,0,0,1,0,0,0
46799,1,0.00000000,0.99959903,99.95990348,0.00008361,0.00257374,-0.00249012,1,0,0,0,0,1,0,0,0
46899,1,0.00000000,0.99951710,99.95171027,0.00006689,0.00254800,-0.00248111,1,0,0,0,0,1,0,0,0
46999,1,0.00000000,0.99910064,99.91006376,0.00005351,0.00252252,-0.00246901,1,0,0,0,0,1,0,0,0
47099,1,0.00000000,0.97292933,97.29293321,0.00004281,0.00249729,-0.00245448,1,0,0,0,0,1,0,0,0
47199,1,0.00000000,0.99913968,99.91396823,0.00003425,0.00247232,-0.00243807,1,0,0,0,0,1,0,0,0
47299,1,0.00000000,0.99577356,99.57735610,0.00002740,0.00244760,-0.00242020,1,0,0,0,0,1,0,0,0
47399,1,0.00000000,0.99320826,99.32082616,0.00002192,0.00242312,-0.00240120,1,0,0,0,0,1,0,0,0
47499,1,0.00000000,0.99768386,99.76838600,0.00001753,0.00239889,-0.00238136,1,0,0,0,0,1,0,0,0
47599,1,0.00000000,0.99967320,99.96731959,0.00001403,0.00237490,-0.00236087,1,0,0,0,0,1,0,0,0
47699,1,0.00000000,0.99996553,99.99655283,0.00001122,0.00235115,-0.00233993,1,0,0,0,0,1,0,0,0
47799,1,0.00000000,0.99875034,99.87503415,0.00000898,0.00232764,-0.00231866,1,0,0,0,0,1,0,0,0
47899,1,0.00000000,0.99933957,99.93395680,0.00000718,0.00230436,-0.00229718,1,0,0,0,0,1,0,0,0
47999,1,0.00000000,0.99984506,99.98450572,0.00000575,0.00228132,-0.00227557,1,0,0,0,0,1,0,0,0
48099,1,0.00000000,0.96001488,96.00148756,0.00000460,0.00225851,-0.00225391,1,0,0,0,0,1,0,0,0
48199,1,0.00000000,0.99950949,99.95094914,0.00000368,0.00223592,-0.00223225,1,0,0,0,0,1,0,0,0
48299,1,0.00000000,0.99454373,99.45437289,0.00000294,0.00221356,-0.00221062,1,0,0,0,0,1,0,0,0
48399,1,0.00000000,0.99517176,99.51717633,0.00000235,0.00219143,-0.00218907,1,0,0,0,0,1,0,0,0
48499,1,0.00000000,0.99209293,99.20929332,0.00000188,0.00216951,-0.00216763,1,0,0,0,0,1,0,0,0
48599,1,0.00000000,0.99796777,99.79677692,0.00000151,0.00214782,-0.00214631,1,0,0,0,0,1,0,0,0
48699,1,0.00000000,0.99444659,99.44465891,0.00000120,0.00212634,-0.00212513,1,0,0,0,0,1,0,0,0
48799,1,0.00000000,0.99980565,99.98056521,0.00000096,0.00210508,-0.00210411,1,0,0,0,0,1,0,0,0
48899,1,0.00000000,0.99810895,99.81089496,0.00000077,0.00208403,-0.00208325,1,0,0,0,0,1,0,0,0
48999,1,0.00021228,0.99968431,99.96843106,0.00004307,0.00206531,-0.00202224,1,0,0,0,0,1,0,0,0
49099,1,0.00207955,0.95484765,95.48476467,0.00045037,0.00206545,-0.00161508,1,0,0,0,0,1,0,0,0
49199,1,0.00000000,0.99716759,99.71675927,0.00036030,0.00204480,-0.00168450,1,0,0,0,0,1,0,0,0
49299,1,0.00000000,0.99445454,99.44545433,0.00028824,0.00202435,-0.00173611,1,0,0,0,0,1,0,0,0
49399,1,0.00000000,0.99805142,99.80514182,0.00023059,0.00200410,-0.00177352,1,0,0,0,0,1,0,0,0
49499,1,0.00000000,0.99343966,99.34396587,0.00018447,0.00198406,-0.00179959,1,0,0,0,0,1,0,0,0
49599,1,0.00000000,0.99919951,99.91995123,0.00014758,0.00196422,-0.00181665,1,0,0,0,0,1,0,0,0
49699,1,0.00000000,0.99316398,99.31639835,0.00011806,0.00194458,-0.00182652,1,0,0,0,0,1,0,0,0
49799,1,0.00000000,0.98603968,98.60396803,0.00009445,0.00192514,-0.00183069,1,0,0,0,0,1,0,0,0
49899,1,0.00000000,0.99954516,99.95451648,0.00007556,0.00190588,-0.00183032,1,0,0,0,0,1,0,0,0
49999,1,0.00000000,0.99886912,99.88691174,0.00006045,0.00188682,-0.00182638,1,0,0,0,0,1,0,0,0
50099,1,0.14781093,0.98384365,98.38436456,0.02961054,0.00334607,0.02626448,1,0,0,0,0,1,0,0,0
50199,1,0.67135826,0.97639080,97.63907981,0.15796009,0.01002619,0.14793390,1,0,0,0,0,1,0,0,0
50299,1,0.47401093,0.99976642,99.97664167,0.22117025,0.01466604,0.20650422,1,0,1,0,0,1,0,0,0
50399,1,0.55871638,0.99204300,99.20429977,0.28867948,0.02010654,0.26857294,1,0,2,0,0,1,0,0,0
50499,1,0.38225091,0.99407325,99.40732462,0.30739376,0.02372798,0.28366578,0,1,0,0,0,1,0,1,5000
50599,1,0.08459597,0.99615116,99.61511555,0.26283421,0.02433666,0.23849754,0,0,0,0,0,1,0,1,4900
50699,1,0.00133254,0.99918431,99.91843144,0.21053387,0.02410662,0.18642725,0,0,0,0,0,1,0,1,4800
50799,1,0.00000000,0.99926241,99.92624121,0.16842710,0.02386555,0.14456154,0,0,0,0,0,1,0,1,4700
50899,1,0.00000000,0.99997376,99.99737588,0.13474168,0.02362690,0.11111478,0,0,0,0,0,1,0,1,4600
50999,1,0.00000000,0.99987248,99.98724830,0.10779334,0.02339063,0.08440271,0,0,0,0,0,1,0,1,4500
51099,1,0.00015604,0.98719288,98.71928762,0.08626588,0.02315828,0.06310760,0,0,0,0,0,1,0,1,4400
51199,1,0.00000000,0.99984822,99.98482197,0.06901271,0.02292670,0.04608600,0,0,0,0,0,1,0,1,4300
51299,1,0.00003409,0.99761190,99.76118983,0.05521698,0.02269778,0.03251921,0,0,0,0,0,1,0,1,4200
51399,1,0.00065620,0.99987019,99.98701910,0.04430483,0.02247736,0.02182747,0,0,0,0,0,1,0,1,4100
51499,1,0.00000000,0.99979229,99.97922855,0.03544386,0.02225259,0.01319128,0,0,0,0,0,1,0,1,4000
51599,1,0.00000000,0.99999501,99.99950088,0.02835509,0.02203006,0.00632503,0,0,0,0,0,1,0,1,3900
51699,1,0.00000000,0.99996489,99.99648920,0.02268407,0.02180976,0.00087431,0,0,0,0,0,1,0,1,3800
51799,1,0.00000000,0.99983125,99.98312516,0.01814726,0.02159166,-0.00344440,0,0,0,0,0,1,0,1,3700
51899,1,0.00000000,0.99993666,99.99366631,0.01451781,0.02137575,-0.00685794,0,0,0,0,0,1,0,1,3600
51999,1,0.00075235,0.99975727,99.97572674,0.01176471,0.02116951,-0.00940480,0,0,0,0,0,1,0,1,3500
52099,1,0.01239248,0.99444567,99.44456656,0.01189027,0.02108174,-0.00919147,0,0,0,0,0,1,0,1,3400
52199,1,0.00000000,0.99999530,99.99953023,0.00951221,0.02087092,-0.01135871,0,0,0,0,0,1,0,1,3300
52299,1,0.00000000,0.99999947,99.99994689,0.00760977,0.02066221,-0.01305244,0,0,0,0,0,1,0,1,3200
52399,1,0.00000000,0.99999952,99.99995229,0.00608782,0.02045559,-0.01436778,0,0,0,0,0,1,0,1,3100
52499,1,0.00000000,0.99984689,99.98468929,0.00487025,0.02025104,-0.01538078,0,0,0,0,0,1,0,1,3000
52599,1,0.00000000,0.99999570,99.99957004,0.00389620,0.02004853,-0.01615232,0,0,0,0,0,1,0,1,2900
52699,1,0.00000000,0.99437189,99.43718915,0.00311696,0.01984804,-0.01673108,0,0,0,0,0,1,0,1,2800
52799,1,0.00000000,0.99999384,99.99938381,0.00249357,0.01964956,-0.01715599,0,0,0,0,0,1,0,1,2700
52899,1,0.00000000,0.99939912,99.93991242,0.00199486,0.01945306,-0.01745821,0,0,0,0,0,1,0,1,2600
52999,1,0.00000000,0.99963485,99.96348543,0.00159588,0.01925853,-0.01766265,0,0,0,0,0,1,0,1,2500
53099,1,0.00000000,0.99960611,99.96061129,0.00127671,0.01906595,-0.01778924,0,0,0,0,0,1,0,1,2400
53199,1,0.00000000,0.99994078,99.99407756,0.00102137,0.01887529,-0.01785392,0,0,0,0,0,1,0,1,2300
53299,1,0.00000000,0.99907888,99.90788843,0.00081709,0.01868654,-0.01786944,0,0,0,0,0,1,0,1,2200
53399,1,0.00000000,0.99936208,99.93620764,0.00065367,0.01849967,-0.01784600,0,0,0,0,0,1,0,1,2100
53499,1,0.00000000,0.99949721,99.94972137,0.00052294,0.01831467,-0.01779173,0,0,0,0,0,1,0,1,2000
53599,1,0.00000000,0.99994147,99.99414730,0.00041835,0.01813153,-0.01771318,0,0,0,0,0,1,0,1,1900
53699,1,0.00000000,0.99797839,99.79783939,0.00033468,0.01795021,-0.01761553,0,0,0,0,0,1,0,1,1800
53799,1,0.00000000,0.99807966,99.80796584,0.00026775,0.01777071,-0.01750297,0,0,0,0,0,1,0,1,1700
53899,1,0.00000000,0.99862401,99.86240113,0.00021420,0.01759300,-0.01737881,0,0,0,0,0,1,0,1,1600
53999,1,0.00106750,0.99732148,99.73214823,0.00038486,0.01742775,-0.01704289,0,0,0,0,0,1,0,1,1500
54099,1,0.00043857,0.99676207,99.67620679,0.00039560,0.01725786,-0.01686226,0,0,0,0,0,1,0,1,1400
54199,1,0.00143569,0.99322160,99.32215973,0.00060362,0.01709963,-0.01649602,0,0,0,0,0,1,0,1,1300
54299,1,0.00007869,0.99954349,99.95434897,0.00049863,0.01692943,-0.01643079,0,0,0,0,0,1,0,1,1200
54399,1,0.00000000,0.99573521,99.57352053,0.00039891,0.01676013,-0.01636123,0,0,0,0,0,1,0,1,1100
54499,1,0.00000000,0.99628683,99.62868265,0.00031912,0.01659253,-0.01627341,0,0,0,0,0,1,0,1,1000
54599,1,0.00000000,0.99804586,99.80458600,0.00025530,0.01642660,-0.01617130,0,0,0,0,0,1,0,1,900
54699,1,0.00000000,0.99345595,99.34559524,0.00020424,0.01626234,-0.01605810,0,0,0,0,0,1,0,1,800
54799,1,0.00000000,0.99984106,99.98410601,0.00016339,0.01609971,-0.01593632,0,0,0,0,0,1,0,1,700
54899,1,0.00054637,0.99951815,99.95181547,0.00023999,0.01594418,-0.01570419,0,0,0,0,0,1,0,1,600
54999,1,0.00000000,0.99229989,99.22998949,0.00019199,0.01578474,-0.01559275,0,0,0,0,0,1,0,1,500
55099,1,0.66120944,0.97968185,97.96818517,0.13239548,0.02223899,0.11015649,0,0,0,0,0,1,0,1,400
55199,1,0.76351250,0.96324376,96.32437638,0.25861888,0.02965172,0.22896716,0,0,0,0,0,1,0,1,300
55299,1,0.14902294,0.94492891,94.49289070,0.23669969,0.03084543,0.20585426,0,0,0,0,0,1,0,1,200
55399,1,0.00164660,0.97713319,97.71331867,0.18968908,0.03055345,0.15913563,0,0,0,0,0,1,0,1,100
55499,1,0.00000000,0.97950602,97.95060205,0.15175126,0.03024791,0.12150335,0,0,0,0,0,1,0,0,0
55599,1,0.00050638,0.99108609,99.10860945,0.12150228,0.02995050,0.09155179,0,0,0,0,0,1,0,0,0
55699,1,0.00012177,0.98248522,98.24852216,0.09722618,0.02965221,0.06757397,0,0,0,0,0,1,0,0,0
55799,1,0.00000000,0.99096044,99.09604353,0.07778095,0.02935569,0.04842526,0,0,0,0,1,1,0,0,0
55899,1,0.00226625,0.98900942,98.90094245,0.06267801,0.02908479,0.03359321,0,0,0,0,2,1,0,0,0
55999,1,0.05175570,0.96758244,96.75824361,0.06049355,0.02931150,0.03118204,0,0,0,0,3,1,0,0,0
56099,1,0.03601137,0.99512697,99.51269668,0.05559711,0.02937850,0.02621861,1,0,0,0,0,1,0,0,0
56199,1,0.24784418,0.99211578,99.21157838,0.09404652,0.03156316,0.06248337,1,0,0,0,0,1,0,0,0
56299,1,0.52401681,0.99759072,99.75907154,0.18004058,0.03648769,0.14355289,1,0,0,0,0,1,0,0,0
56399,1,0.45763616,0.99686482,99.68648170,0.23555970,0.04069918,0.19486052,1,0,1,0,0,1,0,0,0
56499,1,0.42339109,0.99889682,99.88968200,0.27312598,0.04452610,0.22859988,1,0,2,0,0,1,0,0,0
56599,1,0.62904435,0.98595730,98.59573046,0.34430965,0.05037128,0.29393837,0,1,0,0,0,1,0,1,5000
56699,1,0.34312707,0.99231460,99.23146040,0.34407313,0.05329884,0.29077430,0,0,0,0,0,1,0,1,4900
56799,1,0.05904044,0.99586566,99.58656554,0.28706660,0.05335625,0.23371034,0,0,0,0,0,1,0,1,4800
56899,1,0.00115527,0.99925774,99.92577363,0.22988433,0.05283424,0.17705009,0,0,0,0,0,1,0,1,4700
56999,1,0.00000000,0.99961497,99.96149716,0.18390746,0.05230590,0.13160156,0,0,0,0,0,1,0,1,4600
57099,1,0.01001896,0.99717691,99.71769099,0.14912976,0.05188303,0.09724673,0,0,0,0,0,1,0,1,4500
57199,1,0.00684428,0.99739951,99.73995098,0.12067267,0.05143264,0.06924002,0,0,0,0,0,1,0,1,4400
57299,1,0.00298084,0.99788973,99.78897284,0.09713430,0.05094813,0.04618618,0,0,0,0,0,1,0,1,4300
57399,1,0.00000000,0.99980360,99.98036027,0.07770744,0.05043864,0.02726880,0,0,0,0,0,1,0,1,4200
57499,1,0.00000000,0.99862808,99.86280782,0.06216595,0.04993426,0.01223169,0,0,0,0,0,1,0,1,4100
57599,1,0.00000000,0.99888963,99.88896257,0.04973276,0.04943492,0.00029785,0,0,0,0,0,1,0,1,4000
57699,1,0.00000000,0.99987603,99.98760286,0.03978621,0.04894057,-0.00915436,0,0,0,0,0,1,0,1,3900
57799,1,0.00000000,0.99973805,99.97380490,0.03182897,0.04845116,-0.01662219,0,0,0,0,0,1,0,1,3800
57899,1,0.00000000,0.99981711,99.98171073,0.02546317,0.04796665,-0.02250348,0,0,0,0,0,1,0,1,3700
57999,1,0.00618515,0.99969449,99.96944857,0.02160757,0.04754883,-0.02594127,0,0,0,0,0,1,0,1,3600
58099,1,0.07556558,0.96176079,96.17607889,0.03239917,0.04782900,-0.01542983,0,0,0,0,0,1,0,1,3500
58199,1,0.05290764,0.94733376,94.73337639,0.03650086,0.04787979,-0.01137892,0,0,0,0,0,1,0,1,3400
58299,1,0.00000000,0.99969346,99.96934584,0.02920069,0.04740099,-0.01820030,0,0,0,0,0,1,0,1,3300
58399,1,0.00000000,0.99681724,99.68172428,0.02336055,0.04692698,-0.02356643,0,0,0,0,0,1,0,1,3200
58499,1,0.00029457,0.99964945,99.96494460,0.01874736,0.04646066,-0.02771330,0,0,0,0,0,1,0,1,3100
58599,1,0.00000000,0.99509125,99.50912548,0.01499789,0.04599605,-0.03099816,0,0,0,0,0,1,0,1,3000
58699,1,0.00000000,0.99827716,99.82771606,0.01199831,0.04553609,-0.03353778,0,0,0,0,0,1,0,1,2900
58799,1,0.00000000,0.99939834,99.93983400,0.00959865,0.04508073,-0.03548208,0,0,0,0,0,1,0,1,2800
58899,1,0.00000000,0.99399104,99.39910393,0.00767892,0.04462992,-0.03695100,0,0,0,0,0,1,0,1,2700
58999,1,0.00000000,0.99958917,99.95891749,0.00614313,0.04418362,-0.03804049,0,0,0,0,0,1,0,1,2600
59099,1,0.00000000,0.99010046,99.01004571,0.00491451,0.04374179,-0.03882728,0,0,0,0,0,1,0,1,2500
59199,1,0.00000000,0.99904076,99.90407556,0.00393161,0.04330437,-0.03937276,0,0,0,0,0,1,0,1,2400
59299,1,0.00000000,0.99835055,99.83505470,0.00314528,0.04287132,-0.03972604,0,0,0,0,0,1,0,1,2300
59399,1,0.00000000,0.99795546,99.79554639,0.00251623,0.04244261,-0.03992638,0,0,0,0,0,1,0,1,2200
59499,1,0.00000000,0.99593130,99.59312990,0.00201298,0.04201818,-0.04000520,0,0,0,0,0,1,0,1,2100
59599,1,0.00000000,0.99526458,99.52645826,0.00161039,0.04159800,-0.03998762,0,0,0,0,0,1,0,1,2000
59699,1,0.00000000,0.99599188,99.59918839,0.00128831,0.04118202,-0.03989371,0,0,0,0,0,1,0,1,1900
59799,1,0.00000000,0.99693775,99.69377534,0.00103065,0.04077020,-0.03973956,0,0,0,0,0,1,0,1,1800
59899,1,0.00000000,0.99636364,99.63636391,0.00082452,0.04036250,-0.03953798,0,0,0,0,0,1,0,1,1700
59999,1,0.00000000,0.99817419,99.81741946,0.00065961,0.03995888,-0.03929926,0,0,0,0,0,1,0,1,1600
60099,1,0.11323882,0.92956216,92.95621555,0.02317545,0.04069168,-0.01751622,0,0,0,0,0,1,0,1,1500
60199,1,0.02005187,0.98921881,98.92188097,0.02255074,0.04048528,-0.01793454,0,0,0,0,0,1,0,1,1400
60299,1,0.00000000,0.99956849,99.95684916,0.01804059,0.04008042,-0.02203983,0,0,0,0,0,1,0,1,1300
60399,1,0.00000000,0.99857867,99.85786697,0.01443247,0.03967962,-0.02524715,0,0,0,0,0,1,0,1,1200
60499,1,0.00000000,0.99934908,99.93490830,0.01154598,0.03928282,-0.02773685,0,0,0,0,0,1,0,1,1100
60599,1,0.00000000,0.99943424,99.94342400,0.00923678,0.03889000,-0.02965321,0,0,0,0,0,1,0,1,1000
60699,1,0.00000000,0.99976005,99.97600482,0.00738943,0.03850110,-0.03111167,0,0,0,0,0,1,0,1,900
60799,1,0.00000000,0.99973210,99.97321049,0.00591154,0.03811608,-0.03220454,0,0,0,0,0,1,0,1,800
60899,1,0.00058209,0.99979953,99.97995322,0.00484565,0.03774074,-0.03289509,0,0,0,0,0,1,0,1,700
60999,1,0.00000000,0.99432094,99.43209367,0.00387652,0.03736334,-0.03348682,0,0,0,0,0,1,0,1,600
61099,1,0.11907089,0.96846530,96.84652969,0.02691539,0.03818041,-0.01126502,0,0,0,0,0,1,0,1,500
61199,1,0.00000000,0.99855493,99.85549267,0.02153231,0.03779861,-0.01626629,0,0,0,0,0,1,0,1,400
61299,1,0.00000000,0.99846762,99.84676171,0.01722585,0.03742062,-0.02019477,0,0,0,0,0,1,0,1,300
61399,1,0.00000000,0.99765547,99.76554653,0.01378068,0.03704642,-0.02326573,0,0,0,0,0,1,0,1,200
61499,1,0.00000000,0.99808671,99.80867076,0.01102455,0.03667595,-0.02565141,0,0,0,0,0,1,0,1,100
61599,1,0.00000000,0.99776616,99.77661574,0.00881964,0.03630919,-0.02748956,0,0,0,0,1,1,0,0,0
61699,1,0.00000000,0.99682662,99.68266168,0.00705571,0.03594610,-0.02889039,0,0,0,0,2,1,0,0,0
61799,1,0.00054873,0.99404450,99.40445039,0.00575431,0.03559213,-0.02983781,0,0,0,0,3,1,0,0,0
61899,1,0.00000000,0.99282141,99.28214140,0.00460345,0.03523621,-0.03063276,1,0,0,0,0,1,0,0,0
61999,1,0.00257535,0.99326366,99.32636579,0.00419783,0.03490960,-0.03071177,1,0,0,0,0,1,0,0,0
62099,1,0.00072778,0.98787598,98.78759849,0.00350382,0.03456778,-0.03106396,1,0,0,0,0,1,0,0,0
62199,1,0.00187777,0.99909999,99.90999870,0.00317861,0.03424088,-0.03106227,1,0,0,0,0,1,0,0,0
62299,1,0.00017222,0.99966929,99.96692864,0.00257733,0.03390019,-0.03132286,1,0,0,0,0,1,0,0,0
62399,1,0.00000000,0.99788050,99.78804965,0.00206187,0.03356119,-0.03149932,1,0,0,0,0,1,0,0,0
62499,1,0.00217271,0.99925945,99.92594510,0.00208404,0.03324731,-0.03116327,1,0,0,0,0,1,0,0,0
62599,1,0.00000401,0.99994029,99.99402874,0.00166803,0.03291487,-0.03124684,1,0,0,0,0,1,0,0,0
62699,1,0.00000000,0.99876040,99.87604036,0.00133442,0.03258572,-0.03125130,1,0,0,0,0,1,0,0,0
62799,1,0.00181259,0.99914680,99.91467990,0.00143006,0.03227799,-0.03084794,1,0,0,0,0,1,0,0,0
62899,1,0.00553804,0.99659263,99.65926315,0.00225165,0.03201059,-0.02975894,1,0,0,0,0,1,0,0,0
62999,1,0.00923000,0.99687776,99.68777562,0.00364732,0.03178279,-0.02813547,1,0,0,0,0,1,0,0,0
63099,1,0.22232177,0.97512626,97.51262629,0.04738221,0.03368818,0.01369403,1,0,0,0,0,1,0,0,0
63199,1,0.00000000,0.99837087,99.83708742,0.03790577,0.03335130,0.00455447,1,0,0,0,0,1,0,0,0
63299,1,0.00000000,0.99389882,99.38988221,0.03032461,0.03301778,-0.00269317,1,0,0,0,0,1,0,0,0
63399,1,0.00316387,0.99900944,99.90094439,0.02489247,0.03271924,-0.00782678,1,0,0,0,0,1,0,0,0
63499,1,0.00000000,0.99862154,99.86215406,0.01991397,0.03239205,-0.01247808,1,0,0,0,0,1,0,0,0
63599,1,0.00000000,0.99941738,99.94173822,0.01593118,0.03206813,-0.01613695,1,0,0,0,0,1,0,0,0
63699,1,0.00000000,0.99651190,99.65119042,0.01274494,0.03174745,-0.01900251,1,0,0,0,0,1,0,0,0
63799,1,0.00000000,0.99860951,99.86095062,0.01019595,0.03142997,-0.02123402,1,0,0,0,0,1,0,0,0
63899,1,0.00041313,0.99970623,99.97062257,0.00823939,0.03111981,-0.02288042,1,0,0,0,0,1,0,0,0
63999,1,0.00000000,0.99993522,99.99352191,0.00659151,0.03080861,-0.02421710,1,0,0,0,0,1,0,0,0
64099,1,0.00633764,0.98666551,98.66655091,0.00654074,0.03056390,-0.02402316,1,0,0,0,0,1,0,0,0
64199,1,0.00043830,0.99988469,99.98846872,0.00532025,0.03026264,-0.02494239,1,0,0,0,0,1,0,0,0
64299,1,0.00000000,0.99967675,99.96767499,0.00425620,0.02996002,-0.02570382,1,0,0,0,0,1,0,0,0
64399,1,0.00000000,0.99987219,99.98721915,0.00340496,0.02966042,-0.02625546,1,0,0,0,0,1,0,0,0
64499,1,0.00000000,0.99997459,99.99745917,0.00272397,0.02936381,-0.02663984,1,0,0,0,0,1,0,0,0
64599,1,0.00041246,0.99982532,99.98253197,0.00226167,0.02907430,-0.02681263,1,0,0,0,0,1,0,0,0
64699,1,0.00372671,0.99985416,99.98541644,0.00255468,0.02882082,-0.02626615,1,0,0,0,0,1,0,0,0
64799,1,0.00161211,0.99998283,99.99828323,0.00236616,0.02854873,-0.02618257,1,0,0,0,0,1,0,0,0
64899,1,0.00129067,0.99992691,99.99269135,0.00215106,0.02827615,-0.02612509,1,0,0,0,0,1,0,0,0
64999,1,0.00038315,0.99968630,99.96863045,0.00179748,0.02799722,-0.02619974,1,0,0,0,0,1,0,0,0
65099,1,0.01401447,0.99368222,99.36822162,0.00424088,0.02785740,-0.02361652,1,0,0,0,0,1,0,0,0
65199,1,0.00793149,0.99391326,99.39132605,0.00497900,0.02765814,-0.02267914,1,0,0,0,0,1,0,0,0
65299,1,0.00059525,0.99890734,99.89073356,0.00410225,0.02738751,-0.02328526,1,0,0,0,0,1,0,0,0
65399,1,0.00052482,0.99845032,99.84503186,0.00338677,0.02711888,-0.02373212,1,0,0,0,0,1,0,0,0
65499,1,0.00000000,0.99940369,99.94036874,0.00270941,0.02684769,-0.02413828,1,0,0,0,0,1,0,0,0
65599,1,0.00000000,0.99982664,99.98266392,0.00216753,0.02657922,-0.02441169,1,0,0,0,0,1,0,0,0
65699,1,0.00000000,0.99935795,99.93579508,0.00173402,0.02631342,-0.02457940,1,0,0,0,0,1,0,0,0
65799,1,0.00102047,0.99956015,99.95601542,0.00159131,0.02606049,-0.02446918,1,0,0,0,0,1,0,0,0
65899,1,0.00006402,0.99887766,99.88776636,0.00128585,0.02580053,-0.02451468,1,0,0,0,0,1,0,0,0
65999,1,0.00050040,0.99847855,99.84785535,0.00112876,0.02554753,-0.02441876,1,0,0,0,0,1,0,0,0
66099,1,0.05084028,0.98249080,98.24908019,0.01107107,0.02580046,-0.01472939,1,0,0,0,0,1,0,0,0
66199,1,0.00000000,0.99906082,99.90608190,0.00885685,0.02554245,-0.01668560,1,0,0,0,0,1,0,0,0
66299,1,0.00000000,0.99966016,99.96601579,0.00708548,0.02528703,-0.01820154,1,0,0,0,0,1,0,0,0
66399,1,0.00000000,0.99983921,99.98392136,0.00566839,0.02503416,-0.01936577,1,0,0,0,0,1,0,0,0
66499,1,0.00000000,0.99997536,99.99753597,0.00453471,0.02478382,-0.02024911,1,0,0,0,0,1,0,0,0
66599,1,0.00000000,0.99986118,99.98611842,0.00362777,0.02453598,-0.02090821,1,0,0,0,0,1,0,0,0
66699,1,0.00036139,0.99983143,99.98314269,0.00297449,0.02429423,-0.02131974,1,0,0,0,0,1,0,0,0
66799,1,0.00000000,0.99998710,99.99870964,0.00237959,0.02405129,-0.02167170,1,0,0,0,0,1,0,0,0
66899,1,0.00000000,0.99993331,99.99333136,0.00190367,0.02381078,-0.02190710,1,0,0,0,0,1,0,0,0
66999,1,0.00000000,0.99999576,99.99957640,0.00152294,0.02357267,-0.02204973,1,0,0,0,0,1,0,0,0
67099,1,0.72568999,0.99908144,99.90814419,0.14635635,0.03059384,0.11576251,1,0,0,0,0,1,0,0,0
67199,1,0.28204735,0.96540243,96.54024258,0.17349455,0.03310838,0.14038617,1,0,0,0,0,1,0,0,0
67299,1,0.00340389,0.99721085,99.72108491,0.13947642,0.03281133,0.10666509,1,0,0,0,0,1,0,0,0
67399,1,0.00341421,0.99946348,99.94634783,0.11226398,0.03251736,0.07974662,1,0,0,0,0,1,0,0,0
67499,1,0.00010668,0.99906074,99.90607400,0.08983252,0.03219325,0.05763926,1,0,0,0,0,1,0,0,0
67599,1,0.00219539,0.99762595,99.76259522,0.07230509,0.03189327,0.04041182,1,0,0,0,0,1,0,0,0
67699,1,0.00087380,0.99952168,99.95216794,0.05801883,0.03158308,0.02643575,1,0,0,0,0,1,0,0,0
67799,1,0.00501908,0.99987333,99.98733269,0.04741888,0.03131744,0.01610144,1,0,0,0,0,1,0,0,0
67899,1,0.00552580,0.99983979,99.98397876,0.03904026,0.03105952,0.00798074,1,0,0,0,0,1,0,0,0
67999,1,0.00925995,0.99948543,99.94854263,0.03308420,0.03084153,0.00224267,1,0,0,0,0,1,0,0,0
68099,1,0.02291941,0.99906086,99.90608554,0.03105124,0.03076231,0.00028894,1,0,0,0,0,1,0,0,0
68199,1,0.00041435,0.99916398,99.91639831,0.02492387,0.03045883,-0.00553496,1,0,0,0,0,1,0,0,0
68299,1,0.00099851,0.99985640,99.98563970,0.02013879,0.03016422,-0.01002543,1,0,0,0,0,1,0,0,0
68399,1,0.00204165,0.99999548,99.99954783,0.01651937,0.02988300,-0.01336363,1,0,0,0,0,1,0,0,0
68499,1,0.00123697,0.99975691,99.97569067,0.01346289,0.02959654,-0.01613365,1,0,0,0,0,1,0,0,0
68599,1,0.00003030,0.99853445,99.85344458,0.01077637,0.02930088,-0.01852451,1,0,0,0,0,1,0,0,0
68699,1,0.00054117,0.99803683,99.80368288,0.00872933,0.02901328,-0.02028395,1,0,0,0,0,1,0,0,0
68799,1,0.00019845,0.99998200,99.99819997,0.00702315,0.02872513,-0.02170198,1,0,0,0,0,1,0,0,0
68899,1,0.00028274,0.99993649,99.99364935,0.00567507,0.02844071,-0.02276564,1,0,0,0,0,1,0,0,0
68999,1,0.00000000,0.99998913,99.99891264,0.00454006,0.02815630,-0.02361624,1,0,0,0,0,1,0,0,0
69099,1,0.01094926,0.96725901,96.72590111,0.00582190,0.02798423,-0.02216233,1,0,0,0,0,1,0,0,0
69199,1,0.03249776,0.98994926,98.99492618,0.01115707,0.02802936,-0.01687229,1,0,0,0,0,1,0,0,0
69299,1,0.00000000,0.99969068,99.96906758,0.00892566,0.02774907,-0.01882342,1,0,0,0,0,1,0,0,0
69399,1,0.00000000,0.99986956,99.98695602,0.00714052,0.02747158,-0.02033106,1,0,0,0,0,1,0,0,0
69499,1,0.00040351,0.99999733,99.99973321,0.00579312,0.02720090,-0.02140778,1,0,0,0,0,1,0,0,0
69599,1,0.00000000,0.99992764,99.99276386,0.00463450,0.02692889,-0.02229439,1,0,0,0,0,1,0,0,0
69699,1,0.00000000,0.99999505,99.99950535,0.00370760,0.02665960,-0.02295200,1,0,0,0,0,1,0,0,0
69799,1,0.00000717,0.99998872,99.99887236,0.00296751,0.02639308,-0.02342557,1,0,0,0,0,1,0,0,0
69899,1,0.00095568,0.99999486,99.99948628,0.00256514,0.02613870,-0.02357356,1,0,0,0,0,1,0,0,0
69999,1,0.00031832,0.99999704,99.99970357,0.00211578,0.02588050,-0.02376472,1,0,0,0,0,1,0,0,0
70099,1,0.00009200,0.97941499,97.94149857,0.00171102,0.02562261,-0.02391159,1,0,0,0,0,1,0,0,0
70199,1,0.00008407,0.99998607,99.99860734,0.00138563,0.02536723,-0.02398160,1,0,0,0,0,1,0,0,0
70299,1,0.00000000,0.99999358,99.99935768,0.00110851,0.02511356,-0.02400505,1,0,0,0,0,1,0,0,0
70399,1,0.00205058,0.99999795,99.99979494,0.00129692,0.02488293,-0.02358600,1,0,0,0,0,1,0,0,0
70499,1,0.00080201,0.99998258,99.99825783,0.00119794,0.02464212,-0.02344418,1,0,0,0,0,1,0,0,0
70599,1,0.00040746,0.99999864,99.99986422,0.00103984,0.02439977,-0.02335993,1,0,0,0,0,1,0,0,0
70699,1,0.00000000,0.99998882,99.99888203,0.00083188,0.02415577,-0.02332390,1,0,0,0,0,1,0,0,0
70799,1,0.00000000,0.99992426,99.99242572,0.00066550,0.02391422,-0.02324872,1,0,0,0,0,1,0,0,0
70899,1,0.00000000,0.99991345,99.99134483,0.00053240,0.02367507,-0.02314267,1,0,0,0,0,1,0,0,0
70999,1,0.00000000,0.99939963,99.93996271,0.00042592,0.02343832,-0.02301240,1,0,0,0,0,1,0,0,0
71099,1,0.10092509,0.89192366,89.19236556,0.02052575,0.02421319,-0.00368744,1,0,0,0,0,1,0,0,0
71199,1,0.03443789,0.97296352,97.29635195,0.02330818,0.02431544,-0.00100726,1,0,0,0,0,1,0,0,0
71299,1,0.00000000,0.99864374,99.86437368,0.01864655,0.02407228,-0.00542574,1,0,0,0,0,1,0,0,0
71399,1,0.00000000,0.99998994,99.99899428,0.01491724,0.02383156,-0.00891432,1,0,0,0,0,1,0,0,0
71499,1,0.00000000,0.99966260,99.96625969,0.01193379,0.02359324,-0.01165946,1,0,0,0,0,1,0,0,0
71599,1,0.00000000,0.99986403,99.98640276,0.00954703,0.02335731,-0.01381028,1,0,0,0,0,1,0,0,0
71699,1,0.00000000,0.99998655,99.99865454,0.00763762,0.02312374,-0.01548611,1,0,0,0,0,1,0,0,0
71799,1,0.00052478,0.99997754,99.99775398,0.00621506,0.02289775,-0.01668269,1,0,0,0,0,1,0,0,0
71899,1,0.00000000,0.99937772,99.93777248,0.00497204,0.02266877,-0.01769673,1,0,0,0,0,1,0,0,0
71999,1,0.00096817,0.99974943,99.97494284,0.00417127,0.02245177,-0.01828050,1,0,0,0,0,1,0,0,0
72099,1,0.07761350,0.92315910,92.31590988,0.01885972,0.02300338,-0.00414367,1,0,0,0,0,1,0,0,0
72199,1,0.00354349,0.99875964,99.87596450,0.01579647,0.02280878,-0.00701231,1,0,0,0,0,1,0,0,0
