step,surprise_raw,surprise_clipped,state_action_pseudo_count,familiarity,e_t,block_E_k,W_k,block_completed,warmup_remaining,regime_change,mean_total_var,mean_epistemic_var,predictor_nll
0,12.64293575,12.64293575,0,0.00000000,0.00000000,nan,0.00000000,0,9999,0,1.01454926,0.00410669,132.93452962
100,2.04851508,2.04851508,0,0.00000000,0.00000000,nan,0.00000000,0,9899,0,2.29496050,0.63746518,77.09476089
200,2.45552731,2.45552731,0,0.00000000,0.00000000,nan,0.00000000,0,9799,0,1.43959403,0.17731866,46.96647771
300,5.63160944,5.63160944,0,0.00000000,0.00000000,nan,0.00000000,0,9699,0,1.38951731,0.13729630,76.02422841
400,6.93674707,6.93674707,0,0.00000000,0.00000000,nan,0.00000000,0,9599,0,1.13313568,0.02173054,88.83248520
500,0.82528073,0.82528073,0,0.00000000,0.00000000,nan,0.00000000,0,9499,0,1.80419707,0.13942367,32.49124336
600,1.08703399,1.08703399,0,0.00000000,0.00000000,nan,0.00000000,0,9399,0,3.15095043,0.29459900,37.95622406
700,5.21146584,5.21146584,0,0.00000000,0.00000000,nan,0.00000000,0,9299,0,1.57917452,0.07480311,75.42000961
800,3.60877895,3.60877895,0,0.00000000,0.00000000,nan,0.00000000,0,9199,0,1.70147181,0.10839967,57.34288788
900,2.83115983,2.83115983,0,0.00000000,0.00000000,nan,0.00000000,0,9099,0,2.32916141,0.15911187,54.00962639
1000,6.16087770,6.16087770,0,0.00000000,0.00000000,nan,0.00000000,0,8999,0,1.04545832,0.00274104,72.17630768
1100,1.88192916,1.88192916,0,0.00000000,0.00000000,nan,0.00000000,0,8899,0,4.84728670,0.27215704,44.69842275
1200,2.15017438,2.15017438,0,0.00000000,0.00000000,nan,0.00000000,0,8799,0,5.63604307,0.22624210,44.55079269
1300,0.60697109,0.60697109,0,0.00000000,0.00000000,nan,0.00000000,0,8699,0,16.20834732,0.43488193,58.56342506
1400,1.43494368,1.43494368,0,0.00000000,0.00000000,nan,0.00000000,0,8599,0,3.08143520,0.14008848,33.46000748
1500,0.37651879,0.37651879,0,0.00000000,0.00000000,nan,0.00000000,0,8499,0,9.50408554,0.34020519,45.60851161
1600,3.57068300,3.57068300,0,0.00000000,0.00000000,nan,0.00000000,0,8399,0,1.97168899,0.06441033,48.16428884
1700,2.26801586,2.26801586,0,0.00000000,0.00000000,nan,0.00000000,0,8299,0,2.78510404,0.09194727,40.91580709
1800,0.49282157,0.49282157,0,0.00000000,0.00000000,nan,0.00000000,0,8199,0,16.82664871,0.28015807,28.51805353
1900,1.55462062,1.55462062,0,0.00000000,0.00000000,nan,0.00000000,0,8099,0,3.23457623,0.10569957,33.11055311
2000,8.38499451,8.38499451,0,0.00000000,0.00000000,nan,0.00000000,0,7999,0,1.13101006,0.00620343,101.20616531
2100,0.68627518,0.68627518,0,0.00000000,0.00000000,nan,0.00000000,0,7899,0,10.09389496,0.18349648,29.63886007
2200,0.64804196,0.64804196,0,0.00000000,0.00000000,nan,0.00000000,0,7799,0,24.42368507,0.32954025,31.82662430
2300,0.34658781,0.34658781,0,0.00000000,0.00000000,nan,0.00000000,0,7699,0,41.02943420,0.45371592,36.15927696
2400,0.47334459,0.47334459,0,0.00000000,0.00000000,nan,0.00000000,0,7599,0,23.68428040,0.23375018,29.54519320
2500,0.41688812,0.41688812,0,0.00000000,0.00000000,nan,0.00000000,0,7499,0,21.05613327,0.28651237,27.11482620
2600,0.39389473,0.39389473,0,0.00000000,0.00000000,nan,0.00000000,0,7399,0,6.11718941,0.10637283,24.48730850
2700,0.79315019,0.79315019,0,0.00000000,0.00000000,nan,0.00000000,0,7299,0,14.80525875,0.13085008,31.86797333
2800,3.22881222,3.22881222,0,0.00000000,0.00000000,nan,0.00000000,0,7199,0,3.74778318,0.07046454,54.69939995
2900,0.25855008,0.25855008,0,0.00000000,0.00000000,nan,0.00000000,0,7099,0,31.15677834,0.20978320,26.50308847
3000,5.66858101,5.66858101,0,0.00000000,0.00000000,nan,0.00000000,0,6999,0,1.10088646,0.00335289,66.38497162
3100,0.24519117,0.24519117,0,0.00000000,0.00000000,nan,0.00000000,0,6899,0,41.07045364,0.31233612,26.97939936
3200,0.49144280,0.49144280,0,0.00000000,0.00000000,nan,0.00000000,0,6799,0,30.50785637,0.27751398,31.96182251
3300,0.38681501,0.38681501,0,0.00000000,0.00000000,nan,0.00000000,0,6699,0,26.14721870,0.22755554,25.80541166
3400,0.52642411,0.52642411,0,0.00000000,0.00000000,nan,0.00000000,0,6599,0,44.21578979,0.30591434,30.67557971
3500,0.70685399,0.70685399,0,0.00000000,0.00000000,nan,0.00000000,0,6499,0,21.43837738,0.18255986,30.68176842
3600,1.05373061,1.05373061,0,0.00000000,0.00000000,nan,0.00000000,0,6399,0,12.68470478,0.13623363,32.98574829
3700,0.40776700,0.40776700,0,0.00000000,0.00000000,nan,0.00000000,0,6299,0,38.81271744,0.33434713,28.07550812
3800,0.57682091,0.57682091,0,0.00000000,0.00000000,nan,0.00000000,0,6199,0,44.55613327,0.35712564,29.36542854
3900,0.65033108,0.65033108,0,0.00000000,0.00000000,nan,0.00000000,0,6099,0,7.36018372,0.05497352,27.26907253
4000,9.66196632,9.66196632,0,0.00000000,0.00000000,nan,0.00000000,0,5999,0,1.23415482,0.00833132,nan
4100,0.53160816,0.53160816,0,0.00000000,0.00000000,nan,0.00000000,0,5899,0,34.98716736,0.23174626,30.77416515
4200,0.15526658,0.15526658,0,0.00000000,0.00000000,nan,0.00000000,0,5799,0,37.82686234,0.23650591,24.89114714
4300,0.25914177,0.25914177,0,0.00000000,0.00000000,nan,0.00000000,0,5699,0,42.79615021,0.28542978,23.97737598
4400,0.47998014,0.47998014,0,0.00000000,0.00000000,nan,0.00000000,0,5599,0,9.96003342,0.10515806,25.06361771
4500,0.49919245,0.49919245,0,0.00000000,0.00000000,nan,0.00000000,0,5499,0,44.75987244,0.31420729,27.49153709
4600,0.29380992,0.29380992,0,0.00000000,0.00000000,nan,0.00000000,0,5399,0,8.33184624,0.07843646,22.12509982
4700,0.43184403,0.43184403,0,0.00000000,0.00000000,nan,0.00000000,0,5299,0,29.35985565,0.13892674,25.30998929
4800,0.34768900,0.34768900,0,0.00000000,0.00000000,nan,0.00000000,0,5199,0,13.61094761,0.11197237,23.65988731
4900,0.25137478,0.25137478,0,0.00000000,0.00000000,nan,0.00000000,0,5099,0,43.62858582,0.22867700,24.37077379
5000,4.24621344,4.24621344,0,0.00000000,0.00000000,nan,0.00000000,0,4999,0,1.17360163,0.00411852,55.76094208
5100,0.81649894,0.81649894,0,0.00000000,0.00000000,nan,0.00000000,0,4899,0,3.42672992,0.03650347,25.81561565
5200,1.13934970,1.13934970,0,0.00000000,0.00000000,nan,0.00000000,0,4799,0,3.52559733,0.02039788,30.38476054
5300,0.47836447,0.47836447,0,0.00000000,0.00000000,nan,0.00000000,0,4699,0,46.59033203,0.32756579,32.84021473
5400,0.24926990,0.24926990,0,0.00000000,0.00000000,nan,0.00000000,0,4599,0,47.58366013,0.20852651,25.86062126
5500,0.40489134,0.40489134,0,0.00000000,0.00000000,nan,0.00000000,0,4499,0,10.87147331,0.05550800,24.32379850
5600,0.63246667,0.63246667,0,0.00000000,0.00000000,nan,0.00000000,0,4399,0,13.78232193,0.07492570,26.60997518
5700,0.56322122,0.56322122,0,0.00000000,0.00000000,nan,0.00000000,0,4299,0,30.23307037,0.16293402,27.25544866
5800,0.54613155,0.54613155,0,0.00000000,0.00000000,nan,0.00000000,0,4199,0,44.69545364,0.29824272,28.87981462
5900,0.10332292,0.10332292,0,0.00000000,0.00000000,nan,0.00000000,0,4099,0,42.35900497,0.27908206,22.95035172
6000,5.20222425,5.20222425,0,0.00000000,0.00000000,nan,0.00000000,0,3999,0,1.16232038,0.00360639,65.87980525
6100,0.39526230,0.39526230,0,0.00000000,0.00000000,nan,0.00000000,0,3899,0,26.02039719,0.10902242,25.11152124
6200,0.47016329,0.47016329,0,0.00000000,0.00000000,nan,0.00000000,0,3799,0,34.09708786,0.10558823,26.54226685
6300,0.90640110,0.90640110,0,0.00000000,0.00000000,nan,0.00000000,0,3699,0,15.34676933,0.11355284,30.88471858
6400,0.46034601,0.46034601,0,0.00000000,0.00000000,nan,0.00000000,0,3599,0,15.19533634,0.05985793,25.54860077
6500,0.48731893,0.48731893,0,0.00000000,0.00000000,nan,0.00000000,0,3499,0,30.13426399,0.16205306,27.00503254
6600,0.59988362,0.59988362,0,0.00000000,0.00000000,nan,0.00000000,0,3399,0,7.71312809,0.04386318,26.15652037
6700,1.24049985,1.24049985,0,0.00000000,0.00000000,nan,0.00000000,0,3299,0,3.53615022,0.02999345,29.55485821
6800,0.60806763,0.60806763,0,0.00000000,0.00000000,nan,0.00000000,0,3199,0,34.83790588,0.14231610,27.95433760
6900,0.48762190,0.48762190,0,0.00000000,0.00000000,nan,0.00000000,0,3099,0,40.99874878,0.12731761,27.21912511
7000,3.48257613,3.48257613,0,0.00000000,0.00000000,nan,0.00000000,0,2999,0,1.19138110,0.00387685,48.87391472
7100,0.38789198,0.38789198,0,0.00000000,0.00000000,nan,0.00000000,0,2899,0,15.25331116,0.05111864,23.96792078
7200,0.25860411,0.25860411,0,0.00000000,0.00000000,nan,0.00000000,0,2799,0,32.73815155,0.12074573,24.50329145
7300,0.63080049,0.63080049,0,0.00000000,0.00000000,nan,0.00000000,0,2699,0,46.82127380,0.15682282,28.47855091
7400,0.63327616,0.63327616,0,0.00000000,0.00000000,nan,0.00000000,0,2599,0,27.62562943,0.08534127,27.21152782
7500,0.36481327,0.36481327,0,0.00000000,0.00000000,nan,0.00000000,0,2499,0,45.79537582,0.18217653,25.05850935
7600,0.29702720,0.29702720,0,0.00000000,0.00000000,nan,0.00000000,0,2399,0,36.18075180,0.10201577,25.02507019
7700,0.41345376,0.41345376,0,0.00000000,0.00000000,nan,0.00000000,0,2299,0,16.31379509,0.05188200,23.88447189
7800,0.44401664,0.44401664,0,0.00000000,0.00000000,nan,0.00000000,0,2199,0,25.62628555,0.07781515,24.15476561
7900,0.28350547,0.28350547,0,0.00000000,0.00000000,nan,0.00000000,0,2099,0,22.44844055,0.05496943,23.25735219
8000,2.97220540,2.97220540,0,0.00000000,0.00000000,nan,0.00000000,0,1999,0,1.17323184,0.00268285,44.28036118
8100,0.52763432,0.52763432,0,0.00000000,0.00000000,nan,0.00000000,0,1899,0,15.46892929,0.07704046,24.32890129
8200,0.44229636,0.44229636,0,0.00000000,0.00000000,nan,0.00000000,0,1799,0,41.05279541,0.12975143,25.61102152
8300,0.56152320,0.56152320,0,0.00000000,0.00000000,nan,0.00000000,0,1699,0,26.48025513,0.04283600,26.12533522
8400,0.33306831,0.33306831,0,0.00000000,0.00000000,nan,0.00000000,0,1599,0,44.10515976,0.14567161,25.09551875
8500,1.09431183,1.09431183,0,0.00000000,0.00000000,nan,0.00000000,0,1499,0,18.78104210,0.08286674,30.14527273
8600,0.28481486,0.28481486,0,0.00000000,0.00000000,nan,0.00000000,0,1399,0,35.91975403,0.12542853,22.78166771
8700,0.20311239,0.20311239,0,0.00000000,0.00000000,nan,0.00000000,0,1299,0,19.15595627,0.06430873,20.61467743
8800,0.94531918,0.94531918,0,0.00000000,0.00000000,nan,0.00000000,0,1199,0,4.80528593,0.02301475,26.30969858
8900,0.37329498,0.37329498,0,0.00000000,0.00000000,nan,0.00000000,0,1099,0,42.48728561,0.13071208,24.27289772
9000,6.51153803,6.51153803,0,0.00000000,0.00000000,nan,0.00000000,0,999,0,1.13181472,0.00246326,nan
9100,0.89762813,0.89762813,0,0.00000000,0.00000000,nan,0.00000000,0,899,0,3.71297073,0.04485629,26.22629261
9200,0.98754734,0.98754734,0,0.00000000,0.00000000,nan,0.00000000,0,799,0,24.11518097,0.11965767,30.96920013
9300,0.57422626,0.57422626,0,0.00000000,0.00000000,nan,0.00000000,0,699,0,30.18095589,0.08965301,26.29983012
9400,1.04381895,1.04381895,0,0.00000000,0.00000000,nan,0.00000000,0,599,0,5.72457552,0.02972072,29.19325002
9500,0.34866413,0.34866413,0,0.00000000,0.00000000,nan,0.00000000,0,499,0,18.96075439,0.06444341,22.23719931
9600,0.85175806,0.85175806,0,0.00000000,0.00000000,nan,0.00000000,0,399,0,13.33653164,0.04599867,27.05363655
9700,0.18531193,0.18531193,0,0.00000000,0.00000000,nan,0.00000000,0,299,0,40.52623749,0.09736191,22.45563316
9800,0.47091621,0.47091621,0,0.00000000,0.00000000,nan,0.00000000,0,199,0,37.02546692,0.09668278,22.52519941
9900,1.01653504,1.01653504,0,0.00000000,0.00000000,nan,0.00000000,0,99,0,11.42777538,0.05560466,27.28523318
10000,3.11076880,3.11076880,0,0.00000000,0.00000000,nan,0.00000000,0,0,0,1.09142244,0.00207947,44.48203532
10100,0.43043825,0.43043825,0,0.00000000,0.00000000,nan,0.00000000,0,0,0,48.79277039,0.12961872,22.43919945
10200,0.25134638,0.25134638,2,0.18126925,0.00027137,nan,0.00000000,0,0,0,28.78221321,0.06970806,20.34476598
10300,0.98096192,0.98096192,1,0.09516258,0.00008045,nan,0.00000000,0,0,0,39.34952927,0.16512053,28.42450047
10400,0.36283353,0.36283353,3,0.25918178,0.00163729,nan,0.00000000,0,0,0,34.20997238,0.07819048,22.49001630
10500,0.41361019,0.41361019,1,0.09516258,0.00003392,nan,0.00000000,0,0,0,37.10500717,0.14349818,22.16123962
10600,0.36787641,0.36787641,3,0.25918178,0.00166004,nan,0.00000000,0,0,0,36.87232590,0.10478695,24.20800845
10700,0.45777565,0.45777565,9,0.59343034,0.05677167,nan,0.00000000,0,0,0,20.92645645,0.06224861,22.80211258
10800,0.39698547,0.39698547,13,0.72746821,0.11118103,nan,0.00000000,0,0,0,28.78995132,0.05512676,22.73438168
10900,0.44891903,0.44891903,3,0.25918178,0.00202575,nan,0.00000000,0,0,0,23.81497574,0.06568827,23.24478951
11000,4.07350683,4.07350683,8,0.55067104,0.37457379,nan,0.00000000,0,0,0,1.11945653,0.00279855,53.21389771
11100,0.19362307,0.19362307,14,0.75340304,0.06238304,nan,0.00000000,0,0,0,38.61595917,0.14610192,21.42103672
11200,0.66516089,0.66516089,8,0.55067104,0.06116397,nan,0.00000000,0,0,0,49.81983948,0.20410067,33.95428181
11300,0.64313334,0.64313334,11,0.66712892,0.12739139,nan,0.00000000,0,0,0,17.26543236,0.08843482,24.17448902
11400,0.20512481,0.20512481,26,0.92572642,0.15064296,nan,0.00000000,0,0,0,25.69238663,0.05964474,19.54801814
11500,0.29396519,0.29396519,14,0.75340304,0.09471208,nan,0.00000000,0,0,0,17.71695137,0.08109120,19.93004656
11600,0.22567044,0.22567044,2,0.18126925,0.00024365,nan,0.00000000,0,0,0,25.96582794,0.07775226,20.10530472
11700,0.28448081,0.28448081,23,0.89974116,0.18643323,nan,0.00000000,0,0,0,12.50414848,0.04403849,19.06202602
11800,0.51732612,0.51732612,23,0.89974116,0.33902736,nan,0.00000000,0,0,0,10.37818336,0.04358677,22.01683489
11900,0.34380502,0.34380502,6,0.45118836,0.01424767,nan,0.00000000,0,0,0,25.17356300,0.07459667,21.06033516
12000,2.31276989,2.31276989,28,0.93918994,1.79947637,nan,0.00000000,0,0,0,1.15202498,0.00465565,36.33116531
12100,2.22291279,2.22291279,7,0.50341470,0.14276639,nan,0.00000000,0,0,0,25.12363434,0.11328337,42.25384521
12200,0.46943823,0.46943823,20,0.86466472,0.26240337,nan,0.00000000,0,0,0,49.69738388,0.20921920,30.08699274
12300,1.00311375,1.00311375,3,0.25918178,0.00452656,nan,0.00000000,0,0,0,43.59710693,0.18989237,30.62534475
12400,0.84250522,0.84250522,15,0.77686984,0.30687792,nan,0.00000000,0,0,0,13.72279835,0.05403605,24.99395752
12500,0.40194368,0.40194368,16,0.79810348,0.16308050,nan,0.00000000,0,0,0,12.76571274,0.04771107,19.94170494
12600,0.27210605,0.27210605,5,0.39346934,0.00652201,nan,0.00000000,0,0,0,47.62383270,0.18906526,25.60561028
12700,0.75367260,0.75367260,21,0.87754357,0.44694850,nan,0.00000000,0,0,0,18.94921875,0.08034583,nan
12800,0.55921584,0.55921584,11,0.66712892,0.11076907,nan,0.00000000,0,0,0,23.12397957,0.04543823,21.13728905
12900,1.40136063,1.40136063,3,0.25918178,0.00632365,nan,0.00000000,0,0,0,8.19053364,0.04043916,27.64481306
13000,7.36510801,7.36510801,46,0.98994816,7.07341174,nan,0.00000000,0,0,0,1.11712074,0.00409026,85.22115835
13100,0.28125203,0.28125203,49,0.99255342,0.27296767,nan,0.00000000,0,0,0,25.40474701,0.04920300,19.00609636
13200,0.15119466,0.15119466,7,0.50341470,0.00971046,nan,0.00000000,0,0,0,42.66572571,0.11689255,21.88784345
13300,1.01163864,1.01163864,18,0.83470111,0.49107676,nan,0.00000000,0,0,0,20.57664680,0.05603737,26.66758156
13400,0.63873583,0.63873583,19,0.85043138,0.33410147,nan,0.00000000,0,0,0,10.37669182,0.05668469,22.02001524
13500,0.18760678,0.18760678,22,0.88919684,0.11728438,nan,0.00000000,0,0,0,27.46488380,0.05295957,18.02984873
13600,0.39709884,0.39709884,19,0.85043138,0.20770920,nan,0.00000000,0,0,0,10.83805370,0.04188156,19.44500256
13700,0.35729381,0.35729381,28,0.93918994,0.27799643,nan,0.00000000,0,0,0,31.89290428,0.09846064,20.31155491
13800,0.20808601,0.20808601,9,0.59343034,0.02580607,nan,0.00000000,0,0,0,38.18038559,0.16275950,18.15590541
13900,0.41321760,0.41321760,9,0.59343034,0.05124574,nan,0.00000000,0,0,0,13.21867085,0.05127145,19.44799614
14000,4.20721197,4.20721197,96,0.99993227,4.20607229,nan,0.00000000,0,0,0,1.14589739,0.00353360,54.14012222
14100,0.51987255,0.51987255,29,0.94497678,0.41455431,nan,0.00000000,0,0,0,42.62669373,0.11733426,24.13486735
14200,0.65768057,0.65768057,37,0.97527647,0.59501238,nan,0.00000000,0,0,0,27.07852554,0.11086157,23.87320455
14300,0.29453799,0.29453799,37,0.97527647,0.26647245,nan,0.00000000,0,0,0,28.75700951,0.10136472,19.80776024
14400,0.55506486,0.55506486,59,0.99726056,0.54900753,nan,0.00000000,0,0,0,24.72313690,0.10751846,22.46067683
14500,0.67579532,0.67579532,7,0.50341470,0.04340290,nan,0.00000000,0,0,0,24.43293953,0.04246952,21.58523750
14600,0.25896826,0.25896826,40,0.98168436,0.24051050,nan,0.00000000,0,0,0,17.93453217,0.05267129,16.92489942
14700,0.46226358,0.46226358,49,0.99255342,0.44864748,nan,0.00000000,0,0,0,26.38831329,0.07621303,20.73159726
14800,0.70405757,0.70405757,19,0.85043138,0.36826910,nan,0.00000000,0,0,0,35.70749283,0.10597087,22.46471214
14900,1.44020724,1.44020724,38,0.97762923,1.31559344,nan,0.00000000,0,0,0,12.31186295,0.05743456,29.03095388
15000,7.47917747,7.47917747,22,0.88919684,4.67568758,nan,0.00000000,0,0,0,1.12087202,0.00468564,83.64011955
15100,1.04406428,1.04406428,24,0.90928205,0.71370987,nan,0.00000000,0,0,0,3.81486011,0.02267867,26.01349258
15200,0.75065303,0.75065303,44,0.98772266,0.71446229,nan,0.00000000,0,0,0,30.76923943,0.08726256,26.34729528
15300,0.86948603,0.86948603,42,0.98500442,0.81849369,nan,0.00000000,0,0,0,18.08039093,0.07850807,25.24659538
15400,0.18511860,0.18511860,47,0.99090472,0.17847511,nan,0.00000000,0,0,0,25.04439735,0.05007307,18.52010574
15500,0.60725361,0.60725361,24,0.90928205,0.41511131,nan,0.00000000,0,0,0,42.53459167,0.20075157,22.74926122
15600,0.30413455,0.30413455,46,0.98994816,0.29208925,nan,0.00000000,0,0,0,23.02651215,0.09243496,20.04406166
15700,0.33722642,0.33722642,68,0.99888622,0.33572655,nan,0.00000000,0,0,0,24.66097069,0.06158097,18.73385048
15800,0.58034569,0.58034569,38,0.97762923,0.53013133,nan,0.00000000,0,0,0,43.68997574,0.09837683,28.89965820
15900,0.58808613,0.58808613,16,0.79810348,0.23860402,nan,0.00000000,0,0,0,43.09054184,0.06877068,29.78037071
16000,1.76135492,1.76135492,70,0.99908812,1.75493911,nan,0.00000000,0,0,0,1.15361643,0.00221315,31.65811729
16100,0.72443974,0.72443974,18,0.83470111,0.35166264,nan,0.36550447,0,0,0,5.92299557,0.02027809,23.02770376
16200,0.69334978,0.69334978,52,0.99448344,0.67817628,nan,0.27302395,0,0,0,30.84236908,0.11978742,23.33037758
16300,0.37982917,0.37982917,6,0.45118836,0.01574055,nan,0.19416360,0,0,0,35.50031281,0.10186950,20.38828913
16400,0.35041016,0.35041016,12,0.69880579,0.08356082,nan,0.07882540,0,0,0,40.25031662,0.09390745,21.42221308
16500,0.28287655,0.28287655,39,0.97975809,0.26065879,nan,0.00000000,0,0,0,22.76993179,0.07696323,18.17799950
16600,0.43065083,0.43065083,7,0.50341470,0.02765851,nan,0.00000000,0,0,0,26.29234886,0.03515842,19.01017618
16700,0.28161463,0.28161463,57,0.99665403,0.27786441,nan,0.00000000,0,0,0,23.79848480,0.06725094,17.98718834
16800,0.76969606,0.76969606,97,0.99993872,0.76950740,nan,0.00000000,0,0,0,16.72954941,0.04324343,22.01414045
16900,0.51145971,0.51145971,26,0.92572642,0.37561425,nan,0.00000000,0,0,0,28.60528564,0.04260753,20.15098000
17000,5.65092373,5.65092373,80,0.99966454,5.64334485,nan,0.00000000,0,0,0,1.18571234,0.00484044,67.13440132
17100,0.35939687,0.35939687,25,0.91791500,0.25514330,nan,0.30579316,0,0,0,27.78969574,0.06858215,19.28808689
17200,0.30439067,0.30439067,62,0.99797057,0.30192722,nan,0.23721761,0,0,0,41.19709778,0.11250012,21.54481951
17300,0.43897006,0.43897006,14,0.75340304,0.14143092,nan,0.10456637,0,0,0,38.38464355,0.06510130,18.27315235
17400,0.40222183,0.40222183,55,0.99591323,0.39568687,nan,0.00000000,0,0,0,21.43434143,0.02674962,18.19543266
17500,0.72665131,0.72665131,21,0.87754357,0.43092413,nan,0.00000000,0,0,0,32.35179901,0.07008298,22.51757479
17600,0.25191575,0.25191575,55,0.99591323,0.24782284,nan,0.00000000,0,0,0,19.99766541,0.04171389,18.40300560
17700,0.45917240,0.45917240,28,0.93918994,0.35726420,nan,0.00000000,0,0,0,35.84198761,0.10319397,24.08861771
17800,0.58996433,0.58996433,28,0.93918994,0.45902832,nan,0.00000000,0,0,0,40.00364304,0.14216205,21.78009892
17900,0.25708306,0.25708306,2,0.18126925,0.00027757,nan,0.00000000,0,0,0,43.03837204,0.10935483,25.57110939
18000,4.80854559,4.80854559,74,0.99938875,4.79679942,nan,0.00000000,0,0,0,1.23873448,0.00459587,59.75717449
18100,0.45563856,0.45563856,12,0.69880579,0.10865418,nan,0.18794247,0,0,0,4.88163614,0.03659174,19.88250097
18200,0.39518842,0.39518842,8,0.55067104,0.03633901,nan,0.37152812,0,0,0,4.98018312,0.02564842,20.10367775
18300,0.20308912,0.20308912,15,0.77686984,0.07397410,nan,0.51999507,0,0,0,42.85488129,0.06564283,18.42287731
18400,0.15204966,0.15204966,59,0.99726056,0.15039037,nan,0.38300431,0,0,0,36.96691895,0.06620080,17.69309258
18500,0.53590697,0.53590697,28,0.93918994,0.41696839,nan,0.21988133,0,0,0,25.21103096,0.06474052,20.27335612
18600,0.35838449,0.35838449,19,0.85043138,0.18745901,nan,0.04396992,0,0,0,36.10512924,0.12236011,20.30868149
18700,1.01628816,1.01628816,53,0.99500841,0.99614800,nan,0.00000000,0,0,0,18.22183609,0.06788889,24.39223595
18800,0.24438733,0.24438733,37,0.97527647,0.22110048,nan,0.00000000,0,0,0,33.33622742,0.05724134,18.81183052
18900,0.36396831,0.36396831,25,0.91791500,0.25838866,nan,0.00000000,0,0,0,41.39898682,0.08451281,20.95039749
19000,2.98860645,2.98860645,84,0.99977513,2.98591920,nan,0.00000000,0,0,0,1.15027368,0.00327492,42.24591351
19100,0.27807057,0.27807057,22,0.88919684,0.17383878,nan,0.30793078,0,0,0,40.33226013,0.12489993,24.68127060
19200,0.38921863,0.38921863,65,0.99849656,0.38688324,nan,0.13915484,0,0,0,34.66153717,0.09097505,20.64921379
19300,0.34617263,0.34617263,59,0.99726056,0.34239491,nan,0.00000000,0,0,0,39.88094330,0.14927557,25.43226814
19400,0.27396476,0.27396476,31,0.95495080,0.22783408,nan,0.00000000,0,0,0,33.67563629,0.03413050,17.59161615
19500,0.36961654,0.36961654,63,0.99816370,0.36690909,nan,0.00000000,0,0,0,26.93468475,0.07827547,18.08713086
19600,0.29788300,0.29788300,45,0.98889100,0.28486522,nan,0.00000000,0,0,0,30.70296860,0.05506808,17.95407867
19700,0.36675993,0.36675993,83,0.99975148,0.36639548,nan,0.00000000,0,0,0,38.61075974,0.04461179,17.67762566
19800,0.58134627,0.58134627,54,0.99548342,0.57091442,nan,0.00000000,0,0,0,27.74530983,0.06705654,20.06500689
19900,0.90529835,0.90529835,49,0.99255342,0.87863254,nan,0.00000000,0,0,0,22.05869293,0.05079168,22.74868107
20000,3.07597518,3.07597518,46,0.98994816,2.95415069,nan,0.00000000,0,0,0,1.28426361,0.00514695,43.55703735
20100,0.76931506,0.76931506,109,0.99998154,0.76925826,nan,0.40790617,0,0,0,29.02978516,0.05750990,nan
20200,0.16288362,0.16288362,30,0.95021293,0.13278872,nan,0.22493715,0,0,0,44.82667542,0.07179708,16.23948542
20300,0.77805895,0.77805895,20,0.86466472,0.43491406,nan,0.00000000,0,0,0,32.51140594,0.04528168,21.58207893
20400,0.32624605,0.32624605,41,0.98342732,0.30515069,nan,0.00000000,0,0,0,39.28688431,0.06636593,20.75567055
20500,0.35079286,0.35079286,24,0.90928205,0.23979781,nan,0.00000000,0,0,0,30.33430290,0.10080748,18.17680788
20600,0.37425074,0.37425074,91,0.99988833,0.37408360,nan,0.00000000,0,0,0,33.50936890,0.08961037,17.54196167
20700,0.47765943,0.47765943,97,0.99993872,0.47754235,nan,0.00000000,0,0,0,24.35546684,0.06428743,18.21662839
20800,0.25460795,0.25460795,75,0.99944692,0.25404513,nan,0.00000000,0,0,0,24.73638344,0.06346367,16.02167368
20900,0.41960406,0.41960406,70,0.99908812,0.41807564,nan,0.00000000,0,0,0,31.14222145,0.10196107,18.69009876
21000,4.88690281,4.88690281,95,0.99992515,4.88543980,nan,0.00000000,0,0,0,1.33885860,0.00632747,61.37017250
21100,1.36014366,1.36014366,90,0.99987659,1.35947237,nan,0.29551221,0,0,0,20.36416245,0.03110383,28.19633245
21200,0.46772683,0.46772683,67,0.99876909,0.46542815,nan,0.13312018,0,0,0,37.71670151,0.07057162,18.25634098
21300,0.44615376,0.44615376,30,0.95021293,0.36372094,nan,0.00000000,0,0,0,26.56037140,0.04305353,17.79724693
21400,0.66193265,0.66193265,9,0.59343034,0.08209048,nan,0.00000000,0,0,0,45.82617188,0.13489315,21.21976153
21500,0.38138655,0.38138655,40,0.98168436,0.35420351,nan,0.00000000,0,0,0,37.03158188,0.08328186,18.49043298
21600,0.51678205,0.51678205,4,0.32967995,0.00610489,nan,0.00000000,0,0,0,43.08918381,0.12531908,22.15970993
21700,0.56083983,0.56083983,68,0.99888622,0.55834541,nan,0.00000000,0,0,0,37.01750183,0.06693232,17.31771278
21800,0.26110378,0.26110378,67,0.99876909,0.25982057,nan,0.00000000,0,0,0,29.07762337,0.03075186,13.88499387
21900,0.81319547,0.81319547,71,0.99917490,0.81051490,nan,0.00000000,0,0,0,27.32026672,0.04060580,20.55376180
22000,2.84484744,2.84484744,61,0.99775713,2.81941071,nan,0.00000000,0,0,0,1.31361127,0.00635741,42.47513962
22100,0.45305645,0.45305645,42,0.98500442,0.42648626,nan,0.31088222,0,0,0,11.71511841,0.03759242,18.95971336
22200,0.60943580,0.60943580,42,0.98500442,0.57369450,nan,0.20116933,0,0,0,36.86989594,0.06836636,20.66030884
22300,0.30256954,0.30256954,32,0.95923780,0.25617122,nan,0.04774195,0,0,0,37.99707794,0.05746065,15.86060270
22400,0.64856696,0.64856696,81,0.99969646,0.64777986,nan,0.00000000,0,0,0,32.35577774,0.05779109,19.91536331
22500,1.09777021,1.09777021,111,0.99998489,1.09770386,nan,0.00000000,0,0,0,22.98836517,0.04384831,22.52829170
22600,0.72596699,0.72596699,8,0.55067104,0.06675531,nan,0.00000000,0,0,0,38.52170944,0.09059097,20.48815091
22700,0.36114305,0.36114305,83,0.99975148,0.36078419,nan,0.00000000,0,0,0,33.16967773,0.05275459,16.77251307
22800,0.65170312,0.65170312,21,0.87754357,0.38647780,nan,0.00000000,0,0,0,33.70427322,0.10808247,19.74716806
22900,0.45382199,0.45382199,131,0.99999795,0.45381827,nan,0.00000000,0,0,0,19.49677849,0.06977214,16.97563782
23000,2.12721419,2.12721419,112,0.99998633,2.12709784,nan,0.00000000,0,0,0,1.23964453,0.00431879,36.05280876
23100,0.38990891,0.38990891,32,0.95923780,0.33011730,nan,0.28751487,0,0,0,38.82443619,0.06877678,16.79080391
23200,0.40521666,0.40521666,14,0.75340304,0.13055598,nan,0.14290542,0,0,0,32.71398544,0.07971343,16.48170280
23300,0.19621179,0.19621179,90,0.99987659,0.19611495,nan,0.00000000,0,0,0,34.02965546,0.10666568,15.47953033
23400,0.41130617,0.41130617,58,0.99697245,0.40634774,nan,0.00000000,0,0,0,32.45951462,0.07876977,16.18967438
23500,0.64034820,0.64034820,96,0.99993227,0.64017473,nan,0.00000000,0,0,0,30.92098045,0.07751770,18.64056460
23600,0.33282053,0.33282053,79,0.99962926,0.33232724,nan,0.00000000,0,0,0,25.36367035,0.03690331,15.79540062
23700,0.57674128,0.57674128,82,0.99972535,0.57610792,nan,0.00000000,0,0,0,32.01868439,0.07942528,18.62166023
23800,0.55297196,0.55297196,50,0.99326205,0.53821833,nan,0.00000000,0,0,0,29.57740974,0.07631270,25.10888672
23900,0.63557118,0.63557118,71,0.99917490,0.63347612,nan,0.00000000,0,0,0,26.34064484,0.06449281,16.81630643
24000,3.15543318,3.15543318,89,0.99986361,3.15371207,nan,0.00000000,0,0,0,1.29897642,0.00674659,47.11964989
24100,0.66685551,0.66685551,133,0.99999833,0.66685105,nan,0.07972789,0,0,0,10.49483204,0.02871312,17.66098022
24200,0.29297498,0.29297498,95,0.99992515,0.29288727,nan,0.00000000,0,0,0,21.51244545,0.04229757,14.41225090
24300,0.07121555,0.07121555,118,0.99999250,0.07121341,nan,0.00000000,0,0,0,21.79004860,0.06849917,12.06313769
24400,0.23725101,0.23725101,178,0.99999998,0.23725100,nan,0.00000000,0,0,0,27.59506226,0.08384024,13.91737175
24500,0.37272960,0.37272960,90,0.99987659,0.37254564,nan,0.00000000,0,0,0,26.17691422,0.05146543,14.54277945
24600,0.42368269,0.42368269,7,0.50341470,0.02721099,nan,0.00000000,0,0,0,36.72835922,0.12854105,20.99940491
24700,0.29449877,0.29449877,82,0.99972535,0.29417536,nan,0.00000000,0,0,0,21.43504906,0.05636046,14.22355843
24800,0.30862939,0.30862939,33,0.96311683,0.26555420,nan,0.00000000,0,0,0,29.42513084,0.10571036,16.15459124
24900,0.30825940,0.30825940,82,0.99972535,0.30792088,nan,0.00000000,0,0,0,34.63730240,0.07929473,19.51824379
25000,2.42253327,2.42253327,214,1.00000000,2.42253327,nan,0.00000000,0,0,0,1.28561878,0.00761391,37.26535892
25100,0.25628158,0.25628158,119,0.99999321,0.25627462,nan,0.21106904,0,0,0,28.21319962,0.03523855,14.55942599
25200,0.78834188,0.78834188,184,0.99999999,0.78834185,nan,0.00000000,0,0,0,26.09278870,0.07926691,19.84574127
25300,0.29369113,0.29369113,133,0.99999833,0.29368916,nan,0.00000000,0,0,0,21.68589020,0.05903618,14.01020114
25400,0.89900333,0.89900333,135,0.99999863,0.89899840,nan,0.00000000,0,0,0,13.30111313,0.02488540,19.48601437
25500,0.74690139,0.74690139,110,0.99998330,0.74685150,nan,0.00000000,0,0,0,33.09654999,0.10767552,22.92933540
25600,0.69122505,0.69122505,78,0.99959027,0.69009287,nan,0.00000000,0,0,0,23.62213898,0.04536503,17.30977011
25700,0.74636304,0.74636304,31,0.95495080,0.62068909,nan,0.00000000,0,0,0,21.82979393,0.05591981,17.85238028
25800,0.64839768,0.64839768,104,0.99996957,0.64831876,nan,0.00000000,0,0,0,15.43041611,0.02331498,16.95014509
25900,0.75797468,0.75797468,76,0.99949955,0.75645850,nan,0.00000000,0,0,0,17.92054558,0.03519007,17.19978237
26000,6.63699198,6.63699198,133,0.99999833,6.63694752,nan,0.00000000,0,0,0,1.30960989,0.00778897,76.83191109
26100,0.39838001,0.39838001,35,0.96980262,0.35239598,nan,0.22748151,0,0,0,30.36746597,0.06114110,23.89562035
26200,0.45524189,0.45524189,56,0.99630214,0.44854546,nan,0.08261018,0,0,0,35.86051178,0.09177836,15.26856963
26300,1.10109305,1.10109305,28,0.93918994,0.85671771,nan,0.00000000,0,0,0,37.97844315,0.09704127,30.67078908
26400,1.58926690,1.58926690,159,0.99999988,1.58926611,nan,0.00000000,0,0,0,19.80182648,0.02603487,25.68010521
26500,0.82506752,0.82506752,103,0.99996637,0.82495653,nan,0.00000000,0,0,0,22.84178543,0.04573653,21.60502561
26600,0.25169840,0.25169840,60,0.99752125,0.24921208,nan,0.00000000,0,0,0,28.05562210,0.05976944,13.54682763
26700,0.34684575,0.34684575,78,0.99959027,0.34627764,nan,0.00000000,0,0,0,34.28876495,0.09432451,16.68043575
26800,0.51709896,0.51709896,107,0.99997746,0.51705233,nan,0.00000000,0,0,0,28.70761871,0.08032664,14.54804993
26900,0.87798828,0.87798828,65,0.99849656,0.87272017,nan,0.00000000,0,0,0,18.61331940,0.02460289,19.65751266
27000,4.71526337,4.71526337,118,0.99999250,4.71512182,nan,0.00000000,0,0,0,1.37927961,0.00948354,57.62462616
27100,0.21228115,0.21228115,71,0.99917490,0.21158140,nan,0.12150417,0,0,0,37.24791718,0.13448696,15.32484455
27200,0.29595470,0.29595470,55,0.99591323,0.29114628,nan,0.00997058,0,0,0,30.76515770,0.14752224,16.54600652
27300,0.46326473,0.46326473,127,0.99999695,0.46325908,nan,0.00000000,0,0,0,17.56419563,0.03784719,14.85719840
27400,0.33144575,0.33144575,130,0.99999774,0.33144276,nan,0.00000000,0,0,0,30.11764526,0.07510233,12.76030779
27500,0.52616036,0.52616036,79,0.99962926,0.52538051,nan,0.00000000,0,0,0,22.42396736,0.05757327,15.59572101
27600,0.47758690,0.47758690,103,0.99996637,0.47752265,nan,0.00000000,0,0,0,19.11914444,0.05476746,14.89980507
27700,0.52458692,0.52458692,19,0.85043138,0.27439397,nan,0.00000000,0,0,0,26.33937073,0.07107796,15.73481083
27800,0.99830639,0.99830639,111,0.99998489,0.99824605,nan,0.00000000,0,0,0,21.22304535,0.07799289,17.98472214
27900,0.55560136,0.55560136,40,0.98168436,0.51600129,nan,0.00000000,0,0,0,23.57337189,0.06750933,14.74466190
28000,5.69687080,5.69687080,205,1.00000000,5.69687078,nan,0.00000000,0,0,0,1.35074091,0.00778139,66.76276398
28100,0.52251792,0.52251792,165,0.99999993,0.52251778,nan,0.07457701,0,0,0,21.75751114,0.03681563,15.56759405
28200,0.85397315,0.85397315,55,0.99591323,0.84009852,nan,0.00000000,0,0,0,15.73355103,0.03165195,17.73042107
28300,0.58531350,0.58531350,58,0.99697245,0.57825735,nan,0.00000000,0,0,0,24.20789146,0.05890462,15.13884830
28400,0.63678432,0.63678432,153,0.99999977,0.63678374,nan,0.00000000,0,0,0,19.92990112,0.04265948,16.72994804
28500,0.17025238,0.17025238,68,0.99888622,0.16949516,nan,0.00000000,0,0,0,28.58472633,0.08269934,11.54542224
28600,0.17986667,0.17986667,144,0.99999944,0.17986627,nan,0.00000000,0,0,0,25.89484406,0.07290700,11.17461090
28700,0.28468329,0.28468329,75,0.99944692,0.28405399,nan,0.00000000,0,0,0,19.68713379,0.04075095,10.88464260
28800,0.84441006,0.84441006,161,0.99999990,0.84440972,nan,0.00000000,0,0,0,17.92081070,0.05380470,17.38433218
28900,0.89993382,0.89993382,269,1.00000000,0.89993381,nan,0.00000000,0,0,0,20.80313873,0.02689223,17.14838028
29000,5.28172874,5.28172874,166,0.99999994,5.28172744,nan,0.00000000,0,0,0,1.45294809,0.01114482,63.19685268
29100,0.28460476,0.28460476,73,0.99932446,0.28383649,nan,0.16409423,0,0,0,25.54657364,0.06022387,11.37846994
29200,0.82178342,0.82178342,126,0.99999663,0.82177234,nan,0.02873511,0,0,0,20.88500214,0.03923737,19.28014717
29300,0.46668625,0.46668625,82,0.99972535,0.46617375,nan,0.00000000,0,0,0,20.66709328,0.07151439,14.91793919
29400,1.03085947,1.03085947,155,0.99999981,1.03085871,nan,0.00000000,0,0,0,24.57491112,0.07611481,20.81017494
29500,0.61425817,0.61425817,52,0.99448344,0.60081554,nan,0.00000000,0,0,0,25.44643402,0.09760735,15.01425247
29600,0.32830560,0.32830560,193,1.00000000,0.32830560,nan,0.00000000,0,0,0,22.16427612,0.06686408,12.97822952
29700,0.38592446,0.38592446,102,0.99996283,0.38586708,nan,0.00000000,0,0,0,22.36761284,0.03524885,12.75988197
29800,0.51804364,0.51804364,108,0.99997960,0.51800137,nan,0.00000000,0,0,0,22.29414177,0.06415082,16.30459499
29900,0.61254925,0.61254925,77,0.99954717,0.61144048,nan,0.00000000,0,0,0,22.85077858,0.07376162,16.05202071
30000,6.00121498,6.00121498,200,1.00000000,6.00121493,nan,0.00000000,0,0,0,1.39077401,0.01295109,70.91846212
30100,0.42638719,0.42638719,77,0.99954717,0.42561540,nan,0.22559432,0,0,0,22.40673828,0.05100225,13.61421903
30200,0.72559720,0.72559720,53,0.99500841,0.71121777,nan,0.04080542,0,0,0,18.41034317,0.04426990,16.33638439
30300,0.34804311,0.34804311,161,0.99999990,0.34804297,nan,0.00000000,0,0,0,17.56397247,0.04697813,11.25936127
30400,0.31997305,0.31997305,213,1.00000000,0.31997305,nan,0.00000000,0,0,0,21.19633102,0.05125858,12.05058098
30500,0.69305962,0.69305962,72,0.99925341,0.69099223,nan,0.00000000,0,0,0,22.87293053,0.06497141,16.05384827
30600,0.74333733,0.74333733,99,0.99994983,0.74318816,nan,0.00000000,0,0,0,20.66402626,0.06409463,15.60923258
30700,0.86782104,0.86782104,85,0.99979653,0.86711496,nan,0.00000000,0,0,0,20.83527946,0.04971675,18.26286062
30800,0.88666272,0.88666272,82,0.99972535,0.88568902,nan,0.00000000,0,0,0,19.52009010,0.05090953,17.44232941
30900,0.36237463,0.36237463,247,1.00000000,0.36237463,nan,0.00000000,0,0,0,22.67206573,0.08857460,12.30056572
31000,6.94468689,6.94468689,278,1.00000000,6.94468689,nan,0.00000000,0,0,0,1.40998101,0.00886018,nan
31100,1.11384225,1.11384225,113,0.99998763,1.11378712,nan,0.51292390,0,0,0,2.48302722,0.01885387,23.69429283
31200,0.66285926,0.66285926,199,1.00000000,0.66285925,nan,0.73059141,0,0,0,2.54872918,0.01793170,20.13753605
31300,2.05622029,2.05622029,20,0.86466472,1.14937194,nan,1.05630459,0,0,0,22.24246597,0.08945275,33.15738487
31400,0.39766669,0.39766669,38,0.97762923,0.36325862,nan,0.88896157,0,0,0,36.44227982,0.10432840,19.59286714
31500,0.47991201,0.47991201,134,0.99999848,0.47990910,nan,0.66450294,0,0,0,25.17019844,0.04943577,14.41099358
31600,0.75005257,0.75005257,235,1.00000000,0.75005257,nan,0.42517280,0,0,0,24.69641113,0.06681028,18.19617685
31700,0.46053436,0.46053436,271,1.00000000,0.46053436,nan,0.20085694,0,0,0,18.03539085,0.05235475,12.46064043
31800,0.73706704,0.73706704,117,0.99999171,0.73704259,nan,0.06753841,0,0,0,22.51550674,0.05363046,15.26094389
31900,0.26241910,0.26241910,159,0.99999988,0.26241897,nan,0.00000000,0,0,0,26.07574081,0.07278623,15.81817404
32000,3.44952297,3.44952297,176,0.99999998,3.44952266,nan,0.00000000,0,0,0,1.24428713,0.00702782,49.90290833
32100,0.94905251,0.94905251,182,0.99999999,0.94905247,nan,0.24366245,0,0,0,17.82761002,0.03961777,18.27905941
32200,0.78144008,0.78144008,64,0.99833844,0.77625938,nan,0.10130916,0,0,0,20.97043228,0.03281835,14.07324839
32300,0.57957977,0.57957977,29,0.94497678,0.46216576,nan,0.00000000,0,0,0,22.05965996,0.08080143,14.61119633
32400,1.71478558,1.71478558,245,1.00000000,1.71478558,nan,0.00000000,0,0,0,13.98451805,0.04225106,24.50160503
32500,0.47220579,0.47220579,221,1.00000000,0.47220579,nan,0.00000000,0,0,0,23.21177483,0.06445678,14.76020622
32600,0.09794501,0.09794501,337,1.00000000,0.09794501,nan,0.00000000,0,0,0,20.67503166,0.04556889,7.41152048
32700,0.55195475,0.55195475,37,0.97527647,0.49936082,nan,0.00000000,0,0,0,25.84896278,0.11384287,17.75009108
32800,0.63529193,0.63529193,189,0.99999999,0.63529192,nan,0.00000000,0,0,0,14.85634041,0.03161952,13.72639847
32900,0.52969086,0.52969086,152,0.99999975,0.52969033,nan,0.00000000,0,0,0,21.28459358,0.06473175,11.78098726
33000,3.25984788,3.25984788,102,0.99996283,3.25936323,nan,0.00000000,0,0,0,1.27702248,0.00526245,45.28187847
33100,0.68807721,0.68807721,138,0.99999898,0.68807442,nan,0.28007853,0,0,0,3.55570602,0.02534549,18.83013407
33200,0.16812515,0.16812515,156,0.99999983,0.16812504,nan,0.36451577,0,0,0,26.98336411,0.05668104,16.64763451
33300,0.47086513,0.47086513,128,0.99999724,0.47085993,nan,0.18410575,0,0,0,28.10747910,0.10795233,15.53670375
33400,0.53991854,0.53991854,194,1.00000000,0.53991853,nan,0.01853962,0,0,0,24.35808563,0.04488359,13.22964891
33500,1.03466761,1.03466761,33,0.96311683,0.89025977,nan,0.00000000,0,0,0,17.76741982,0.07750270,18.08912849
33600,0.39758533,0.39758533,70,0.99908812,0.39613711,nan,0.00000000,0,0,0,21.39581299,0.07975343,11.05856450
33700,0.80279875,0.80279875,62,0.99797057,0.79630166,nan,0.00000000,0,0,0,16.17958069,0.07301833,14.23410734
33800,0.67261112,0.67261112,41,0.98342732,0.62911947,nan,0.00000000,0,0,0,21.79676056,0.06493998,15.15758006
33900,0.47917044,0.47917044,229,1.00000000,0.47917044,nan,0.00000000,0,0,0,23.30504036,0.06011779,14.64755845
34000,2.95199227,2.95199227,218,1.00000000,2.95199227,nan,0.00000000,0,0,0,1.18762267,0.00380303,40.95632426
34100,0.87884218,0.87884218,134,0.99999848,0.87883685,nan,0.44561025,0,0,0,27.45747185,0.10092364,19.36398443
34200,0.31887043,0.31887043,207,1.00000000,0.31887042,nan,0.23407675,0,0,0,15.75513363,0.06056897,9.87650458
34300,0.55906940,0.55906940,237,1.00000000,0.55906939,nan,0.05104097,0,0,0,22.17764282,0.11752006,13.82924080
34400,0.20817362,0.20817362,121,0.99999444,0.20816899,nan,0.00000000,0,0,0,25.50573349,0.08260586,10.53533173
34500,0.41307914,0.41307914,247,1.00000000,0.41307914,nan,0.00000000,0,0,0,21.20378304,0.03209457,12.53756968
34600,0.17275378,0.17275378,274,1.00000000,0.17275378,nan,0.00000000,0,0,0,22.01481056,0.08256235,9.31176109
34700,0.20289782,0.20289782,207,1.00000000,0.20289782,nan,0.00000000,0,0,0,20.41282082,0.04636629,9.74162070
34800,0.52311260,0.52311260,305,1.00000000,0.52311260,nan,0.00000000,0,0,0,19.66388321,0.10940126,14.54155604
34900,0.74498814,0.74498814,91,0.99988833,0.74465544,nan,0.00000000,0,0,0,16.10140991,0.08056204,14.56084752
35000,3.77679443,3.77679443,196,1.00000000,3.77679439,nan,0.00000000,0,0,0,1.14480269,0.00460443,48.32839890
35100,0.50017858,0.50017858,135,0.99999863,0.50017583,nan,0.43524494,0,0,0,15.94779110,0.06557123,10.37136316
35200,0.59484559,0.59484559,100,0.99995460,0.59473758,nan,0.25437414,0,0,0,20.66714478,0.04211587,13.96869087
35300,0.57589930,0.57589930,186,0.99999999,0.57589928,nan,0.02814694,0,0,0,20.04550743,0.08354171,12.39763880
35400,0.23735322,0.23735322,343,1.00000000,0.23735322,nan,0.00000000,0,0,0,12.71357727,0.09105638,7.39448237
35500,0.44940037,0.44940037,338,1.00000000,0.44940037,nan,0.00000000,0,0,0,11.32008171,0.05919027,10.13097890
35600,0.30278450,0.30278450,239,1.00000000,0.30278450,nan,0.00000000,0,0,0,19.68976974,0.04473368,11.25569897
35700,0.29543707,0.29543707,139,0.99999908,0.29543598,nan,0.00000000,0,0,0,16.94924164,0.11833674,8.54613988
35800,0.70367801,0.70367801,210,1.00000000,0.70367801,nan,0.00000000,0,0,0,13.93706799,0.12090990,13.79396788
35900,0.47935098,0.47935098,132,0.99999815,0.47934744,nan,0.00000000,0,0,0,18.09749985,0.12346555,12.07981618
36000,3.56903744,3.56903744,150,0.99999969,3.56903307,nan,0.00000000,0,0,0,1.21970987,0.00869607,47.14977646
36100,0.24431913,0.24431913,184,0.99999999,0.24431912,nan,0.27700621,0,0,0,20.44072723,0.04435738,6.76525092
36200,0.25131360,0.25131360,148,0.99999963,0.25131322,nan,0.11422771,0,0,0,16.81997681,0.04274950,9.08606005
36300,0.29505667,0.29505667,320,1.00000000,0.29505667,nan,0.00000000,0,0,0,20.69635201,0.03946919,9.03286815
36400,0.62929207,0.62929207,141,0.99999925,0.62929018,nan,0.00000000,0,0,0,19.23589325,0.06701843,13.38687754
36500,0.25704685,0.25704685,165,0.99999993,0.25704678,nan,0.00000000,0,0,0,12.57565498,0.06742496,7.17802572
36600,0.77701342,0.77701342,257,1.00000000,0.77701342,nan,0.00000000,0,0,0,20.39212227,0.05610183,15.12034512
36700,0.54698074,0.54698074,230,1.00000000,0.54698074,nan,0.00000000,0,0,0,20.14156342,0.05080960,11.55719121
36800,0.19250695,0.19250695,274,1.00000000,0.19250695,nan,0.00000000,0,0,0,11.20887661,0.07302584,5.43246031
36900,0.58094597,0.58094597,174,0.99999997,0.58094590,nan,0.00000000,0,0,0,19.00448608,0.04369597,10.12163019
37000,3.61010146,3.61010146,114,0.99998880,3.60993980,nan,0.00000000,0,0,0,1.25909996,0.00518145,47.05103779
37100,0.85251701,0.85251701,159,0.99999988,0.85251658,nan,0.51067077,0,0,0,11.95683670,0.07524587,13.70246196
37200,0.95580059,0.95580059,223,1.00000000,0.95580059,nan,0.36960266,0,0,0,21.74185944,0.04353882,18.68079758
37300,0.41762710,0.41762710,100,0.99995460,0.41755126,nan,0.15268112,0,0,0,24.45137024,0.04640385,10.76953959
37400,0.38004285,0.38004285,37,0.97527647,0.34382984,nan,0.00000000,0,0,0,19.87299538,0.05184774,9.15140820
37500,0.36810210,0.36810210,309,1.00000000,0.36810210,nan,0.00000000,0,0,0,22.62833023,0.12662789,9.63369052
37600,0.30485147,0.30485147,153,0.99999977,0.30485120,nan,0.00000000,0,0,0,18.37266922,0.02387187,7.98407269
37700,0.49191439,0.49191439,237,1.00000000,0.49191439,nan,0.00000000,0,0,0,19.11595917,0.03492230,9.32188511
37800,0.36417452,0.36417452,261,1.00000000,0.36417452,nan,0.00000000,0,0,0,11.45495796,0.06676182,6.64816793
37900,0.48681995,0.48681995,259,1.00000000,0.48681995,nan,0.00000000,0,0,0,24.54867935,0.10797779,11.28484488
38000,4.85783291,4.85783291,156,0.99999983,4.85782965,nan,0.00000000,0,0,0,1.11407423,0.00450507,58.31083552
38100,0.55782419,0.55782419,164,0.99999992,0.55782403,nan,0.29256986,0,0,0,19.01754761,0.07658387,10.46172166
38200,0.19130117,0.19130117,238,1.00000000,0.19130117,nan,0.05724550,0,0,0,12.94424915,0.07210702,5.75298464
38300,0.46026012,0.46026012,171,0.99999996,0.46026005,nan,0.00000000,0,0,0,20.59444427,0.07655253,12.62872219
38400,0.47103119,0.47103119,218,1.00000000,0.47103119,nan,0.00000000,0,0,0,24.55615234,0.06719153,16.16296291
38500,0.70505857,0.70505857,245,1.00000000,0.70505857,nan,0.00000000,0,0,0,19.76663971,0.02207123,12.11164761
38600,0.48313439,0.48313439,37,0.97527647,0.43709812,nan,0.00000000,0,0,0,26.45727158,0.07922050,14.02454424
38700,0.10466960,0.10466960,109,0.99998154,0.10466187,nan,0.00000000,0,0,0,20.13781738,0.04639306,6.71199020
38800,0.53592664,0.53592664,442,1.00000000,0.53592664,nan,0.00000000,0,0,0,8.82989979,0.04553850,9.08519936
38900,0.58298725,0.58298725,128,0.99999724,0.58298081,nan,0.00000000,0,0,0,21.66680145,0.06967746,14.58805021
39000,2.81780958,2.81780958,169,0.99999995,2.81780907,nan,0.00000000,0,0,0,1.35531783,0.00660450,36.92581940
39100,0.48288026,0.48288026,153,0.99999977,0.48287983,nan,0.29493421,0,0,0,20.46912956,0.05466108,13.60825062
39200,0.77970856,0.77970856,87,0.99983341,0.77918914,nan,0.21453196,0,0,0,19.42288780,0.10893124,13.25398135
39300,0.91920877,0.91920877,106,0.99997508,0.91911716,nan,0.09474396,0,0,0,19.83474350,0.08108173,14.97627195
39400,0.57692003,0.57692003,175,0.99999997,0.57691997,nan,0.04395944,0,0,0,9.43819809,0.06077825,nan
39500,0.66365361,0.66365361,147,0.99999959,0.66365252,nan,0.00000000,0,0,0,18.23850441,0.11199089,13.10014105
39600,1.29073000,1.29073000,176,0.99999998,1.29072988,nan,0.00000000,0,0,0,19.47406387,0.03790724,18.69520330
39700,0.47835180,0.47835180,143,0.99999938,0.47835062,nan,0.03823073,0,0,0,26.17126846,0.12324308,10.79769135
39800,0.37293869,0.37293869,266,1.00000000,0.37293869,nan,0.00000000,0,0,0,22.09642982,0.08682023,9.21373916
39900,0.48226705,0.48226705,156,0.99999983,0.48226673,nan,0.00000000,0,0,0,26.95589828,0.13974378,13.98937535
40000,3.05445051,3.05445051,92,0.99989896,3.05321622,nan,0.00000000,0,0,0,1.41038346,0.01169857,41.38490677
40100,0.30221647,0.30221647,124,0.99999588,0.30221149,nan,0.17742173,0,0,0,25.88374138,0.18116450,18.10506662
40200,0.58033180,0.58033180,325,1.00000000,0.58033180,nan,0.04123658,0,0,0,14.50262451,0.05875919,11.35290074
40300,0.28144693,0.28144693,166,0.99999994,0.28144686,nan,0.00000000,0,0,0,16.42462921,0.11675596,10.93794489
40400,0.24375767,0.24375767,239,1.00000000,0.24375767,nan,0.00000000,0,0,0,21.26068878,0.07431148,8.04808974
40500,0.19881071,0.19881071,140,0.99999917,0.19881005,nan,0.00000000,0,0,0,9.91083145,0.05392298,4.88938053
40600,0.13885845,0.13885845,243,1.00000000,0.13885845,nan,0.00000000,0,0,0,17.83015823,0.08138923,5.48647857
40700,0.81486535,0.81486535,76,0.99949955,0.81323537,nan,0.03113946,0,0,0,29.78087616,0.14848424,21.02792740
40800,0.64580345,0.64580345,266,1.00000000,0.64580345,nan,0.00000000,0,0,0,11.91402817,0.10122409,11.99074769
40900,0.80792111,0.80792111,418,1.00000000,0.80792111,nan,0.00000000,0,0,0,13.57008076,0.08141423,12.72298400
41000,3.38647509,3.38647509,110,0.99998330,3.38624885,nan,0.00000000,0,0,0,1.37323296,0.01175109,44.64243952
41100,0.46152264,0.46152264,353,1.00000000,0.46152264,nan,0.27748041,0,0,0,24.10539818,0.04816918,13.48685551
41200,0.55909240,0.55909240,103,0.99996637,0.55901719,nan,0.09362549,0,0,0,19.51412773,0.06078674,9.65500037
41300,0.55393243,0.55393243,268,1.00000000,0.55393243,nan,0.00000000,0,0,0,12.09136772,0.08597120,10.93173440
41400,0.64720690,0.64720690,215,1.00000000,0.64720690,nan,0.00000000,0,0,0,25.64259338,0.16588424,17.44370270
41500,0.56560099,0.56560099,63,0.99816370,0.56145796,nan,0.00000000,0,0,0,13.52036667,0.10256068,7.77010918
41600,0.53613335,0.53613335,158,0.99999986,0.53613305,nan,0.00000000,0,0,0,23.22001839,0.09241621,11.62736066
41700,0.58594644,0.58594644,99,0.99994983,0.58582885,nan,0.00000000,0,0,0,19.43893051,0.07658051,12.21111441
41800,0.74550796,0.74550796,210,1.00000000,0.74550795,nan,0.00000000,0,0,0,9.64123249,0.07946995,11.06826305
41900,0.70249438,0.70249438,379,1.00000000,0.70249438,nan,0.00000000,0,0,0,18.34512711,0.04248502,11.89493465
42000,2.52969885,2.52969885,162,0.99999991,2.52969792,nan,0.00000000,0,0,0,1.51755774,0.01729739,35.46299744
42100,0.64095092,0.64095092,77,0.99954717,0.63979075,nan,0.03546526,0,0,0,19.54220581,0.13969499,13.77720490
42200,0.27842253,0.27842253,376,1.00000000,0.27842253,nan,0.00000000,0,0,0,19.98246002,0.08369195,9.94195986
42300,0.27098170,0.27098170,168,0.99999995,0.27098164,nan,0.00000000,0,0,0,11.54543781,0.06855569,5.48411973
42400,0.28703159,0.28703159,55,0.99591323,0.28236815,nan,0.00000000,0,0,0,12.75706005,0.10442828,7.85722876
42500,0.90952802,0.90952802,263,1.00000000,0.90952802,nan,0.00000000,0,0,0,14.46233273,0.05785646,12.95862007
42600,0.18692419,0.18692419,182,0.99999999,0.18692418,nan,0.00000000,0,0,0,13.93797302,0.07138589,4.04724014
42700,0.78295010,0.78295010,345,1.00000000,0.78295010,nan,0.00000000,0,0,0,15.90922546,0.08692403,11.65774345
42800,0.67678165,0.67678165,419,1.00000000,0.67678165,nan,0.00000000,0,0,0,16.09928894,0.05740616,11.48668098
42900,0.36479357,0.36479357,329,1.00000000,0.36479357,nan,0.00000000,0,0,0,18.70744133,0.04822341,7.55379995
43000,2.19566226,2.19566226,133,0.99999833,2.19564755,nan,0.00000000,0,0,0,1.27876866,0.00449549,33.97014236
43100,2.12519598,2.12519598,205,1.00000000,2.12519597,nan,0.60719738,0,0,0,16.76555443,0.05974509,29.59221522
43200,0.19933231,0.19933231,94,0.99991728,0.19926636,nan,0.56052641,0,0,0,16.63383102,0.03422518,8.32519182
43300,0.39368880,0.39368880,257,1.00000000,0.39368880,nan,0.37207549,0,0,0,17.48976135,0.04945279,11.04509950
43400,0.95023453,0.95023453,185,0.99999999,0.95023450,nan,0.21849533,0,0,0,9.51621151,0.09404165,13.64689751
43500,0.43225443,0.43225443,139,0.99999908,0.43225284,nan,0.09601048,0,0,0,17.89622116,0.07824132,9.37140894
43600,0.45215812,0.45215812,349,1.00000000,0.45215812,nan,0.00000000,0,0,0,17.01326561,0.14078626,9.79441524
43700,0.36729071,0.36729071,563,1.00000000,0.36729071,nan,0.00000000,0,0,0,13.53134537,0.07432074,9.32730637
43800,0.34619227,0.34619227,247,1.00000000,0.34619227,nan,0.00000000,0,0,0,17.74594307,0.06336133,6.39154446
43900,0.50520492,0.50520492,133,0.99999833,0.50520153,nan,0.00000000,0,0,0,14.36301994,0.09621660,12.06391811
44000,4.02039862,4.02039862,166,0.99999994,4.02039762,nan,0.00000000,0,0,0,1.24756920,0.00951598,50.65160656
44100,0.64163750,0.64163750,138,0.99999898,0.64163490,nan,0.12667390,0,0,0,20.33995628,0.09587997,11.33159685
44200,0.32659307,0.32659307,309,1.00000000,0.32659307,nan,0.10353806,0,0,0,18.72463036,0.08810993,9.62952995
44300,0.61959416,0.61959416,378,1.00000000,0.61959416,nan,0.00006561,0,0,0,21.23797989,0.07555279,11.69599032
44400,0.98473930,0.98473930,356,1.00000000,0.98473930,nan,0.00000000,0,0,0,20.54240227,0.06067100,20.37305260
44500,0.63542634,0.63542634,129,0.99999750,0.63541999,nan,0.00000000,0,0,0,17.24695396,0.03364315,10.51370788
44600,1.04172957,1.04172957,97,0.99993872,1.04147423,nan,0.00000000,0,0,0,16.28298759,0.09891435,16.72600842
44700,0.61363304,0.61363304,206,1.00000000,0.61363303,nan,0.00000000,0,0,0,18.25475693,0.11079725,10.82293177
44800,0.27822801,0.27822801,124,0.99999588,0.27822343,nan,0.00000000,0,0,0,11.15399933,0.11777700,4.46643758
44900,0.55407566,0.55407566,402,1.00000000,0.55407566,nan,0.00000000,0,0,0,20.75722504,0.04836840,11.83452543
45000,3.53570390,3.53570390,216,1.00000000,3.53570389,nan,0.00000000,0,0,0,1.28081298,0.00853519,45.93303680
45100,0.65477669,0.65477669,138,0.99999898,0.65477403,nan,0.36852690,0,0,0,20.27118874,0.05421557,12.29255629
45200,0.30408084,0.30408084,188,0.99999999,0.30408084,nan,0.24140812,0,0,0,18.18587494,0.02565493,7.68162346
45300,0.87318420,0.87318420,71,0.99917490,0.87030589,nan,0.13644780,0,0,0,20.00367355,0.11572596,15.90532970
45400,0.96625066,0.96625066,185,0.99999999,0.96625062,nan,0.00000000,0,0,0,19.93473625,0.18812929,13.24122620
45500,0.39295876,0.39295876,142,0.99999932,0.39295769,nan,0.00000000,0,0,0,14.10548878,0.16855775,14.23998284
45600,1.00145209,1.00145209,70,0.99908812,0.99780426,nan,0.00000000,0,0,0,20.24366760,0.07911066,16.45472503
45700,0.46298695,0.46298695,322,1.00000000,0.46298695,nan,0.00000000,0,0,0,21.43782043,0.07710820,11.91009808
45800,0.42983907,0.42983907,111,0.99998489,0.42981309,nan,0.00000000,0,0,0,11.45463181,0.11193286,6.94888544
45900,0.90847069,0.90847069,214,1.00000000,0.90847069,nan,0.00000000,0,0,0,20.81114960,0.10101536,13.47987207
46000,2.51247311,2.51247311,155,0.99999981,2.51247124,nan,0.00000000,0,0,0,1.45303154,0.01386816,36.45177841
46100,0.49900997,0.49900997,236,1.00000000,0.49900997,nan,0.12858707,0,0,0,17.29533577,0.03849664,8.59448814
46200,0.28199267,0.28199267,183,0.99999999,0.28199266,nan,0.03024555,0,0,0,10.94161701,0.14856504,7.73887658
46300,0.36936277,0.36936277,519,1.00000000,0.36936277,nan,0.00000000,0,0,0,20.62244034,0.07706609,9.20156479
46400,0.98424172,0.98424172,317,1.00000000,0.98424172,nan,0.00000000,0,0,0,19.29375458,0.04314478,12.62537336
46500,0.54633218,0.54633218,258,1.00000000,0.54633218,nan,0.00000000,0,0,0,8.97574997,0.05282225,7.44561338
46600,0.62160563,0.62160563,224,1.00000000,0.62160563,nan,0.00000000,0,0,0,20.53927612,0.08874215,11.41487312
46700,0.93686783,0.93686783,347,1.00000000,0.93686783,nan,0.00000000,0,0,0,17.45094490,0.05916466,13.88122463
46800,0.55170345,0.55170345,352,1.00000000,0.55170345,nan,0.00000000,0,0,0,8.94864464,0.08753379,9.44775558
46900,0.35481453,0.35481453,210,1.00000000,0.35481453,nan,0.00000000,0,0,0,19.51830292,0.10027010,6.89575227
47000,2.53870726,2.53870726,415,1.00000000,2.53870726,nan,0.00000000,0,0,0,1.47909439,0.01660658,37.39755440
47100,0.80713773,0.80713773,164,0.99999992,0.80713748,nan,0.48232852,0,0,0,5.43863106,0.07262009,17.46307850
47200,0.41249421,0.41249421,310,1.00000000,0.41249421,nan,0.75403993,0,0,0,12.16995049,0.12279783,6.58635998
47300,0.36391813,0.36391813,223,1.00000000,0.36391813,nan,0.54391163,0,0,0,19.39867210,0.08661518,9.11662515
47400,0.71132612,0.71132612,333,1.00000000,0.71132612,nan,0.33116878,0,0,0,16.59628105,0.05621145,12.79026031
47500,0.24556786,0.24556786,396,1.00000000,0.24556786,nan,0.15084775,0,0,0,18.59276390,0.06951471,6.41286385
47600,0.35929257,0.35929257,484,1.00000000,0.35929257,nan,0.00000000,0,0,0,21.66215897,0.07734934,6.57197690
47700,0.40207547,0.40207547,268,1.00000000,0.40207547,nan,0.00000000,0,0,0,9.03277969,0.06311603,6.42971484
47800,0.90425110,0.90425110,203,1.00000000,0.90425109,nan,0.00000000,0,0,0,10.45294571,0.18587214,12.77951495
47900,0.29790539,0.29790539,138,0.99999898,0.29790418,nan,0.00000000,0,0,0,18.40457535,0.05863679,7.71652683
48000,4.24109077,4.24109077,73,0.99932446,4.22964230,nan,0.00000000,0,0,0,1.45359504,0.03110054,53.65122096
48100,0.57571685,0.57571685,291,1.00000000,0.57571685,nan,0.19183469,0,0,0,20.95148468,0.05259687,12.92858760
48200,0.60955846,0.60955846,459,1.00000000,0.60955846,nan,0.05653392,0,0,0,9.26313972,0.05842921,8.90802431
48300,0.45477173,0.45477173,239,1.00000000,0.45477173,nan,0.00000000,0,0,0,9.94968700,0.07164420,8.48046700
48400,0.70159280,0.70159280,285,1.00000000,0.70159280,nan,0.00000000,0,0,0,12.48440266,0.06654511,10.42035723
48500,0.68617034,0.68617034,215,1.00000000,0.68617034,nan,0.00000000,0,0,0,13.92249298,0.06309298,9.17021942
48600,0.68416774,0.68416774,186,0.99999999,0.68416772,nan,0.00000000,0,0,0,11.52713680,0.08093095,9.49736624
48700,0.21954019,0.21954019,511,1.00000000,0.21954019,nan,0.00000000,0,0,0,9.66941071,0.10766268,6.54782772
48800,0.33043516,0.33043516,313,1.00000000,0.33043516,nan,0.00000000,0,0,0,14.59928417,0.04065246,7.12030494
48900,0.55427694,0.55427694,148,0.99999963,0.55427611,nan,0.00000000,0,0,0,17.04271126,0.04263262,10.77204482
49000,2.37089062,2.37089062,135,0.99999863,2.37087762,nan,0.00000000,0,0,0,1.53941178,0.01830936,36.09820684
49100,0.58423519,0.58423519,393,1.00000000,0.58423519,nan,0.37458143,0,0,0,8.34332275,0.04973727,9.71253777
49200,0.60935760,0.60935760,346,1.00000000,0.60935760,nan,0.24619699,0,0,0,16.40594482,0.04830317,12.05816078
49300,0.36199585,0.36199585,178,0.99999998,0.36199582,nan,0.06213142,0,0,0,19.11762238,0.10450265,10.33644772
49400,0.21724322,0.21724322,191,0.99999999,0.21724322,nan,0.00000000,0,0,0,14.38948441,0.07927027,5.45185534
49500,0.41175056,0.41175056,140,0.99999917,0.41174919,nan,0.00000000,0,0,0,13.60258007,0.08725202,11.21043348
49600,0.87752008,0.87752008,452,1.00000000,0.87752008,nan,0.00000000,0,0,0,17.32350922,0.08420064,11.01701832
49700,0.63546419,0.63546419,385,1.00000000,0.63546419,nan,0.00000000,0,0,0,13.75927162,0.08033114,8.64018949
49800,0.47249258,0.47249258,261,1.00000000,0.47249258,nan,0.00000000,0,0,0,19.76751518,0.11405643,11.02722025
49900,0.64355338,0.64355338,315,1.00000000,0.64355338,nan,0.00000000,0,0,0,20.66458702,0.11759595,9.12336159
50000,4.50818062,4.50818062,171,0.99999996,4.50817994,nan,0.00000000,0,0,0,1.39076889,0.01450283,54.75283178
50100,0.53079581,0.53079581,63,0.99816370,0.52690773,nan,0.20032663,0,0,0,4.86683989,0.07440998,16.16347313
50200,0.19891286,0.19891286,199,1.00000000,0.19891286,nan,0.60266286,0,0,0,5.29480934,0.03740469,11.73137983
50300,0.41239950,0.41239950,135,0.99999863,0.41239724,nan,0.91875663,0,0,0,18.41687012,0.13375235,16.49693648
50400,0.88173556,0.88173556,98,0.99994455,0.88154000,nan,1.30220035,0,0,0,5.55728817,0.05367748,19.86680508
50500,0.91262352,0.91262352,110,0.99998330,0.91256256,nan,1.49383189,0,0,0,10.59364128,0.07511805,21.40531921
50600,0.27191508,0.27191508,97,0.99993872,0.27184843,nan,1.67621269,0,0,0,12.85481262,0.06903063,14.61389605
50700,0.25199714,0.25199714,195,1.00000000,0.25199714,nan,1.67131075,0,0,0,13.30824471,0.07043853,14.11941147
50800,0.40364900,0.40364900,151,0.99999972,0.40364856,nan,1.77702459,0,0,0,11.39790535,0.04086451,15.40096474
50900,0.42169484,0.42169484,338,1.00000000,0.42169484,nan,1.73121647,0,0,0,8.35165787,0.03180018,15.48197627
51000,3.06526923,3.06526923,164,0.99999992,3.06526831,nan,1.77877588,0,0,0,2.06565547,0.01331923,41.56978607
51100,1.02113581,1.02113581,455,1.00000000,1.02113581,nan,1.91072908,0,0,0,13.60319042,0.05332739,20.26223373
51200,0.46302640,0.46302640,373,1.00000000,0.46302640,nan,1.80402115,0,0,0,10.38432884,0.02629953,15.06760597
51300,0.81369317,0.81369317,240,1.00000000,0.81369317,nan,1.92595203,0,0,0,12.65444088,0.11139546,20.48638852
51400,1.32361603,1.32361603,338,1.00000000,1.32361603,nan,2.27642202,0,0,0,33.11091614,0.10362338,33.00653076
51500,0.72564554,0.72564554,194,1.00000000,0.72564553,nan,2.26769461,0,0,0,27.02161026,0.11088844,19.67951727
51600,0.86594665,0.86594665,96,0.99993227,0.86571208,nan,2.18213924,0,0,0,24.25534058,0.05497183,19.25184727
51700,0.12619017,0.12619017,96,0.99993227,0.12615599,nan,2.07964357,0,0,0,25.19251060,0.11474994,12.53325208
51800,0.16781522,0.16781522,121,0.99999444,0.16781149,nan,1.91238454,0,0,0,24.57721329,0.07253733,12.10804486
51900,0.20456479,0.20456479,347,1.00000000,0.20456479,nan,1.75513911,0,0,0,27.26875877,0.08782212,11.49599218
52000,1.34936476,1.34936476,510,1.00000000,1.34936476,nan,1.63976932,0,0,0,1.65823698,0.01041573,27.00617536
52100,1.34033227,1.34033227,0,0.00000000,0.00000000,nan,0.00000000,0,999,0,5.76617622,0.04300028,28.54756419
52200,0.36494267,0.36494267,0,0.00000000,0.00000000,nan,0.00000000,0,899,0,42.49273682,0.32397640,25.85883713
52300,0.80591720,0.80591720,4,0.32967995,0.00952052,nan,0.00000000,0,799,0,23.85001373,0.04033335,16.86216927
52400,0.51639408,0.51639408,3,0.25918178,0.00233023,nan,0.00000000,0,699,0,19.25218201,0.05855693,14.36766593
52500,0.21442913,0.21442913,2,0.18126925,0.00023152,nan,0.00000000,0,599,0,25.00985527,0.09906743,11.57637691
52600,0.27207211,0.27207211,3,0.25918178,0.00122773,nan,0.00000000,0,499,0,22.39472389,0.11078918,9.30014547
52700,0.10992655,0.10992655,11,0.66712892,0.02177417,nan,0.00000000,0,399,0,15.87953854,0.16537815,8.51308692
52800,0.44203699,0.44203699,6,0.45118836,0.01831851,nan,0.00000000,0,299,0,14.66111755,0.06211334,10.90825510
52900,0.34797654,0.34797654,6,0.45118836,0.01442054,nan,0.00000000,0,199,0,16.56876564,0.07849157,11.45121841
53000,3.27558708,3.27558708,2,0.18126925,0.00353660,nan,0.00000000,0,99,0,1.54440355,0.01299274,45.72009277
53100,0.27858070,0.27858070,1,0.09516258,0.00002285,nan,0.00000000,0,0,0,7.84035921,0.04911020,15.27769852
53200,0.56258690,0.56258690,21,0.87754357,0.33362945,nan,0.00000000,0,0,0,5.87152195,0.02132774,16.75056171
53300,0.76665235,0.76665235,3,0.25918178,0.00345952,nan,0.00000000,0,0,0,29.66547966,0.06200983,16.96597290
53400,0.78355569,0.78355569,16,0.79810348,0.31791183,nan,0.00000000,0,0,0,17.87546349,0.04189025,16.99090068
53500,0.50106573,0.50106573,19,0.85043138,0.26209082,nan,0.00000000,0,0,0,19.71535492,0.08481390,11.38546352
53600,0.23736402,0.23736402,24,0.90928205,0.16225921,nan,0.00000000,0,0,0,17.79800415,0.01635267,9.50513395
53700,0.28273699,0.28273699,26,0.92572642,0.20764107,nan,0.00000000,0,0,0,34.03887177,0.24012423,nan
53800,0.47783068,0.47783068,5,0.39346934,0.01145296,nan,0.00000000,0,0,0,12.11900806,0.02541883,10.99287176
53900,0.26109302,0.26109302,32,0.95923780,0.22105503,nan,0.00000000,0,0,0,11.52388477,0.03983188,7.49685025
54000,2.55723047,2.55723047,18,0.83470111,1.24134883,nan,0.00000000,0,0,0,1.45126200,0.00945065,37.01347097
54100,0.91065842,0.91065842,24,0.90928205,0.62251522,nan,0.00000000,0,0,0,5.32468843,0.03879422,22.70795965
54200,0.29163507,0.29163507,10,0.63212056,0.04656283,nan,0.00000000,0,0,0,37.25522995,0.15146489,13.43306319
54300,0.37933800,0.37933800,10,0.63212056,0.06056560,nan,0.00000000,0,0,0,23.36641693,0.09222393,10.56766955
54400,0.45562375,0.45562375,13,0.72746821,0.12760345,nan,0.00000000,0,0,0,20.44439316,0.04000650,13.16715074
54500,0.50850624,0.50850624,45,0.98889100,0.48628401,nan,0.00000000,0,0,0,18.09716797,0.07100654,11.00691967
54600,1.00243616,1.00243616,8,0.55067104,0.09217766,nan,0.00000000,0,0,0,15.54690552,0.04660964,16.93053341
54700,0.41249773,0.41249773,20,0.86466472,0.23057516,nan,0.00000000,0,0,0,20.50411034,0.09732462,12.49889088
54800,0.23309872,0.23309872,31,0.95495080,0.19384913,nan,0.00000000,0,0,0,22.87285614,0.10352682,11.76730919
54900,0.38645744,0.38645744,44,0.98772266,0.36782543,nan,0.00000000,0,0,0,13.86997318,0.01434225,8.79558887
55000,3.33614445,3.33614445,25,0.91791500,2.36839817,nan,0.00000000,0,0,0,1.49958217,0.01600464,45.78791428
55100,0.40401089,0.40401089,4,0.32967995,0.00477269,nan,0.00000000,0,0,0,5.38250303,0.07162654,17.23127683
55200,0.77648801,0.77648801,8,0.55067104,0.07140090,nan,0.00000000,0,0,0,6.94619417,0.08424190,21.55759335
55300,0.66119838,0.66119838,31,0.95495080,0.54986460,nan,0.00000000,0,0,0,6.59770441,0.02555790,18.03845215
55400,0.56221610,0.56221610,36,0.97267628,0.50324165,nan,0.00000000,0,0,0,22.09406471,0.04947885,15.83796358
55500,0.86546171,0.86546171,26,0.92572642,0.63559211,nan,0.00000000,0,0,0,21.14205742,0.04149142,16.11597061
55600,0.22883552,0.22883552,46,0.98994816,0.21977246,nan,0.00000000,0,0,0,32.35926056,0.05249002,13.84549856
55700,0.52017117,0.52017117,24,0.90928205,0.35558280,nan,0.00000000,0,0,0,21.00829124,0.06189246,11.95524820
55800,0.57341057,0.57341057,22,0.88919684,0.35847373,nan,0.00000000,0,0,0,15.02456665,0.03714926,15.72336674
55900,0.36299771,0.36299771,14,0.75340304,0.11695353,nan,0.00000000,0,0,0,19.39531136,0.03811367,9.76451619
56000,1.93229842,1.93229842,15,0.77686984,0.70382914,nan,0.00000000,0,0,0,1.50753486,0.01374907,31.31914949
56100,0.28518286,0.28518286,19,0.85043138,0.14916967,nan,0.00000000,0,0,0,4.71835423,0.03350271,13.21718550
56200,0.52255237,0.52255237,51,0.99390325,0.50992496,nan,0.00000000,0,0,0,8.47246265,0.05945519,18.15692425
56300,0.48463780,0.48463780,59,0.99726056,0.47934903,nan,0.00000000,0,0,0,14.90326786,0.04199990,10.02008502
56400,0.33309311,0.33309311,38,0.97762923,0.30427226,nan,0.00000000,0,0,0,16.81537247,0.03658477,11.87164545
56500,0.60812491,0.60812491,37,0.97527647,0.55017872,nan,0.00000000,0,0,0,15.64366150,0.05006058,13.34521508
56600,0.16456819,0.16456819,37,0.97527647,0.14888703,nan,0.00000000,0,0,0,19.85598946,0.13566978,9.83126903
56700,0.63416290,0.63416290,19,0.85043138,0.33170952,nan,0.00000000,0,0,0,17.96177864,0.07280306,13.68650754
56800,0.54953218,0.54953218,2,0.18126925,0.00059332,nan,0.00000000,0,0,0,10.57873821,0.05225404,10.85421213
56900,0.28162158,0.28162158,95,0.99992515,0.28153727,nan,0.00000000,0,0,0,11.19526958,0.02962552,7.48200766
57000,3.14499021,3.14499021,64,0.99833844,3.12413992,nan,0.00000000,0,0,0,1.38643920,0.00630746,42.27586365
57100,1.07809031,1.07809031,84,0.99977513,1.07712093,nan,0.51440248,0,0,0,2.64182949,0.06766188,24.00041485
57200,0.72432292,0.72432292,51,0.99390325,0.70681975,nan,0.73239222,0,0,0,10.71405220,0.06138301,21.10102654
57300,1.09571290,1.09571290,40,0.98168436,1.01761679,nan,0.78798744,0,0,0,16.32456398,0.08277113,21.61776797
57400,0.33254758,0.33254758,76,0.99949955,0.33188238,nan,0.73017575,0,0,0,26.51107407,0.04481262,11.23432612
57500,0.39633259,0.39633259,28,0.93918994,0.30837099,nan,0.49307767,0,0,0,30.29109764,0.05813005,13.82616361
57600,0.51091808,0.51091808,38,0.97762923,0.46671094,nan,0.26123415,0,0,0,19.51754379,0.02248583,11.09601021
57700,0.46849045,0.46849045,19,0.85043138,0.24505178,nan,0.08705653,0,0,0,12.25232315,0.04007120,10.20327008
57800,0.65007436,0.65007436,43,0.98643144,0.61550369,nan,0.00000000,0,0,0,14.20039558,0.06129179,12.61964154
57900,0.60898423,0.60898423,83,0.99975148,0.60837909,nan,0.00000000,0,0,0,13.80159855,0.04420939,10.60521952
58000,1.60385919,1.60385919,30,0.95021293,1.30752494,nan,0.00000000,0,0,0,1.67235970,0.01479494,28.17569733
58100,0.65080112,0.65080112,37,0.97527647,0.58878845,nan,0.25228244,0,0,0,4.01613426,0.05037952,19.15089149
58200,0.43332779,0.43332779,33,0.96311683,0.37284853,nan,0.34323122,0,0,0,14.71271420,0.02902070,9.66143494
58300,0.48915783,0.48915783,33,0.96311683,0.42088641,nan,0.25149193,0,0,0,24.20639229,0.07462192,15.00373898
58400,0.57984436,0.57984436,16,0.79810348,0.23526009,nan,0.17667982,0,0,0,8.11456966,0.06272927,10.50178757
58500,0.89849579,0.89849579,37,0.97527647,0.81288113,nan,0.07507683,0,0,0,10.08503151,0.06577357,14.65195775
58600,0.33908039,0.33908039,40,0.98168436,0.31491269,nan,0.04151201,0,0,0,21.55615616,0.05193603,12.77840948
58700,1.31968749,1.31968749,92,0.99989896,1.31915420,nan,0.00000000,0,0,0,9.01623154,0.04674242,16.02808523
58800,0.55143803,0.55143803,103,0.99996637,0.55136385,nan,0.01805062,0,0,0,16.96344948,0.07612696,12.17165470
58900,0.59549201,0.59549201,153,0.99999977,0.59549147,nan,0.00000000,0,0,0,15.12236881,0.03736193,12.09918714
59000,4.49014854,4.49014854,62,0.99797057,4.45380957,nan,0.00000000,0,0,0,1.52854192,0.01659827,56.75352097
59100,1.45444632,1.45444632,7,0.50341470,0.09341170,nan,0.13784290,0,0,0,22.40577888,0.09752628,29.63662338
59200,0.18028888,0.18028888,39,0.97975809,0.16612859,nan,0.09586679,0,0,0,24.88602066,0.07130924,9.12827358
59300,0.45944670,0.45944670,87,0.99983341,0.45914063,nan,0.00000000,0,0,0,11.32668877,0.04012255,8.84412689
59400,0.82766885,0.82766885,16,0.79810348,0.33580985,nan,0.00000000,0,0,0,14.92769527,0.06290409,13.20193577
59500,0.75099826,0.75099826,72,0.99925341,0.74875803,nan,0.00000000,0,0,0,9.55710411,0.03129785,11.57709980
59600,0.91084248,0.91084248,86,0.99981589,0.91017190,nan,0.00000000,0,0,0,7.89721155,0.07865582,11.22252202
59700,0.20992479,0.20992479,42,0.98500442,0.19761342,nan,0.00000000,0,0,0,14.03215408,0.05200989,4.97639602
59800,0.51010531,0.51010531,23,0.89974116,0.33429524,nan,0.00000000,0,0,0,13.40430546,0.09149177,10.93029531
59900,0.46525022,0.46525022,85,0.99979653,0.46487168,nan,0.00000000,0,0,0,10.73779678,0.02449448,8.04469713
60000,1.63567793,1.63567793,74,0.99938875,1.63168235,nan,0.00709961,0,0,0,1.58648145,0.01721969,28.17366982
60100,0.39988729,0.39988729,69,0.99899221,0.39827773,nan,0.19939390,0,0,0,16.68888092,0.06325635,10.77034330
60200,0.65107179,0.65107179,18,0.83470111,0.31604785,nan,0.11300271,0,0,0,10.78064251,0.05457246,10.51614285
60300,0.35264665,0.35264665,43,0.98643144,0.33389306,nan,0.03019611,0,0,0,14.62829781,0.03690021,7.90241861
60400,0.36419332,0.36419332,121,0.99999444,0.36418522,nan,0.00000000,0,0,0,14.23626328,0.10429242,7.00186853
60500,0.40593904,0.40593904,19,0.85043138,0.21233321,nan,0.00000000,0,0,0,16.48046112,0.08877178,10.01152325
60600,0.23632990,0.23632990,16,0.79810348,0.09588606,nan,0.00512506,0,0,0,23.34288979,0.15412891,8.74517787
60700,0.33728763,0.33728763,42,0.98500442,0.31750688,nan,0.00000000,0,0,0,15.06136036,0.04116561,6.70982091
60800,0.58615392,0.58615392,51,0.99390325,0.57198959,nan,0.00000000,0,0,0,14.24423218,0.05705075,9.03411090
60900,0.24824232,0.24824232,19,0.85043138,0.12984730,nan,0.00707079,0,0,0,19.41675186,0.02848716,8.08726740
61000,2.66424394,2.66424394,74,0.99938875,2.65773580,nan,0.03577250,0,0,0,1.49232972,0.00797952,38.17955475
61100,0.43477148,0.43477148,138,0.99999898,0.43476971,nan,0.22145990,0,0,0,27.81742477,0.18504302,13.29292965
61200,0.45856059,0.45856059,7,0.50341470,0.02945102,nan,0.14844873,0,0,0,18.89244843,0.08161137,11.17475176
61300,0.44048151,0.44048151,7,0.50341470,0.02828989,nan,0.06290638,0,0,0,20.24503899,0.06700683,9.77633540
61400,0.41654676,0.41654676,82,0.99972535,0.41608933,nan,0.00000000,0,0,0,14.33710766,0.06943170,8.13564253
61500,1.07824194,1.07824194,64,0.99833844,1.07109354,nan,0.00000000,0,0,0,11.23225975,0.03146736,13.24931788
61600,0.53807312,0.53807312,29,0.94497678,0.42906772,nan,0.00000000,0,0,0,13.24076080,0.10547611,9.30162398
61700,0.54752970,0.54752970,91,0.99988833,0.54728518,nan,0.00000000,0,0,0,15.77806950,0.04360012,10.16019678
61800,0.32438976,0.32438976,61,0.99775713,0.32148928,nan,0.00000000,0,0,0,10.06246281,0.04715431,6.10445356
61900,0.61718011,0.61718011,116,0.99999083,0.61715748,nan,0.00000000,0,0,0,15.36663437,0.04350226,9.80400252
62000,1.45219421,1.45219421,120,0.99999386,1.45215852,nan,0.00000000,0,0,0,1.40067780,0.00917323,26.89478159
62100,0.26295334,0.26295334,30,0.95021293,0.21436923,nan,0.30668685,0,0,0,11.07347584,0.05227527,6.81025887
62200,0.14048018,0.14048018,101,0.99995892,0.14045709,nan,0.18172803,0,0,0,21.16127205,0.07340452,5.38856602
62300,0.69354707,0.69354707,30,0.95021293,0.56540506,nan,0.10410066,0,0,0,22.02793503,0.04674347,10.61723963
62400,0.90294468,0.90294468,25,0.91791500,0.64101917,nan,0.05294280,0,0,0,14.04697514,0.07638440,14.38490963
62500,0.22641189,0.22641189,15,0.77686984,0.08246930,nan,0.00000000,0,0,0,17.76407242,0.09535933,5.58245125
62600,0.25362554,0.25362554,94,0.99991728,0.25354163,nan,0.00000000,0,0,0,15.09643745,0.13164890,7.62110913
62700,0.17550018,0.17550018,65,0.99849656,0.17444715,nan,0.00000000,0,0,0,22.20722198,0.14030167,8.42539469
62800,0.25155038,0.25155038,86,0.99981589,0.25136518,nan,0.00000000,0,0,0,19.81892014,0.08850263,6.35110442
62900,0.18151408,0.18151408,20,0.86466472,0.10146150,nan,0.00000000,0,0,0,16.84888077,0.09711432,4.13067752
63000,1.80418062,1.80418062,140,0.99999917,1.80417462,nan,0.00000000,0,0,0,1.23075140,0.00947453,29.71044397
63100,1.23484230,1.23484230,1,0.09516258,0.00010127,nan,0.51739059,0,0,0,5.46229076,0.12686312,25.40775824
63200,0.95537078,0.95537078,94,0.99991728,0.95505469,nan,0.76822420,0,0,0,17.79350471,0.15147068,12.03232431
63300,0.40895966,0.40895966,108,0.99997960,0.40892629,nan,0.61336394,0,0,0,19.44310760,0.14602222,7.95363617
63400,0.28652406,0.28652406,41,0.98342732,0.26799715,nan,0.47374295,0,0,0,19.89677238,0.11984164,10.16555643
63500,0.96372002,0.96372002,54,0.99548342,0.94642675,nan,0.28597582,0,0,0,13.12454605,0.08555424,12.00702953
63600,0.97927815,0.97927815,55,0.99591323,0.96336767,nan,0.14637038,0,0,0,19.41513443,0.08222409,11.62497926
63700,0.98045254,0.98045254,45,0.98889100,0.93760579,nan,0.10188800,0,0,0,10.03210258,0.09752794,11.13115088
63800,0.50371444,0.50371444,79,0.99962926,0.50296786,nan,0.00000000,0,0,0,17.18721199,0.18008181,7.41567930
63900,0.44443461,0.44443461,138,0.99999898,0.44443281,nan,0.00000000,0,0,0,13.99051857,0.10483316,7.67657566
64000,3.07245898,3.07245898,74,0.99938875,3.06495367,nan,0.00000000,0,0,0,1.74740577,0.01518523,41.52869415
64100,2.94729424,2.94729424,8,0.55067104,0.27101444,nan,0.38813579,0,0,0,15.46242237,0.13575023,40.66746902
64200,1.73427248,1.73427248,36,0.97267628,1.55235351,nan,0.25041439,0,0,0,18.63814735,0.07113419,21.23818111
