block_end_step,block_valid,block_evidence,block_familiarity,block_weight_sum,q_short,q_long,rate_gap,detector_armed,regime_change,positive_streak,initial_stabilization_streak,rearm_streak,initial_arming_complete,rate_warmup_remaining
10099,0,0.00681461,0.01495434,1.49543356,nan,nan,nan,0,0,0,0,0,0,20
10199,0,0.00663040,0.05107159,5.10715917,nan,nan,nan,0,0,0,0,0,0,20
10299,0,0.02966526,0.08524847,8.52484678,nan,nan,nan,0,0,0,0,0,0,20
10399,0,0.00077871,0.14397066,14.39706634,nan,nan,nan,0,0,0,0,0,0,20
10499,0,0.00198465,0.16348570,16.34856975,nan,nan,nan,0,0,0,0,0,0,20
10599,0,0.00000000,0.20197086,20.19708589,nan,nan,nan,0,0,0,0,0,0,20
10699,0,0.00108471,0.22050788,22.05078778,nan,nan,nan,0,0,0,0,0,0,20
10799,1,0.00465174,0.32073466,32.07346583,0.00465174,0.00465174,0.00000000,0,0,0,0,0,0,19
10899,1,0.00000000,0.36904475,36.90447467,0.00372139,0.00460522,-0.00088383,0,0,0,0,0,0,18
10999,1,0.00000000,0.37205572,37.20557217,0.00297711,0.00455917,-0.00158206,0,0,0,0,0,0,17
11099,1,0.00000000,0.39896221,39.89622147,0.00238169,0.00451358,-0.00213189,0,0,0,0,0,0,16
11199,1,0.00132716,0.34280685,34.28068508,0.00217078,0.00448171,-0.00231093,0,0,0,0,0,0,15
11299,1,0.00009275,0.43801506,43.80150585,0.00175518,0.00443782,-0.00268265,0,0,0,0,0,0,14
11399,1,0.00000000,0.46887682,46.88768248,0.00140414,0.00439344,-0.00298930,0,0,0,0,0,0,13
11499,1,0.00000000,0.47197110,47.19711006,0.00112331,0.00434951,-0.00322620,0,0,0,0,0,0,12
11599,1,0.00000000,0.52247978,52.24797756,0.00089865,0.00430602,-0.00340736,0,0,0,0,0,0,11
11699,1,0.00000000,0.57368817,57.36881706,0.00071892,0.00426296,-0.00354403,0,0,0,0,0,0,10
11799,1,0.00011792,0.59007647,59.00764690,0.00059872,0.00422150,-0.00362278,0,0,0,0,0,0,9
11899,1,0.00083063,0.61913924,61.91392426,0.00064510,0.00418760,-0.00354249,0,0,0,0,0,0,8
11999,1,0.00075251,0.65039014,65.03901389,0.00066658,0.00415325,-0.00348666,0,0,0,0,0,0,7
12099,1,0.00000000,0.56120821,56.12082120,0.00053327,0.00411171,-0.00357845,0,0,0,0,0,0,6
12199,1,0.00000000,0.72220704,72.22070448,0.00042661,0.00407060,-0.00364398,0,0,0,0,0,0,5
12299,1,0.00013388,0.71646243,71.64624308,0.00036807,0.00403123,-0.00366316,0,0,0,0,0,0,4
12399,1,0.00038257,0.68995713,68.99571274,0.00037097,0.00399474,-0.00362378,0,0,0,0,0,0,3
12499,1,0.00000000,0.72638833,72.63883256,0.00029677,0.00395479,-0.00365802,0,0,0,0,0,0,2
12599,1,0.00015256,0.76686963,76.68696311,0.00026793,0.00391677,-0.00364884,0,0,0,0,0,0,1
12699,1,0.00302827,0.79160615,79.16061475,0.00082000,0.00390789,-0.00308789,0,0,0,0,0,0,0
12799,1,0.00133026,0.77538606,77.53860591,0.00092205,0.00388211,-0.00296006,0,0,0,1,0,0,0
12899,1,0.00405137,0.77524839,77.52483917,0.00154792,0.00388380,-0.00233589,0,0,0,2,0,0,0
12999,1,0.00230431,0.72544018,72.54401784,0.00169919,0.00386801,-0.00216881,0,0,0,3,0,0,0
13099,1,0.00407557,0.60478342,60.47834220,0.00217447,0.00387008,-0.00169562,1,0,0,0,0,1,0
13199,1,0.01628145,0.76282748,76.28274848,0.00499587,0.00399420,0.00100167,1,0,0,0,0,1,0
13299,1,0.03700329,0.70188392,70.18839207,0.01139735,0.00432429,0.00707306,1,0,0,0,0,1,0
13399,1,0.05366916,0.69182298,69.18229825,0.01985171,0.00481774,0.01503398,1,0,0,0,0,1,0
13499,1,0.00069807,0.80691955,80.69195504,0.01602098,0.00477654,0.01124444,1,0,0,0,0,1,0
13599,1,0.00000000,0.88021596,88.02159584,0.01281679,0.00472878,0.00808801,1,0,0,0,0,1,0
13699,1,0.00000000,0.84921480,84.92147990,0.01025343,0.00468149,0.00557194,1,0,0,0,0,1,0
13799,1,0.00000000,0.84374158,84.37415780,0.00820274,0.00463467,0.00356807,1,0,0,0,0,1,0
13899,1,0.00000000,0.84237410,84.23741017,0.00656220,0.00458833,0.00197387,1,0,0,0,0,1,0
13999,1,0.00000000,0.89629764,89.62976403,0.00524976,0.00454244,0.00070731,1,0,0,0,0,1,0
14099,1,0.00066654,0.72053609,72.05360894,0.00433311,0.00450368,-0.00017057,1,0,0,0,0,1,0
14199,1,0.00345452,0.80699818,80.69981809,0.00415740,0.00449319,-0.00033580,1,0,0,0,0,1,0
14299,1,0.00040954,0.86209638,86.20963843,0.00340782,0.00445236,-0.00104453,1,0,0,0,0,1,0
14399,1,0.00178249,0.83294781,83.29478074,0.00308276,0.00442566,-0.00134290,1,0,0,0,0,1,0
14499,1,0.00063509,0.86616494,86.61649377,0.00259322,0.00438775,-0.00179453,1,0,0,0,0,1,0
14599,1,0.00049384,0.87385810,87.38581010,0.00217335,0.00434881,-0.00217546,1,0,0,0,0,1,0
14699,1,0.00000000,0.87970082,87.97008228,0.00173868,0.00430532,-0.00256665,1,0,0,0,0,1,0
14799,1,0.00000000,0.88741449,88.74144895,0.00139094,0.00426227,-0.00287133,1,0,0,0,0,1,0
14899,1,0.00035356,0.89622893,89.62289337,0.00118347,0.00422318,-0.00303972,1,0,0,0,0,1,0
14999,1,0.00000000,0.93340411,93.34041085,0.00094677,0.00418095,-0.00323418,1,0,0,0,0,1,0
15099,1,0.00192455,0.73676275,73.67627474,0.00114233,0.00415839,-0.00301606,1,0,0,0,0,1,0
15199,1,0.01100254,0.77193261,77.19326094,0.00311437,0.00422683,-0.00111246,1,0,0,0,0,1,0
15299,1,0.01691708,0.81266172,81.26617153,0.00587491,0.00435373,0.00152118,1,0,0,0,0,1,0
15399,1,0.06354853,0.83453019,83.45301872,0.01740964,0.00494568,0.01246396,1,0,0,0,0,1,0
15499,1,0.02699137,0.76189724,76.18972379,0.01932598,0.00516614,0.01415985,1,0,0,0,0,1,0
15599,1,0.04220759,0.88013368,88.01336809,0.02390230,0.00553655,0.01836575,1,0,0,0,0,1,0
15699,1,0.04868220,0.93677695,93.67769510,0.02885828,0.00596801,0.02289028,1,0,0,0,0,1,0
15799,1,0.08726456,0.90917658,90.91765837,0.04053954,0.00678097,0.03375857,1,0,0,0,0,1,0
15899,1,0.05386374,0.88855968,88.85596845,0.04320438,0.00725180,0.03595258,1,0,0,0,0,1,0
15999,1,0.02532597,0.85051737,85.05173662,0.03962870,0.00743254,0.03219615,1,0,0,0,0,1,0
16099,1,0.02877228,0.82409101,82.40910125,0.03745741,0.00764594,0.02981147,1,0,0,0,0,1,0
16199,1,0.00383800,0.91457781,91.45778147,0.03073353,0.00760786,0.02312567,1,0,0,0,0,1,0
16299,1,0.00258929,0.94828263,94.82826258,0.02510468,0.00755767,0.01754701,1,0,0,0,0,1,0
16399,1,0.01035502,0.89302310,89.30231022,0.02215475,0.00758565,0.01456910,1,0,0,0,0,1,0
16499,1,0.02204704,0.88425268,88.42526836,0.02213321,0.00773026,0.01440294,1,0,0,0,0,1,0
16599,1,0.02519649,0.90565560,90.56556047,0.02274586,0.00790492,0.01484094,1,0,0,0,0,1,0
16699,1,0.00695205,0.91404865,91.40486502,0.01958710,0.00789540,0.01169171,1,0,0,0,0,1,0
16799,1,0.00000000,0.96159667,96.15966742,0.01566968,0.00781644,0.00785324,1,0,0,0,0,1,0
16899,1,0.00017125,0.97104489,97.10448942,0.01256999,0.00773999,0.00483000,1,0,0,0,0,1,0
16999,1,0.00016154,0.92515880,92.51588002,0.01008830,0.00766421,0.00242410,1,0,0,0,0,1,0
17099,1,0.00000000,0.91658750,91.65874974,0.00807064,0.00758756,0.00048308,1,0,0,0,0,1,0
17199,1,0.00104631,0.87543873,87.54387251,0.00666578,0.00752215,-0.00085637,1,0,0,0,0,1,0
17299,1,0.00794831,0.84189619,84.18961940,0.00692228,0.00752641,-0.00060413,1,0,0,0,0,1,0
17399,1,0.00259391,0.91568920,91.56891998,0.00605661,0.00747709,-0.00142048,1,0,0,0,0,1,0
17499,1,0.00006557,0.96359011,96.35901067,0.00485840,0.00740297,-0.00254457,1,0,0,0,0,1,0
17599,1,0.00195964,0.93578889,93.57888863,0.00427865,0.00734854,-0.00306989,1,0,0,0,0,1,0
17699,1,0.00720291,0.93578536,93.57853623,0.00486350,0.00734708,-0.00248358,1,0,0,0,0,1,0
17799,1,0.04607210,0.96795829,96.79582897,0.01310522,0.00773433,0.00537089,1,0,0,0,0,1,0
17899,1,0.03431839,0.94629745,94.62974527,0.01734785,0.00800017,0.00934768,1,0,0,0,0,1,0
17999,1,0.03978183,0.96842593,96.84259341,0.02183465,0.00831799,0.01351666,1,0,0,0,0,1,0
18099,1,0.00000000,0.95798147,95.79814683,0.01746772,0.00823481,0.00923291,1,0,0,0,0,1,0
18199,1,0.00655492,0.85712352,85.71235191,0.01528516,0.00821801,0.00706715,1,0,0,0,0,1,0
18299,1,0.00938375,0.90047200,90.04720039,0.01410488,0.00822967,0.00587521,1,0,0,0,0,1,0
18399,1,0.00957653,0.92049212,92.04921205,0.01319921,0.00824314,0.00495607,1,0,0,0,0,1,0
18499,1,0.00901655,0.90085260,90.08526019,0.01236268,0.00825087,0.00411181,1,0,0,0,0,1,0
18599,1,0.00985381,0.89880083,89.88008348,0.01186090,0.00826690,0.00359400,1,0,0,0,0,1,0
18699,1,0.02350230,0.90156590,90.15658960,0.01418918,0.00841925,0.00576993,1,0,0,0,0,1,0
18799,1,0.02049370,0.93209544,93.20954438,0.01545009,0.00854000,0.00691009,1,0,0,0,0,1,0
18899,1,0.02226073,0.94267162,94.26716241,0.01681221,0.00867721,0.00813501,1,0,0,0,0,1,0
18999,1,0.02575856,0.93105081,93.10508141,0.01860148,0.00884802,0.00975346,1,0,0,0,0,1,0
19099,1,0.03065296,0.91772056,91.77205628,0.02101178,0.00906607,0.01194571,1,0,0,0,0,1,0
19199,1,0.03335905,0.95404892,95.40489196,0.02348123,0.00930900,0.01417223,1,0,0,0,0,1,0
19299,1,0.01523774,0.94410073,94.41007263,0.02183253,0.00936829,0.01246425,1,0,0,0,0,1,0
19399,1,0.00237696,0.92898569,92.89856920,0.01794142,0.00929837,0.00864305,1,0,0,0,0,1,0
19499,1,0.00658371,0.95277637,95.27763684,0.01566988,0.00927123,0.00639865,1,0,0,0,0,1,0
19599,1,0.00905214,0.96097249,96.09724902,0.01434633,0.00926904,0.00507729,1,0,0,0,0,1,0
19699,1,0.16563188,0.93551614,93.55161402,0.04460344,0.01083266,0.03377078,1,0,0,0,0,1,0
19799,1,0.10220793,0.95419298,95.41929771,0.05612434,0.01174642,0.04437792,1,0,0,0,0,1,0
19899,1,0.08089834,0.95546170,95.54616989,0.06107914,0.01243794,0.04864120,1,0,0,0,0,1,0
19999,1,0.04545402,0.94410530,94.41052952,0.05795411,0.01276810,0.04518602,1,0,0,0,0,1,0
20099,1,0.00000000,0.95598597,95.59859684,0.04636329,0.01264042,0.03372287,1,0,0,0,0,1,0
20199,1,0.00000000,0.95683402,95.68340240,0.03709063,0.01251401,0.02457662,1,0,0,0,0,1,0
20299,1,0.00187885,0.93551073,93.55107335,0.03004828,0.01240766,0.01764062,1,0,0,0,0,1,0
20399,1,0.03524663,0.96233206,96.23320612,0.03108795,0.01263605,0.01845190,1,0,0,0,0,1,0
20499,1,0.03089053,0.95887433,95.88743300,0.03104846,0.01281859,0.01822987,1,0,0,0,0,1,0
20599,1,0.00989064,0.97282198,97.28219751,0.02681690,0.01278931,0.01402758,1,0,0,0,0,1,0
20699,1,0.00977571,0.94960636,94.96063649,0.02340866,0.01275918,0.01064948,1,0,0,0,0,1,0
20799,1,0.00096299,0.95142779,95.14277865,0.01891953,0.01264122,0.00627831,1,0,0,0,0,1,0
20899,1,0.00120038,0.94506752,94.50675181,0.01537570,0.01252681,0.00284889,1,0,0,0,0,1,0
20999,1,0.00137566,0.95437890,95.43789012,0.01257569,0.01241530,0.00016039,1,0,0,0,0,1,0
21099,1,0.00000000,0.92238040,92.23804024,0.01006055,0.01229114,-0.00223059,1,0,0,0,0,1,0
21199,1,0.00006371,0.92644431,92.64443059,0.00806118,0.01216887,-0.00410769,1,0,0,0,0,1,0
21299,1,0.00085961,0.94825920,94.82591953,0.00662087,0.01205578,-0.00543491,1,0,0,0,0,1,0
21399,1,0.00023670,0.97793493,97.79349287,0.00534403,0.01193759,-0.00659355,1,0,0,0,0,1,0
21499,1,0.00031523,0.95757755,95.75775485,0.00433827,0.01182136,-0.00748309,1,0,0,0,0,1,0
21599,1,0.00000000,0.95794775,95.79477546,0.00347062,0.01170315,-0.00823253,1,0,0,0,0,1,0
21699,1,0.00000000,0.96654394,96.65439416,0.00277649,0.01158612,-0.00880962,1,0,0,0,0,1,0
21799,1,0.00023941,0.97648949,97.64894949,0.00226908,0.01147265,-0.00920357,1,0,0,0,0,1,0
21899,1,0.00000000,0.96970802,96.97080183,0.00181526,0.01135792,-0.00954266,1,0,0,0,0,1,0
21999,1,0.00000000,0.96420409,96.42040939,0.00145221,0.01124434,-0.00979213,1,0,0,0,0,1,0
22099,1,0.00003685,0.94884294,94.88429401,0.00116914,0.01113227,-0.00996313,1,0,0,0,0,1,0
22199,1,0.00215733,0.97337361,97.33736146,0.00136678,0.01104252,-0.00967574,1,0,0,0,0,1,0
22299,1,0.01200958,0.95967096,95.96709614,0.00349534,0.01105219,-0.00755685,1,0,0,0,0,1,0
22399,1,0.00449274,0.93548335,93.54833487,0.00369482,0.01098660,-0.00729178,1,0,0,0,0,1,0
22499,1,0.00033703,0.94936560,94.93655995,0.00302326,0.01088010,-0.00785684,1,0,0,0,0,1,0
22599,1,0.00000000,0.95078756,95.07875607,0.00241861,0.01077130,-0.00835269,1,0,0,0,0,1,0
22699,1,0.00121205,0.94440832,94.44083171,0.00217730,0.01067571,-0.00849841,1,0,0,0,0,1,0
22799,1,0.00000000,0.96007734,96.00773401,0.00174184,0.01056895,-0.00882711,1,0,0,0,0,1,0
22899,1,0.00000000,0.95497281,95.49728146,0.00139347,0.01046326,-0.00906979,1,0,0,0,0,1,0
22999,1,0.00000000,0.97369581,97.36958101,0.00111478,0.01035863,-0.00924385,1,0,0,0,0,1,0
23099,1,0.00245200,0.93449010,93.44900992,0.00138222,0.01027956,-0.00889734,1,0,0,0,0,1,0
23199,1,0.05218691,0.87957915,87.95791483,0.01154316,0.01069864,0.00084452,1,0,0,0,0,1,0
23299,1,0.02526066,0.96577756,96.57775591,0.01428666,0.01084426,0.00344240,1,0,0,0,0,1,0
23399,1,0.01794777,0.98016071,98.01607100,0.01501888,0.01091529,0.00410359,1,0,0,0,0,1,0
23499,1,0.00050801,0.96782024,96.78202390,0.01211671,0.01081122,0.00130549,1,0,0,0,0,1,0
23599,1,0.00064341,0.97074521,97.07452110,0.00982205,0.01070954,-0.00088749,1,0,0,0,0,1,0
23699,1,0.00000000,0.97217709,97.21770896,0.00785764,0.01060244,-0.00274481,1,0,0,0,0,1,0
23799,1,0.00042941,0.97676833,97.67683297,0.00637199,0.01050071,-0.00412872,1,0,0,0,0,1,0
23899,1,0.00000000,0.97955462,97.95546206,0.00509759,0.01039571,-0.00529811,1,0,0,0,0,1,0
23999,1,0.00000000,0.99410430,99.41042961,0.00407808,0.01029175,-0.00621367,1,0,0,0,0,1,0
24099,1,0.00000000,0.97676735,97.67673542,0.00326246,0.01018883,-0.00692637,1,0,0,0,0,1,0
24199,1,0.00030245,0.96331796,96.33179633,0.00267046,0.01008997,-0.00741951,1,0,0,0,0,1,0
24299,1,0.00000000,0.98464335,98.46433503,0.00213637,0.00998907,-0.00785270,1,0,0,0,0,1,0
24399,1,0.00000000,0.98626873,98.62687258,0.00170909,0.00988918,-0.00818009,1,0,0,0,0,1,0
24499,1,0.00000000,0.97737497,97.73749688,0.00136727,0.00979029,-0.00842301,1,0,0,0,0,1,0
24599,1,0.00069882,0.96756095,96.75609457,0.00123358,0.00969937,-0.00846579,1,0,0,0,0,1,0
24699,1,0.00000000,0.96812360,96.81236027,0.00098687,0.00960238,-0.00861551,1,0,0,0,0,1,0
24799,1,0.00106499,0.97805287,97.80528742,0.00100249,0.00951700,-0.00851451,1,0,0,0,0,1,0
24899,1,0.00000000,0.97425284,97.42528392,0.00080199,0.00942183,-0.00861984,1,0,0,0,0,1,0
24999,1,0.00000000,0.96650186,96.65018590,0.00064159,0.00932762,-0.00868602,1,0,0,0,0,1,0
25099,1,0.00000000,0.96943528,96.94352760,0.00051328,0.00923434,-0.00872106,1,0,0,0,0,1,0
25199,1,0.00000000,0.97590521,97.59052141,0.00041062,0.00914200,-0.00873138,1,0,0,0,0,1,0
25299,1,0.00000000,0.97946848,97.94684761,0.00032850,0.00905058,-0.00872208,1,0,0,0,0,1,0
25399,1,0.00000000,0.97887429,97.88742946,0.00026280,0.00896007,-0.00869727,1,0,0,0,0,1,0
25499,1,0.00000000,0.97588094,97.58809414,0.00021024,0.00887047,-0.00866023,1,0,0,0,0,1,0
25599,1,0.00000000,0.97565844,97.56584377,0.00016819,0.00878177,-0.00861358,1,0,0,0,0,1,0
25699,1,0.00000000,0.98878850,98.87885030,0.00013455,0.00869395,-0.00855940,1,0,0,0,0,1,0
25799,1,0.00000000,0.96752499,96.75249924,0.00010764,0.00860701,-0.00849937,1,0,0,0,0,1,0
25899,1,0.00000000,0.97437273,97.43727319,0.00008611,0.00852094,-0.00843482,1,0,0,0,0,1,0
25999,1,0.00000000,0.93717378,93.71737821,0.00006889,0.00843573,-0.00836684,1,0,0,0,0,1,0
26099,1,0.00000000,0.97056550,97.05654973,0.00005511,0.00835137,-0.00829626,1,0,0,0,0,1,0
26199,1,0.00010897,0.95662131,95.66213109,0.00006588,0.00826895,-0.00820306,1,0,0,0,0,1,0
26299,1,0.00354377,0.98119899,98.11989864,0.00076146,0.00822170,-0.00746023,1,0,0,0,0,1,0
26399,1,0.00000000,0.98411556,98.41155619,0.00060917,0.00813948,-0.00753031,1,0,0,0,0,1,0
26499,1,0.00000000,0.97802493,97.80249301,0.00048734,0.00805808,-0.00757075,1,0,0,0,0,1,0
26599,1,0.00000000,0.96623332,96.62333180,0.00038987,0.00797750,-0.00758763,1,0,0,0,0,1,0
26699,1,0.00000000,0.98119090,98.11909036,0.00031189,0.00789773,-0.00758583,1,0,0,0,0,1,0
26799,1,0.00000000,0.97572292,97.57229186,0.00024952,0.00781875,-0.00756923,1,0,0,0,0,1,0
26899,1,0.00000000,0.98293647,98.29364697,0.00019961,0.00774056,-0.00754095,1,0,0,0,0,1,0
26999,1,0.00000000,0.95433066,95.43306648,0.00015969,0.00766316,-0.00750347,1,0,0,0,0,1,0
27099,1,0.00429553,0.95384483,95.38448310,0.00098686,0.00762948,-0.00664262,1,0,0,0,0,1,0
27199,1,0.02812757,0.96705443,96.70544307,0.00641500,0.00783446,-0.00141946,1,0,0,0,0,1,0
27299,1,0.01870221,0.98629761,98.62976068,0.00887244,0.00794314,0.00092930,1,0,0,0,0,1,0
27399,1,0.02184851,0.96466237,96.46623710,0.01146765,0.00808219,0.00338546,1,0,0,0,0,1,0
27499,1,0.01170352,0.98508541,98.50854102,0.01151483,0.00811841,0.00339642,1,0,0,0,0,1,0
27599,1,0.01471607,0.96425179,96.42517855,0.01215508,0.00818438,0.00397069,1,0,0,0,0,1,0
27699,1,0.03592946,0.98347856,98.34785630,0.01690995,0.00846183,0.00844812,1,0,0,0,0,1,0
27799,1,0.03875211,0.96585519,96.58551942,0.02127838,0.00876474,0.01251365,1,0,0,0,0,1,0
27899,1,0.01830143,0.97662652,97.66265215,0.02068299,0.00886010,0.01182289,1,0,0,0,0,1,0
27999,1,0.02625380,0.91214232,91.21423206,0.02179715,0.00903404,0.01276311,1,0,0,0,0,1,0
28099,1,0.00120194,0.90476379,90.47637935,0.01767811,0.00895572,0.00872239,1,0,0,0,0,1,0
28199,1,0.00228197,0.98395223,98.39522332,0.01459888,0.00888898,0.00570990,1,0,0,0,0,1,0
28299,1,0.00240016,0.98596032,98.59603249,0.01215914,0.00882409,0.00333504,1,0,0,0,0,1,0
28399,1,0.00316641,0.97878861,97.87886059,0.01036059,0.00876752,0.00159307,1,0,0,0,0,1,0
28499,1,0.00047497,0.97365798,97.36579820,0.00838347,0.00868459,-0.00030112,1,0,0,0,0,1,0
28599,1,0.00108894,0.98375671,98.37567080,0.00692456,0.00860864,-0.00168407,1,0,0,0,0,1,0
28699,1,0.00043147,0.96024315,96.02431490,0.00562594,0.00852686,-0.00290092,1,0,0,0,0,1,0
28799,1,0.00038839,0.96039579,96.03957949,0.00457843,0.00844548,-0.00386705,1,0,0,0,0,1,0
28899,1,0.00000000,0.97155935,97.15593525,0.00366275,0.00836102,-0.00469828,1,0,0,0,0,1,0
28999,1,0.00066861,0.99631749,99.63174885,0.00306392,0.00828410,-0.00522018,1,0,0,0,0,1,0
29099,1,0.00000000,0.94362856,94.36285619,0.00245113,0.00820126,-0.00575012,1,0,0,0,0,1,0
29199,1,0.00000000,0.98889688,98.88968837,0.00196091,0.00811925,-0.00615834,1,0,0,0,0,1,0
29299,1,0.00000000,0.98843300,98.84329963,0.00156873,0.00803805,-0.00646933,1,0,0,0,0,1,0
29399,1,0.00000000,0.98800584,98.80058423,0.00125498,0.00795767,-0.00670269,1,0,0,0,0,1,0
29499,1,0.00000000,0.97511083,97.51108330,0.00100398,0.00787810,-0.00687411,1,0,0,0,0,1,0
29599,1,0.00000000,0.98394274,98.39427449,0.00080319,0.00779932,-0.00699613,1,0,0,0,0,1,0
29699,1,0.00000000,0.99669776,99.66977574,0.00064255,0.00772132,-0.00707877,1,0,0,0,0,1,0
29799,1,0.00000000,0.99579663,99.57966301,0.00051404,0.00764411,-0.00713007,1,0,0,0,0,1,0
29899,1,0.00000000,0.99590396,99.59039573,0.00041123,0.00756767,-0.00715644,1,0,0,0,0,1,0
29999,1,0.00000000,0.99096554,99.09655420,0.00032899,0.00749199,-0.00716301,1,0,0,0,0,1,0
30099,1,0.00099734,0.92674751,92.67475115,0.00046266,0.00742704,-0.00696439,1,0,0,0,0,1,0
30199,1,0.00000000,0.97776597,97.77659711,0.00037013,0.00735277,-0.00698265,1,0,0,0,0,1,0
30299,1,0.00000000,0.99375768,99.37576776,0.00029610,0.00727925,-0.00698315,1,0,0,0,0,1,0
30399,1,0.00000000,0.99589068,99.58906793,0.00023688,0.00720645,-0.00696957,1,0,0,0,0,1,0
30499,1,0.00000000,0.99438438,99.43843832,0.00018950,0.00713439,-0.00694489,1,0,0,0,0,1,0
30599,1,0.00000000,0.99549040,99.54903961,0.00015160,0.00706305,-0.00691144,1,0,0,0,0,1,0
30699,1,0.00000000,0.99494579,99.49457859,0.00012128,0.00699242,-0.00687113,1,0,0,0,0,1,0
30799,1,0.00000000,0.99070787,99.07078669,0.00009703,0.00692249,-0.00682546,1,0,0,0,0,1,0
30899,1,0.00034030,0.98437565,98.43756531,0.00014568,0.00685667,-0.00671099,1,0,0,0,0,1,0
30999,1,0.00000000,0.98870954,98.87095385,0.00011654,0.00678810,-0.00667156,1,0,0,0,0,1,0
31099,1,0.17997769,0.91564162,91.56416214,0.03608877,0.00852000,0.02756878,1,0,0,0,0,1,0
31199,1,0.00000000,0.99345187,99.34518708,0.02887102,0.00843480,0.02043622,1,0,0,0,0,1,0
31299,1,0.00000000,0.98348472,98.34847189,0.02309682,0.00835045,0.01474637,1,0,0,0,0,1,0
31399,1,0.00000000,0.99839414,99.83941443,0.01847745,0.00826695,0.01021051,1,0,0,0,0,1,0
31499,1,0.00000000,0.99473413,99.47341258,0.01478196,0.00818428,0.00659769,1,0,0,0,0,1,0
31599,1,0.00000000,0.98412123,98.41212262,0.01182557,0.00810243,0.00372314,1,0,0,0,0,1,0
31699,1,0.00002189,0.97492498,97.49249837,0.00946483,0.00802163,0.00144321,1,0,0,0,0,1,0
31799,1,0.00000000,0.98307329,98.30732943,0.00757187,0.00794141,-0.00036955,1,0,0,0,0,1,0
31899,1,0.00111421,0.98045911,98.04591126,0.00628034,0.00787314,-0.00159280,1,0,0,0,0,1,0
31999,1,0.00000000,0.98283752,98.28375172,0.00502427,0.00779441,-0.00277014,1,0,0,0,0,1,0
32099,1,0.00000000,0.93649492,93.64949208,0.00401942,0.00771646,-0.00369705,1,0,0,0,0,1,0
32199,1,0.00000000,0.98501343,98.50134289,0.00321553,0.00763930,-0.00442377,1,0,0,0,0,1,0
32299,1,0.00020487,0.98418934,98.41893398,0.00261340,0.00756496,-0.00495156,1,0,0,0,0,1,0
32399,1,0.00016106,0.98729327,98.72932683,0.00212293,0.00749092,-0.00536798,1,0,0,0,0,1,0
32499,1,0.00026195,0.98745183,98.74518260,0.00175074,0.00741863,-0.00566789,1,0,0,0,0,1,0
32599,1,0.00072883,0.99694953,99.69495291,0.00154635,0.00735173,-0.00580537,1,0,0,0,0,1,0
32699,1,0.00039119,0.99346506,99.34650644,0.00131532,0.00728212,-0.00596680,1,0,0,0,0,1,0
32799,1,0.00000000,0.97812358,97.81235776,0.00105226,0.00720930,-0.00615704,1,0,0,0,0,1,0
32899,1,0.00126992,0.98211798,98.21179783,0.00109579,0.00714991,-0.00605412,1,0,0,0,0,1,0
32999,1,0.00061498,0.98290281,98.29028077,0.00099963,0.00708456,-0.00608493,1,0,0,0,0,1,0
33099,1,0.15485027,0.92528287,92.52828734,0.03176976,0.00856222,0.02320754,1,0,0,0,0,1,0
33199,1,0.00000000,0.99223454,99.22345385,0.02541580,0.00847659,0.01693921,1,0,0,0,0,1,0
33299,1,0.00000000,0.96196535,96.19653485,0.02033264,0.00839183,0.01194082,1,0,0,0,0,1,0
33399,1,0.00000000,0.99242724,99.24272376,0.01626612,0.00830791,0.00795821,1,0,0,0,0,1,0
33499,1,0.00000000,0.98746833,98.74683273,0.01301289,0.00822483,0.00478806,1,0,0,0,0,1,0
33599,1,0.00000000,0.96458927,96.45892685,0.01041031,0.00814258,0.00226773,1,0,0,0,0,1,0
33699,1,0.00016380,0.97796509,97.79650900,0.00836101,0.00806279,0.00029822,1,0,0,0,0,1,0
33799,1,0.00000000,0.97938790,97.93878985,0.00668881,0.00798217,-0.00129336,1,0,0,0,0,1,0
33899,1,0.00000000,0.96761618,96.76161828,0.00535105,0.00790235,-0.00255130,1,0,0,0,0,1,0
33999,1,0.00055149,0.97564654,97.56465403,0.00439113,0.00782884,-0.00343770,1,0,0,0,0,1,0
34099,1,0.00050143,0.93586407,93.58640722,0.00361319,0.00775556,-0.00414237,1,0,0,0,0,1,0
34199,1,0.00014317,0.97792188,97.79218815,0.00291919,0.00767944,-0.00476025,1,0,0,0,0,1,0
34299,1,0.00156929,0.97939963,97.93996343,0.00264921,0.00761834,-0.00496913,1,0,0,0,0,1,0
34399,1,0.00061971,0.97540377,97.54037657,0.00224331,0.00754835,-0.00530504,1,0,0,0,0,1,0
34499,1,0.00136285,0.96590118,96.59011809,0.00206722,0.00748650,-0.00541928,1,0,0,0,0,1,0
34599,1,0.00011463,0.96430351,96.43035117,0.00167670,0.00741278,-0.00573608,1,0,0,0,0,1,0
34699,1,0.00000000,0.97396917,97.39691737,0.00134136,0.00733865,-0.00599729,1,0,0,0,0,1,0
34799,1,0.00055017,0.95554686,95.55468643,0.00118312,0.00727076,-0.00608764,1,0,0,0,0,1,0
34899,1,0.00049471,0.97278490,97.27849000,0.00104544,0.00720300,-0.00615757,1,0,0,0,0,1,0
34999,1,0.00037075,0.97088294,97.08829353,0.00091050,0.00713468,-0.00622418,1,0,0,0,0,1,0
35099,1,0.00039471,0.92600657,92.60065690,0.00080734,0.00706728,-0.00625994,1,0,0,0,0,1,0
35199,1,0.02293840,0.99310163,99.31016330,0.00523355,0.00722599,-0.00199244,1,0,0,0,0,1,0
35299,1,0.01490562,0.97356768,97.35676805,0.00716797,0.00730279,-0.00013482,1,0,0,0,0,1,0
35399,1,0.00000812,0.98271789,98.27178869,0.00573600,0.00722984,-0.00149384,1,0,0,0,0,1,0
35499,1,0.00039289,0.95155254,95.15525435,0.00466738,0.00716147,-0.00249410,1,0,0,0,0,1,0
35599,1,0.00000000,0.97313238,97.31323806,0.00373390,0.00708986,-0.00335596,1,0,0,0,0,1,0
35699,1,0.00000000,0.98686391,98.68639124,0.00298712,0.00701896,-0.00403184,1,0,0,0,0,1,0
35799,1,0.00000000,0.99301829,99.30182862,0.00238970,0.00694877,-0.00455907,1,0,0,0,0,1,0
35899,1,0.00000000,0.97269734,97.26973356,0.00191176,0.00687928,-0.00496752,1,0,0,0,0,1,0
35999,1,0.00000000,0.98710306,98.71030551,0.00152941,0.00681049,-0.00528108,1,0,0,0,0,1,0
36099,1,0.00000000,0.96713210,96.71320978,0.00122352,0.00674238,-0.00551886,1,0,0,0,0,1,0
36199,1,0.00000000,0.99346680,99.34668004,0.00097882,0.00667496,-0.00569614,1,0,0,0,0,1,0
36299,1,0.00000000,0.99529736,99.52973612,0.00078306,0.00660821,-0.00582516,1,0,0,0,0,1,0
36399,1,0.00000000,0.99131872,99.13187227,0.00062644,0.00654213,-0.00591568,1,0,0,0,0,1,0
36499,1,0.00000000,0.99426086,99.42608589,0.00050116,0.00647671,-0.00597555,1,0,0,0,0,1,0
36599,1,0.00000000,0.99650632,99.65063235,0.00040092,0.00641194,-0.00601102,1,0,0,0,0,1,0
36699,1,0.00000000,0.99469759,99.46975945,0.00032074,0.00634782,-0.00602708,1,0,0,0,0,1,0
36799,1,0.00000000,0.98398778,98.39877804,0.00025659,0.00628434,-0.00602775,1,0,0,0,0,1,0
36899,1,0.00000000,0.99192193,99.19219259,0.00020527,0.00622150,-0.00601623,1,0,0,0,0,1,0
36999,1,0.00000549,0.99315244,99.31524391,0.00016532,0.00615934,-0.00599402,1,0,0,0,0,1,0
37099,1,0.00772116,0.90419327,90.41932698,0.00167649,0.00617496,-0.00449847,1,0,0,0,0,1,0
37199,1,0.01522046,0.96380099,96.38009870,0.00438528,0.00626541,-0.00188013,1,0,0,0,0,1,0
37299,1,0.00000000,0.99303437,99.30343738,0.00350822,0.00620276,-0.00269453,1,0,0,0,0,1,0
37399,1,0.00000000,0.99895684,99.89568414,0.00280658,0.00614073,-0.00333415,1,0,0,0,0,1,0
37499,1,0.00000000,0.99817018,99.81701823,0.00224526,0.00607932,-0.00383406,1,0,0,0,0,1,0
37599,1,0.00000000,0.98728470,98.72847033,0.00179621,0.00601853,-0.00422232,1,0,0,0,0,1,0
37699,1,0.00000000,0.99743008,99.74300843,0.00143697,0.00595835,-0.00452138,1,0,0,0,0,1,0
37799,1,0.00000000,0.98726373,98.72637279,0.00114957,0.00589876,-0.00474919,1,0,0,0,0,1,0
37899,1,0.00000000,0.99908034,99.90803356,0.00091966,0.00583977,-0.00492011,1,0,0,0,0,1,0
37999,1,0.00000000,0.99170532,99.17053158,0.00073573,0.00578138,-0.00504565,1,0,0,0,0,1,0
38099,1,0.00000000,0.96299251,96.29925137,0.00058858,0.00572356,-0.00513498,1,0,0,0,0,1,0
38199,1,0.00000000,0.99098367,99.09836739,0.00047087,0.00566633,-0.00519546,1,0,0,0,0,1,0
38299,1,0.00000000,0.98873422,98.87342229,0.00037669,0.00560966,-0.00523297,1,0,0,0,0,1,0
38399,1,0.00000000,0.99397909,99.39790933,0.00030135,0.00555357,-0.00525221,1,0,0,0,0,1,0
38499,1,0.00000000,0.99038813,99.03881276,0.00024108,0.00549803,-0.00525695,1,0,0,0,0,1,0
38599,1,0.00000000,0.99155466,99.15546600,0.00019287,0.00544305,-0.00525018,1,0,0,0,0,1,0
38699,1,0.00000000,0.99552730,99.55273034,0.00015429,0.00538862,-0.00523433,1,0,0,0,0,1,0
38799,1,0.00000000,0.99440002,99.44000248,0.00012343,0.00533473,-0.00521130,1,0,0,0,0,1,0
38899,1,0.00000000,0.99823887,99.82388693,0.00009875,0.00528139,-0.00518264,1,0,0,0,0,1,0
38999,1,0.00000000,0.99727925,99.72792488,0.00007900,0.00522857,-0.00514957,1,0,0,0,0,1,0
39099,1,0.02548066,0.94554134,94.55413427,0.00515933,0.00543109,-0.00027176,1,0,0,0,0,1,0
39199,1,0.00000000,0.99693005,99.69300505,0.00412746,0.00537678,-0.00124932,1,0,0,0,0,1,0
39299,1,0.00000000,0.98268427,98.26842668,0.00330197,0.00532302,-0.00202104,1,0,0,0,0,1,0
39399,1,0.00000000,0.99077682,99.07768248,0.00264158,0.00526979,-0.00262821,1,0,0,0,0,1,0
39499,1,0.00000000,0.99328422,99.32842208,0.00211326,0.00521709,-0.00310383,1,0,0,0,0,1,0
39599,1,0.00000000,0.99685604,99.68560396,0.00169061,0.00516492,-0.00347431,1,0,0,0,0,1,0
39699,1,0.00000000,0.99129250,99.12924985,0.00135249,0.00511327,-0.00376078,1,0,0,0,0,1,0
39799,1,0.00000000,0.98315051,98.31505107,0.00108199,0.00506213,-0.00398014,1,0,0,0,0,1,0
39899,1,0.00000000,0.98890578,98.89057790,0.00086559,0.00501151,-0.00414592,1,0,0,0,0,1,0
39999,1,0.00000000,0.98557978,98.55797791,0.00069247,0.00496140,-0.00426892,1,0,0,0,0,1,0
40099,1,0.00000000,0.93990004,93.99000431,0.00055398,0.00491178,-0.00435781,1,0,0,0,0,1,0
40199,1,0.00000000,0.97854695,97.85469499,0.00044318,0.00486267,-0.00441948,1,0,0,0,0,1,0
40299,1,0.00000000,0.97597878,97.59787843,0.00035455,0.00481404,-0.00445949,1,0,0,0,0,1,0
40399,1,0.00000000,0.99127766,99.12776629,0.00028364,0.00476590,-0.00448226,1,0,0,0,0,1,0
40499,1,0.00000000,0.99515477,99.51547726,0.00022691,0.00471824,-0.00449133,1,0,0,0,0,1,0
40599,1,0.00000000,0.98826884,98.82688426,0.00018153,0.00467106,-0.00448953,1,0,0,0,0,1,0
40699,1,0.00000000,0.98534649,98.53464877,0.00014522,0.00462435,-0.00447912,1,0,0,0,0,1,0
40799,1,0.00000000,0.99194811,99.19481075,0.00011618,0.00457810,-0.00446193,1,0,0,0,0,1,0
40899,1,0.00006321,0.99757633,99.75763290,0.00010558,0.00453295,-0.00442737,1,0,0,0,0,1,0
40999,1,0.00000000,0.99698364,99.69836421,0.00008447,0.00448763,-0.00440316,1,0,0,0,0,1,0
41099,1,0.00000000,0.97325232,97.32523208,0.00006757,0.00444275,-0.00437518,1,0,0,0,0,1,0
41199,1,0.00000000,0.99847728,99.84772751,0.00005406,0.00439832,-0.00434426,1,0,0,0,0,1,0
41299,1,0.00000000,0.99662247,99.66224691,0.00004325,0.00435434,-0.00431109,1,0,0,0,0,1,0
41399,1,0.00000000,0.99605758,99.60575773,0.00003460,0.00431079,-0.00427620,1,0,0,0,0,1,0
41499,1,0.00000000,0.99120226,99.12022641,0.00002768,0.00426769,-0.00424001,1,0,0,0,0,1,0
41599,1,0.00000000,0.99298019,99.29801856,0.00002214,0.00422501,-0.00420287,1,0,0,0,0,1,0
41699,1,0.00000000,0.99189465,99.18946523,0.00001771,0.00418276,-0.00416505,1,0,0,0,0,1,0
41799,1,0.00000000,0.99168414,99.16841406,0.00001417,0.00414093,-0.00412676,1,0,0,0,0,1,0
41899,1,0.00000000,0.99291527,99.29152679,0.00001134,0.00409952,-0.00408819,1,0,0,0,0,1,0
41999,1,0.00000000,0.98669071,98.66907142,0.00000907,0.00405853,-0.00404946,1,0,0,0,0,1,0
42099,1,0.00000000,0.95289251,95.28925093,0.00000726,0.00401794,-0.00401069,1,0,0,0,0,1,0
42199,1,0.00000000,0.99258285,99.25828539,0.00000580,0.00397776,-0.00397196,1,0,0,0,0,1,0
42299,1,0.00000000,0.99524160,99.52416001,0.00000464,0.00393799,-0.00393334,1,0,0,0,0,1,0
42399,1,0.00000000,0.99756448,99.75644816,0.00000371,0.00389861,-0.00389489,1,0,0,0,0,1,0
42499,1,0.00000000,0.99434677,99.43467689,0.00000297,0.00385962,-0.00385665,1,0,0,0,0,1,0
42599,1,0.00000000,0.99339329,99.33932919,0.00000238,0.00382102,-0.00381865,1,0,0,0,0,1,0
42699,1,0.00000000,0.99452968,99.45296807,0.00000190,0.00378281,-0.00378091,1,0,0,0,0,1,0
42799,1,0.00000000,0.99407900,99.40789962,0.00000152,0.00374498,-0.00374346,1,0,0,0,0,1,0
42899,1,0.00000000,0.98825557,98.82555685,0.00000122,0.00370754,-0.00370632,1,0,0,0,0,1,0
42999,1,0.00000000,0.98448408,98.44840783,0.00000097,0.00367046,-0.00366949,1,0,0,0,0,1,0
43099,1,0.00113512,0.95753110,95.75311033,0.00022780,0.00364511,-0.00341730,1,0,0,0,0,1,0
43199,1,0.00000000,0.99679301,99.67930050,0.00018224,0.00360866,-0.00342641,1,0,0,0,0,1,0
43299,1,0.00000000,0.99257347,99.25734701,0.00014579,0.00357257,-0.00342677,1,0,0,0,0,1,0
43399,1,0.00000000,0.99910116,99.91011593,0.00011664,0.00353684,-0.00342021,1,0,0,0,0,1,0
43499,1,0.00000000,0.99709153,99.70915266,0.00009331,0.00350147,-0.00340817,1,0,0,0,0,1,0
43599,1,0.00000000,0.99959907,99.95990727,0.00007465,0.00346646,-0.00339181,1,0,0,0,0,1,0
43699,1,0.00000000,0.99355755,99.35575538,0.00005972,0.00343180,-0.00337208,1,0,0,0,0,1,0
43799,1,0.00000000,0.99561742,99.56174197,0.00004777,0.00339748,-0.00334970,1,0,0,0,0,1,0
43899,1,0.00000000,0.99287423,99.28742288,0.00003822,0.00336350,-0.00332528,1,0,0,0,0,1,0
43999,1,0.00000000,0.99025692,99.02569208,0.00003058,0.00332987,-0.00329929,1,0,0,0,0,1,0
44099,1,0.00006639,0.98273318,98.27331756,0.00003774,0.00329723,-0.00325949,1,0,0,0,0,1,0
44199,1,0.00046952,0.99226762,99.22676220,0.00012410,0.00326896,-0.00314486,1,0,0,0,0,1,0
44299,1,0.00000000,0.99531775,99.53177526,0.00009928,0.00323627,-0.00313699,1,0,0,0,0,1,0
44399,1,0.00000000,0.98573223,98.57322277,0.00007942,0.00320390,-0.00312448,1,0,0,0,0,1,0
44499,1,0.00000000,0.99607680,99.60768003,0.00006354,0.00317186,-0.00310833,1,0,0,0,0,1,0
44599,1,0.00000000,0.99540729,99.54072940,0.00005083,0.00314015,-0.00308932,1,0,0,0,0,1,0
44699,1,0.00000000,0.99761995,99.76199498,0.00004066,0.00310874,-0.00306808,1,0,0,0,0,1,0
44799,1,0.00000000,0.98630860,98.63085996,0.00003253,0.00307766,-0.00304513,1,0,0,0,0,1,0
44899,1,0.00068059,0.99234598,99.23459758,0.00016214,0.00305369,-0.00289154,1,0,0,0,0,1,0
44999,1,0.00000000,0.99908964,99.90896424,0.00012971,0.00302315,-0.00289343,1,0,0,0,0,1,0
45099,1,0.00476088,0.98169859,98.16985864,0.00105595,0.00304053,-0.00198458,1,0,0,0,0,1,0
45199,1,0.00000000,0.99897290,99.89729034,0.00084476,0.00301012,-0.00216536,1,0,0,0,0,1,0
45299,1,0.00000000,0.99889215,99.88921475,0.00067581,0.00298002,-0.00230421,1,0,0,0,0,1,0
45399,1,0.00000000,0.99912790,99.91279001,0.00054065,0.00295022,-0.00240957,1,0,0,0,0,1,0
45499,1,0.00000000,0.99885210,99.88521013,0.00043252,0.00292072,-0.00248820,1,0,0,0,0,1,0
45599,1,0.00000000,0.99733837,99.73383692,0.00034601,0.00289151,-0.00254550,1,0,0,0,0,1,0
45699,1,0.00000000,0.99109615,99.10961458,0.00027681,0.00286260,-0.00258579,1,0,0,0,0,1,0
45799,1,0.00000000,0.99560671,99.56067140,0.00022145,0.00283397,-0.00261252,1,0,0,0,0,1,0
45899,1,0.00000000,0.97455885,97.45588489,0.00017716,0.00280563,-0.00262847,1,0,0,0,0,1,0
45999,1,0.00000000,0.99815322,99.81532207,0.00014173,0.00277757,-0.00263585,1,0,0,0,0,1,0
46099,1,0.00000000,0.96552189,96.55218858,0.00011338,0.00274980,-0.00263642,1,0,0,0,0,1,0
46199,1,0.00114126,0.99739173,99.73917255,0.00031896,0.00273371,-0.00241476,1,0,0,0,0,1,0
46299,1,0.00000000,0.99876421,99.87642067,0.00025517,0.00270638,-0.00245121,1,0,0,0,0,1,0
46399,1,0.00000000,0.99917356,99.91735649,0.00020413,0.00267931,-0.00247518,1,0,0,0,0,1,0
46499,1,0.00000000,0.99868144,99.86814353,0.00016331,0.00265252,-0.00248921,1,0,0,0,0,1,0
46599,1,0.00000000,0.99689206,99.68920561,0.00013064,0.00262599,-0.00249535,1,0,0,0,0,1,0
46699,1,0.00000000,0.99597038,99.59703776,0.00010452,0.00259973,-0.00249522,1,0,0,0,0,1,0
46799,1,0.00000000,0.99959903,99.95990348,0.00008361,0.00257374,-0.00249012,1,0,0,0,0,1,0
46899,1,0.00000000,0.99951710,99.95171027,0.00006689,0.00254800,-0.00248111,1,0,0,0,0,1,0
46999,1,0.00000000,0.99910064,99.91006376,0.00005351,0.00252252,-0.00246901,1,0,0,0,0,1,0
47099,1,0.00000000,0.97292933,97.29293321,0.00004281,0.00249729,-0.00245448,1,0,0,0,0,1,0
47199,1,0.00000000,0.99913968,99.91396823,0.00003425,0.00247232,-0.00243807,1,0,0,0,0,1,0
47299,1,0.00000000,0.99577356,99.57735610,0.00002740,0.00244760,-0.00242020,1,0,0,0,0,1,0
47399,1,0.00000000,0.99320826,99.32082616,0.00002192,0.00242312,-0.00240120,1,0,0,0,0,1,0
47499,1,0.00000000,0.99768386,99.76838600,0.00001753,0.00239889,-0.00238136,1,0,0,0,0,1,0
47599,1,0.00000000,0.99967320,99.96731959,0.00001403,0.00237490,-0.00236087,1,0,0,0,0,1,0
47699,1,0.00000000,0.99996553,99.99655283,0.00001122,0.00235115,-0.00233993,1,0,0,0,0,1,0
47799,1,0.00000000,0.99875034,99.87503415,0.00000898,0.00232764,-0.00231866,1,0,0,0,0,1,0
47899,1,0.00000000,0.99933957,99.93395680,0.00000718,0.00230436,-0.00229718,1,0,0,0,0,1,0
47999,1,0.00000000,0.99984506,99.98450572,0.00000575,0.00228132,-0.00227557,1,0,0,0,0,1,0
48099,1,0.00000000,0.96001488,96.00148756,0.00000460,0.00225851,-0.00225391,1,0,0,0,0,1,0
48199,1,0.00000000,0.99950949,99.95094914,0.00000368,0.00223592,-0.00223225,1,0,0,0,0,1,0
48299,1,0.00000000,0.99454373,99.45437289,0.00000294,0.00221356,-0.00221062,1,0,0,0,0,1,0
48399,1,0.00000000,0.99517176,99.51717633,0.00000235,0.00219143,-0.00218907,1,0,0,0,0,1,0
48499,1,0.00000000,0.99209293,99.20929332,0.00000188,0.00216951,-0.00216763,1,0,0,0,0,1,0
48599,1,0.00000000,0.99796777,99.79677692,0.00000151,0.00214782,-0.00214631,1,0,0,0,0,1,0
48699,1,0.00000000,0.99444659,99.44465891,0.00000120,0.00212634,-0.00212513,1,0,0,0,0,1,0
48799,1,0.00000000,0.99980565,99.98056521,0.00000096,0.00210508,-0.00210411,1,0,0,0,0,1,0
48899,1,0.00000000,0.99810895,99.81089496,0.00000077,0.00208403,-0.00208325,1,0,0,0,0,1,0
48999,1,0.00021228,0.99968431,99.96843106,0.00004307,0.00206531,-0.00202224,1,0,0,0,0,1,0
49099,1,0.00207955,0.95484765,95.48476467,0.00045037,0.00206545,-0.00161508,1,0,0,0,0,1,0
49199,1,0.00000000,0.99716759,99.71675927,0.00036030,0.00204480,-0.00168450,1,0,0,0,0,1,0
49299,1,0.00000000,0.99445454,99.44545433,0.00028824,0.00202435,-0.00173611,1,0,0,0,0,1,0
49399,1,0.00000000,0.99805142,99.80514182,0.00023059,0.00200410,-0.00177352,1,0,0,0,0,1,0
49499,1,0.00000000,0.99343966,99.34396587,0.00018447,0.00198406,-0.00179959,1,0,0,0,0,1,0
49599,1,0.00000000,0.99919951,99.91995123,0.00014758,0.00196422,-0.00181665,1,0,0,0,0,1,0
49699,1,0.00000000,0.99316398,99.31639835,0.00011806,0.00194458,-0.00182652,1,0,0,0,0,1,0
49799,1,0.00000000,0.98603968,98.60396803,0.00009445,0.00192514,-0.00183069,1,0,0,0,0,1,0
49899,1,0.00000000,0.99954516,99.95451648,0.00007556,0.00190588,-0.00183032,1,0,0,0,0,1,0
49999,1,0.00000000,0.99886912,99.88691174,0.00006045,0.00188682,-0.00182638,1,0,0,0,0,1,0
50099,1,0.14781093,0.98384365,98.38436456,0.02961054,0.00334607,0.02626448,1,0,0,0,0,1,0
50199,1,0.67135826,0.97639080,97.63907981,0.15796009,0.01002619,0.14793390,1,0,0,0,0,1,0
50299,1,0.47401093,0.99976642,99.97664167,0.22117025,0.01466604,0.20650422,1,0,1,0,0,1,0
50399,1,0.55871638,0.99204300,99.20429977,0.28867948,0.02010654,0.26857294,1,0,2,0,0,1,0
50499,1,0.38225091,0.99407325,99.40732462,0.30739376,0.02372798,0.28366578,0,1,0,0,0,1,0
60599,0,0.00000000,0.03431318,3.43131815,nan,nan,nan,0,0,0,0,0,0,20
60699,0,0.00123142,0.13991959,13.99195915,nan,nan,nan,0,0,0,0,0,0,20
60799,1,0.00040535,0.25485812,25.48581231,0.00040535,0.00040535,0.00000000,0,0,0,0,0,0,19
60899,1,0.00076907,0.29702601,29.70260077,0.00047809,0.00040898,0.00006911,0,0,0,0,0,0,18
60999,1,0.00288295,0.39457984,39.45798356,0.00095906,0.00043372,0.00052534,0,0,0,0,0,0,17
61099,0,0.00150627,0.11042286,11.04228648,0.00095906,0.00043372,0.00052534,0,0,0,0,0,0,17
61199,1,0.00000000,0.48886329,48.88632861,0.00076725,0.00042939,0.00033786,0,0,0,0,0,0,16
61299,1,0.00023903,0.52842221,52.84222131,0.00066161,0.00042748,0.00023412,0,0,0,0,0,0,15
61399,1,0.00071053,0.57359669,57.35966853,0.00067139,0.00043031,0.00024108,0,0,0,0,0,0,14
61499,1,0.00004061,0.65104227,65.10422734,0.00054524,0.00042642,0.00011882,0,0,0,0,0,0,13
61599,1,0.00221316,0.62385176,62.38517611,0.00087882,0.00044428,0.00043454,0,0,0,0,0,0,12
61699,1,0.00595796,0.61009852,61.00985228,0.00189465,0.00049942,0.00139523,0,0,0,0,0,0,11
61799,1,0.00661185,0.61329810,61.32981016,0.00283809,0.00056054,0.00227754,0,0,0,0,0,0,10
61899,1,0.00151047,0.72462032,72.46203182,0.00257256,0.00057004,0.00200252,0,0,0,0,0,0,9
61999,1,0.01347665,0.74721235,74.72123464,0.00475338,0.00069911,0.00405427,0,0,0,0,0,0,8
62099,0,0.06612281,0.12688697,12.68869669,0.00475338,0.00069911,0.00405427,0,0,0,0,0,0,8
62199,1,0.00000000,0.61206217,61.20621730,0.00380270,0.00069212,0.00311059,0,0,0,0,0,0,7
62299,1,0.00045877,0.78008179,78.00817869,0.00313392,0.00068979,0.00244413,0,0,0,0,0,0,6
62399,1,0.00000000,0.82669232,82.66923225,0.00250713,0.00068289,0.00182425,0,0,0,0,0,0,5
62499,1,0.00020087,0.76509516,76.50951624,0.00204588,0.00067807,0.00136782,0,0,0,0,0,0,4
62599,1,0.00000000,0.77404230,77.40422975,0.00163671,0.00067129,0.00096542,0,0,0,0,0,0,3
62699,1,0.00000000,0.80657054,80.65705365,0.00130936,0.00066457,0.00064479,0,0,0,0,0,0,2
62799,1,0.00000000,0.79778664,79.77866412,0.00104749,0.00065793,0.00038956,0,0,0,0,0,0,1
62899,1,0.00000000,0.81079727,81.07972709,0.00083799,0.00065135,0.00018664,0,0,0,0,0,0,0
62999,1,0.00000000,0.86170395,86.17039516,0.00067039,0.00064484,0.00002556,0,0,0,1,0,0,0
63099,1,0.00057724,0.53457289,53.45728893,0.00065176,0.00064416,0.00000760,0,0,0,2,0,0,0
63199,1,0.00000000,0.84822202,84.82220169,0.00052141,0.00063772,-0.00011631,0,0,0,3,0,0,0
63299,1,0.00000000,0.84818212,84.81821220,0.00041713,0.00063134,-0.00021421,1,0,0,0,0,1,0
63399,1,0.00000000,0.86411256,86.41125580,0.00033370,0.00062503,-0.00029132,1,0,0,0,0,1,0
63499,1,0.00000000,0.87963447,87.96344725,0.00026696,0.00061878,-0.00035181,1,0,0,0,0,1,0
63599,1,0.00212452,0.87986036,87.98603580,0.00063847,0.00063383,0.00000464,1,0,0,0,0,1,0
63699,1,0.00488692,0.88682422,88.68242175,0.00148816,0.00067637,0.00081180,1,0,0,0,0,1,0
63799,1,0.00455748,0.86635063,86.63506312,0.00210203,0.00071518,0.00138685,1,0,0,0,0,1,0
63899,1,0.00289628,0.90679443,90.67944340,0.00226088,0.00073699,0.00152389,1,0,0,0,0,1,0
63999,1,0.00450667,0.92465728,92.46572796,0.00271004,0.00077468,0.00193535,1,0,0,0,0,1,0
64099,1,0.00027272,0.56094898,56.09489762,0.00222257,0.00076966,0.00145291,1,0,0,0,0,1,0
64199,1,0.00372865,0.84255619,84.25561895,0.00252379,0.00079925,0.00172453,1,0,0,0,0,1,0
64299,1,0.00262614,0.94023920,94.02392046,0.00254426,0.00081752,0.00172674,1,0,0,0,0,1,0
64399,1,0.00292805,0.90325596,90.32559599,0.00262102,0.00083863,0.00178239,1,0,0,0,0,1,0
64499,1,0.00103579,0.94454873,94.45487279,0.00230397,0.00084060,0.00146337,1,0,0,0,0,1,0
64599,1,0.00104060,0.89141021,89.14102106,0.00205130,0.00084260,0.00120870,1,0,0,0,0,1,0
64699,1,0.00000000,0.92174839,92.17483883,0.00164104,0.00083417,0.00080686,1,0,0,0,0,1,0
64799,1,0.00064074,0.85100571,85.10057073,0.00144098,0.00083224,0.00060874,1,0,0,0,0,1,0
64899,1,0.00000000,0.84078519,84.07851859,0.00115278,0.00082392,0.00032887,1,0,0,0,0,1,0
64999,1,0.00000000,0.85945130,85.94513009,0.00092223,0.00081568,0.00010655,1,0,0,0,0,1,0
65099,1,0.02089799,0.29996691,29.99669107,0.00491738,0.00101650,0.00390088,1,0,0,0,0,1,0
65199,1,0.72255973,0.50872828,50.87282785,0.14844585,0.00823193,0.14021391,1,0,0,0,0,1,0
65299,1,1.00000000,0.58900127,58.90012698,0.31875668,0.01814961,0.30060706,1,0,1,0,0,1,0
65399,1,0.99105369,0.61503194,61.50319446,0.45321608,0.02787866,0.42533743,1,0,2,0,0,1,0
65499,1,0.98727669,0.37212442,37.21244181,0.56002820,0.03747264,0.52255557,0,1,0,0,0,1,0
75599,0,0.00000000,0.06922211,6.92221140,nan,nan,nan,0,0,0,0,0,0,20
75699,0,0.00000000,0.24617848,24.61784830,nan,nan,nan,0,0,0,0,0,0,20
75799,1,0.00000000,0.37435310,37.43531020,0.00000000,0.00000000,0.00000000,0,0,0,0,0,0,19
75899,1,0.00000000,0.47268561,47.26856139,0.00000000,0.00000000,0.00000000,0,0,0,0,0,0,18
75999,1,0.00000000,0.54261836,54.26183595,0.00000000,0.00000000,0.00000000,0,0,0,0,0,0,17
76099,0,0.14846646,0.05034858,5.03485777,0.00000000,0.00000000,0.00000000,0,0,0,0,0,0,17
76199,1,0.00011443,0.47304352,47.30435222,0.00002289,0.00000114,0.00002174,0,0,0,0,0,0,16
76299,1,0.00000000,0.64005849,64.00584880,0.00001831,0.00000113,0.00001718,0,0,0,0,0,0,15
76399,1,0.00000000,0.67190882,67.19088166,0.00001465,0.00000112,0.00001353,0,0,0,0,0,0,14
76499,1,0.00033296,0.65494148,65.49414810,0.00007831,0.00000444,0.00007387,0,0,0,0,0,0,13
76599,1,0.00000740,0.75086618,75.08661829,0.00006413,0.00000447,0.00005966,0,0,0,0,0,0,12
76699,1,0.00045839,0.77329193,77.32919255,0.00014298,0.00000901,0.00013397,0,0,0,0,0,0,11
76799,1,0.00000000,0.82426591,82.42659142,0.00011439,0.00000892,0.00010547,0,0,0,0,0,0,10
76899,1,0.00160162,0.80175596,80.17559553,0.00041183,0.00002485,0.00038699,0,0,0,0,0,0,9
76999,1,0.00000000,0.77998856,77.99885567,0.00032947,0.00002460,0.00030487,0,0,0,0,0,0,8
77099,0,0.22066130,0.24164633,24.16463292,0.00032947,0.00002460,0.00030487,0,0,0,0,0,0,8
77199,1,0.01867850,0.70703770,70.70376976,0.00399927,0.00021114,0.00378814,0,0,0,0,0,0,7
77299,1,0.00000000,0.87676712,87.67671223,0.00319942,0.00020902,0.00299039,0,0,0,0,0,0,6
77399,1,0.00000000,0.86649992,86.64999231,0.00255953,0.00020693,0.00235260,0,0,0,0,0,0,5
77499,1,0.00054272,0.91378427,91.37842750,0.00215617,0.00021029,0.00194588,0,0,0,0,0,0,4
77599,1,0.00000000,0.89508139,89.50813888,0.00172494,0.00020819,0.00151675,0,0,0,0,0,0,3
77699,1,0.00000000,0.91875244,91.87524393,0.00137995,0.00020611,0.00117384,0,0,0,0,0,0,2
77799,1,0.00000000,0.91919632,91.91963218,0.00110396,0.00020405,0.00089991,0,0,0,0,0,0,1
77899,1,0.00042418,0.91735363,91.73536258,0.00096800,0.00020625,0.00076175,0,0,0,0,0,0,0
77999,1,0.00000000,0.94251729,94.25172869,0.00077440,0.00020419,0.00057022,0,0,0,1,0,0,0
78099,1,0.02467801,0.29514872,29.51487173,0.00555512,0.00044892,0.00510620,0,0,0,2,0,0,0
78199,1,0.00000000,0.91207089,91.20708892,0.00444410,0.00044443,0.00399966,0,0,0,3,0,0,0
78299,1,0.00000000,0.94387095,94.38709542,0.00355528,0.00043999,0.00311529,1,0,0,0,0,1,0
78399,1,0.00000000,0.96795115,96.79511496,0.00284422,0.00043559,0.00240863,1,0,0,0,0,1,0
78499,1,0.00185266,0.95390458,95.39045816,0.00264591,0.00044976,0.00219615,1,0,0,0,0,1,0
78599,1,0.00000000,0.92311000,92.31100011,0.00211673,0.00044526,0.00167146,1,0,0,0,0,1,0
78699,1,0.00134112,0.93556005,93.55600473,0.00196161,0.00045422,0.00150738,1,0,0,0,0,1,0
78799,1,0.00000000,0.94381659,94.38165909,0.00156929,0.00044968,0.00111961,1,0,0,0,0,1,0
78899,1,0.00079504,0.94539697,94.53969671,0.00141444,0.00045313,0.00096130,1,0,0,0,0,1,0
78999,1,0.00027413,0.93284674,93.28467371,0.00118637,0.00045134,0.00073503,1,0,0,0,0,1,0
79099,1,0.03291990,0.32231561,32.23156079,0.00753308,0.00077603,0.00675705,1,0,0,0,0,1,0
79199,1,0.00000000,0.91089656,91.08965640,0.00602646,0.00076827,0.00525820,1,0,0,0,0,1,0
79299,1,0.00067574,0.93115631,93.11563142,0.00495632,0.00076734,0.00418898,1,0,0,0,0,1,0
79399,1,0.00000000,0.93617785,93.61778494,0.00396505,0.00075967,0.00320539,1,0,0,0,0,1,0
79499,1,0.00011000,0.95863804,95.86380413,0.00319404,0.00075317,0.00244087,1,0,0,0,0,1,0
79599,1,0.00000000,0.96510417,96.51041691,0.00255523,0.00074564,0.00180959,1,0,0,0,0,1,0
79699,1,0.00001083,0.93240796,93.24079615,0.00204635,0.00073829,0.00130806,1,0,0,0,0,1,0
79799,1,0.00091652,0.95599274,95.59927429,0.00182039,0.00074008,0.00108031,1,0,0,0,0,1,0
79899,1,0.00102003,0.94707779,94.70777914,0.00166031,0.00074287,0.00091744,1,0,0,0,0,1,0
79999,1,0.00211746,0.95863891,95.86389088,0.00175174,0.00075662,0.00099512,1,0,0,0,0,1,0
80099,1,0.00080370,0.82643727,82.64372686,0.00156213,0.00075709,0.00080504,1,0,0,0,0,1,0
80199,1,0.00944933,0.93788425,93.78842495,0.00313957,0.00084401,0.00229556,1,0,0,0,0,1,0
80299,1,0.00185995,0.94785239,94.78523859,0.00288365,0.00085417,0.00202947,1,0,0,0,0,1,0
80399,1,0.00000000,0.96392453,96.39245345,0.00230692,0.00084563,0.00146129,1,0,0,0,0,1,0
80499,1,0.00059178,0.94721260,94.72126039,0.00196389,0.00084309,0.00112080,1,0,0,0,0,1,0
80599,1,0.00022176,0.96770305,96.77030516,0.00161546,0.00083688,0.00077859,1,0,0,0,0,1,0
80699,1,0.00000000,0.96022530,96.02253008,0.00129237,0.00082851,0.00046386,1,0,0,0,0,1,0
80799,1,0.00085960,0.95802652,95.80265221,0.00120582,0.00082882,0.00037700,1,0,0,0,0,1,0
80899,1,0.00077891,0.96151191,96.15119059,0.00112043,0.00082832,0.00029211,1,0,0,0,0,1,0
80999,1,0.00190182,0.94550205,94.55020481,0.00127671,0.00083906,0.00043765,1,0,0,0,0,1,0
81099,1,0.00656216,0.56311142,56.31114171,0.00233380,0.00089629,0.00143751,1,0,0,0,0,1,0
81199,1,0.00036174,0.97672349,97.67234868,0.00193939,0.00089094,0.00104845,1,0,0,0,0,1,0
81299,1,0.00014094,0.94565450,94.56545018,0.00157970,0.00088344,0.00069626,1,0,0,0,0,1,0
81399,1,0.00000000,0.96407653,96.40765250,0.00126376,0.00087461,0.00038915,1,0,0,0,0,1,0
81499,1,0.00111640,0.96499259,96.49925902,0.00123429,0.00087703,0.00035726,1,0,0,0,0,1,0
81599,1,0.00003396,0.94518152,94.51815232,0.00099422,0.00086860,0.00012563,1,0,0,0,0,1,0
81699,1,0.00099244,0.96042218,96.04221815,0.00099387,0.00086983,0.00012403,1,0,0,0,0,1,0
81799,1,0.00018776,0.97848474,97.84847422,0.00083265,0.00086301,-0.00003037,1,0,0,0,0,1,0
81899,1,0.00000000,0.97021612,97.02161159,0.00066612,0.00085438,-0.00018827,1,0,0,0,0,1,0
81999,1,0.00026029,0.96780833,96.78083262,0.00058495,0.00084844,-0.00026349,1,0,0,0,0,1,0
82099,1,0.30612507,0.54261873,54.26187277,0.06169297,0.00390121,0.05779177,1,0,0,0,0,1,0
82199,1,0.77729630,0.78884991,78.88499143,0.20481364,0.01163516,0.19317848,1,0,1,0,0,1,0
82299,1,0.88624234,0.84070637,84.07063732,0.34109938,0.02038123,0.32071815,1,0,2,0,0,1,0
82399,1,0.90751534,0.76564883,76.56488299,0.45438257,0.02925257,0.42513000,0,1,0,0,0,1,0
