block_index,step,E_k,W_k,mean_familiarity,mean_surprise,regime_change
0,10099,0.00002948,0.00000000,0.01495434,0.99032395,0
1,10199,0.00019084,0.00000000,0.05107159,0.80820477,0
2,10299,0.00084262,0.00000000,0.08524847,0.82416399,0
3,10399,0.00240509,0.00000000,0.14120635,0.63080920,0
4,10499,0.00212777,0.00000000,0.15976975,0.55925475,0
5,10599,0.00554288,0.00000000,0.20165713,0.51824534,0
6,10699,0.00638119,0.00000000,0.21775841,0.52437784,0
7,10799,0.01498940,0.00000000,0.31668239,0.48772038,0
8,10899,0.02002606,0.00000000,0.36846756,0.45769522,0
9,10999,0.02981558,0.00000000,0.37258410,0.57076452,0
10,11099,0.08076414,0.00000000,0.39927595,0.83086236,0
11,11199,0.03415291,0.00000000,0.34162931,0.69434864,0
12,11299,0.04299704,0.00000000,0.43312865,0.49085171,0
13,11399,0.05407273,0.00000000,0.46062025,0.53858376,0
14,11499,0.05986133,0.00000000,0.46009829,0.55592133,0
15,11599,0.07479398,0.00000000,0.51551097,0.48457235,0
16,11699,0.09083252,0.00000000,0.56641251,0.45646418,0
17,11799,0.10371226,0.00000000,0.58857322,0.50700107,0
18,11899,0.12897520,0.00000000,0.61420112,0.51504517,0
19,11999,0.13108685,0.00000000,0.64926037,0.48627119,0
20,12099,0.13478787,0.00000000,0.55081973,0.80262142,0
21,12199,0.16293242,0.00000000,0.71671497,0.45186135,0
22,12299,0.17276383,0.00000000,0.70212386,0.47272451,0
23,12399,0.18543697,0.00000000,0.68766649,0.50392176,0
24,12499,0.19364310,0.00000000,0.72385283,0.50690563,0
25,12599,0.22574959,0.00000000,0.76170534,0.49592918,0
26,12699,0.24932644,0.00000000,0.78774918,0.48586970,0
27,12799,0.23317770,0.00000000,0.77092912,0.54280603,0
28,12899,0.25285596,0.00000000,0.77219437,0.55557076,0
29,12999,0.27349256,0.00000000,0.72013323,0.66522036,0
30,13099,0.32249097,0.00000000,0.60562964,1.09636730,0
31,13199,0.41258036,0.00000000,0.76138003,0.86506436,0
32,13299,0.38791495,0.00000000,0.70632331,0.90033647,0
33,13399,0.32019756,0.00000000,0.69069285,0.93916596,0
34,13499,0.28644909,0.00000000,0.80776986,0.49946854,0
35,13599,0.26774859,0.00000000,0.88031395,0.40737206,0
36,13699,0.27637695,0.00000000,0.85035036,0.43306137,0
37,13799,0.29280414,0.00000000,0.83466679,0.47885119,0
38,13899,0.32437026,0.00000000,0.83897922,0.49560669,0
39,13999,0.31985862,0.00000000,0.89251721,0.46436145,0
40,14099,0.45438853,0.00000000,0.72008641,1.06889689,0
41,14199,0.34999957,0.00000000,0.80467656,0.71593187,0
42,14299,0.33800465,0.00000000,0.85137869,0.55305238,0
43,14399,0.36471503,0.00000000,0.82535868,0.56641894,0
44,14499,0.33225075,0.00000000,0.86297826,0.50673724,0
45,14599,0.31558802,0.00000000,0.87271598,0.47702595,0
46,14699,0.34063602,0.00000000,0.87841221,0.48849935,0
47,14799,0.35227490,0.00000000,0.88954687,0.49171672,0
48,14899,0.39713322,0.00000000,0.89210589,0.55317630,0
49,14999,0.40954202,0.00000000,0.93366121,0.50817433,0
50,15099,0.59366458,0.00000000,0.74174309,1.15134856,0
51,15199,0.46513789,0.00000000,0.77132508,0.92119504,0
52,15299,0.54609932,0.00000000,0.81470141,0.86214029,0
53,15399,0.65352289,0.05352289,0.83211470,0.95885188,0
54,15499,0.39981022,0.00000000,0.75867448,0.77560618,0
55,15599,0.48633209,0.00000000,0.87850360,0.68384864,0
56,15699,0.45944191,0.00000000,0.93526338,0.54557132,0
57,15799,0.45468982,0.00000000,0.91028708,0.57299444,0
58,15899,0.43610230,0.00000000,0.88964427,0.61793910,0
59,15999,0.49885116,0.00000000,0.84647997,0.77845889,0
60,16099,0.61611445,0.01611445,0.81960836,0.94796746,0
61,16199,0.33658605,0.00000000,0.90620782,0.45171524,0
62,16299,0.36842894,0.00000000,0.94617514,0.42953091,0
63,16399,0.36368615,0.00000000,0.89281804,0.49504450,0
64,16499,0.30650749,0.00000000,0.87814959,0.45367447,0
65,16599,0.41501827,0.00000000,0.90114036,0.55137906,0
66,16699,0.44235424,0.00000000,0.91250073,0.55385080,0
67,16799,0.41223031,0.00000000,0.96075808,0.46524044,0
68,16899,0.37343028,0.00000000,0.96866752,0.41185132,0
69,16999,0.43478268,0.00000000,0.92378496,0.54657087,0
70,17099,0.73125015,0.13125015,0.91637302,0.89397514,0
71,17199,0.60487993,0.13613008,0.87937938,0.82431045,0
72,17299,0.61809769,0.15422777,0.84410238,0.89083741,0
73,17399,0.57593237,0.13016013,0.90515301,0.76778201,0
74,17499,0.33000605,0.00000000,0.96258982,0.36826923,0
75,17599,0.41331831,0.00000000,0.93554513,0.50509606,0
76,17699,0.37537308,0.00000000,0.93363452,0.45159729,0
77,17799,0.46067774,0.00000000,0.96679396,0.51248688,0
78,17899,0.44364907,0.00000000,0.93711258,0.52300891,0
79,17999,0.44228395,0.00000000,0.96201652,0.48620464,0
80,18099,0.73653661,0.13653661,0.95912972,0.85106166,0
81,18199,0.61764666,0.15418327,0.85885072,0.93175964,0
82,18299,0.59516693,0.14935020,0.90242897,0.77009879,0
83,18399,0.63994476,0.18929496,0.92021222,0.82021242,0
84,18499,0.50413962,0.09343458,0.90474101,0.66797122,0
85,18599,0.47023971,0.00000000,0.89945032,0.62478786,0
86,18699,0.50674449,0.00000000,0.89958207,0.65354773,0
87,18799,0.51356533,0.00000000,0.93226477,0.61148172,0
88,18899,0.47980169,0.00000000,0.94477262,0.56469491,0
89,18999,0.51382910,0.00000000,0.93163723,0.63327289,0
90,19099,0.61080060,0.01080060,0.91574785,0.75637014,0
91,19199,0.44622112,0.00000000,0.95958290,0.50305567,0
92,19299,0.55684333,0.00000000,0.94763823,0.65370423,0
93,19399,0.60225378,0.00225378,0.92909524,0.73216223,0
94,19499,0.50372292,0.00000000,0.95377013,0.56294077,0
95,19599,0.52862999,0.00000000,0.96196160,0.61169442,0
96,19699,0.55159525,0.00000000,0.93222286,0.69276703,0
97,19799,0.40749840,0.00000000,0.95118738,0.48007121,0
98,19899,0.39983782,0.00000000,0.95357301,0.46013929,0
99,19999,0.49283177,0.00000000,0.93834470,0.58178128,0
100,20099,0.71588788,0.11588788,0.95622789,0.81444701,0
101,20199,0.54787942,0.06376730,0.96077760,0.62535224,0
102,20299,0.58227769,0.04604499,0.93364435,0.73920047,0
103,20399,0.50116064,0.00000000,0.95505515,0.57365845,0
104,20499,0.44054461,0.00000000,0.95796892,0.49391808,0
105,20599,0.40643517,0.00000000,0.97162256,0.44783187,0
106,20699,0.52784299,0.00000000,0.94719633,0.61909292,0
107,20799,0.46698308,0.00000000,0.94869523,0.53450097,0
108,20899,0.47205263,0.00000000,0.94171876,0.55644700,0
109,20999,0.47861231,0.00000000,0.94602564,0.55487385,0
110,21099,0.74964078,0.14964078,0.92145522,0.92860516,0
111,21199,0.66895264,0.21859343,0.91667143,0.82022701,0
112,21299,0.46056275,0.07915618,0.94320886,0.52468279,0
113,21399,0.47157932,0.00000000,0.97362865,0.50942544,0
114,21499,0.47859703,0.00000000,0.95703816,0.54045448,0
115,21599,0.42601719,0.00000000,0.95631057,0.48425669,0
116,21699,0.48347957,0.00000000,0.96386567,0.53116311,0
117,21799,0.48624244,0.00000000,0.97364213,0.53545069,0
118,21899,0.49944061,0.00000000,0.96891584,0.54877804,0
119,21999,0.46803160,0.00000000,0.96157258,0.51212948,0
120,22099,0.99085231,0.39085231,0.94916483,1.12041842,0
121,22199,0.68599144,0.47684375,0.97385742,0.73711183,0
122,22299,0.67986732,0.55671107,0.96008824,0.77179995,0
123,22399,0.44913055,0.40584162,0.92482817,0.51632916,0
124,22499,0.47905905,0.28490067,0.94606202,0.56003286,0
125,22599,0.48924694,0.17414761,0.94967957,0.56736176,0
126,22699,0.47444479,0.04859240,0.93603901,0.57006016,0
127,22799,0.48831914,0.00000000,0.94984106,0.55313235,0
128,22899,0.44578648,0.00000000,0.94938903,0.50552813,0
129,22999,0.48833955,0.00000000,0.97071343,0.52777331,0
130,23099,1.12191723,0.52191723,0.93400046,1.29424019,0
131,23199,0.77207823,0.69399546,0.87639879,1.00211682,0
132,23299,0.60061761,0.69461306,0.96576988,0.63354681,0
133,23399,0.63406710,0.72868016,0.98091813,0.67531243,0
134,23499,0.39916160,0.52784176,0.96743518,0.44050516,0
135,23599,0.35992445,0.28776621,0.96171611,0.39173101,0
136,23699,0.43135207,0.11911828,0.96697537,0.47757979,0
137,23799,0.40871232,0.00000000,0.97670273,0.45050190,0
138,23899,0.42286722,0.00000000,0.97742657,0.45097533,0
139,23999,0.43485304,0.00000000,0.99312601,0.44572756,0
140,24099,1.03768971,0.43768971,0.97267046,1.12036213,0
141,24199,0.67098801,0.50867772,0.96195005,0.76438394,0
142,24299,0.48422853,0.39290625,0.97495552,0.51627146,0
143,24399,0.42191712,0.21482338,0.98461672,0.45011675,0
144,24499,0.55369925,0.16852263,0.97098921,0.59184932,0
145,24599,0.50276432,0.07128694,0.96190440,0.55465949,0
146,24699,0.47530469,0.00000000,0.95868897,0.52017310,0
147,24799,0.45639282,0.00000000,0.97645847,0.48824043,0
148,24899,0.51107982,0.00000000,0.97110631,0.55703722,0
149,24999,0.48088893,0.00000000,0.95915934,0.53240854,0
150,25099,0.89267967,0.29267967,0.96963791,0.97775513,0
151,25199,0.64688284,0.33956250,0.97172399,0.69280571,0
152,25299,0.44880390,0.18836640,0.97797285,0.48393996,0
153,25399,0.45360685,0.04197325,0.96939807,0.48548777,0
154,25499,0.49115923,0.00000000,0.97101973,0.54142449,0
155,25599,0.48363740,0.00000000,0.96802943,0.52827659,0
156,25699,0.46690041,0.00000000,0.98521707,0.48039835,0
157,25799,0.57339416,0.00000000,0.96062655,0.62421080,0
158,25899,0.47553131,0.00000000,0.97129425,0.52507699,0
159,25999,0.51503776,0.00000000,0.92974450,0.60029922,0
160,26099,0.88377793,0.28377793,0.97060096,0.95122830,0
161,26199,0.63589801,0.31967593,0.95531392,0.71334787,0
162,26299,0.44370745,0.16338338,0.97443407,0.47188078,0
163,26399,0.46761780,0.03100118,0.98012728,0.49633961,0
164,26499,0.50810850,0.00000000,0.97645010,0.54377185,0
165,26599,0.51889593,0.00000000,0.96408979,0.56006646,0
166,26699,0.49236714,0.00000000,0.97921469,0.52496967,0
167,26799,0.58877306,0.00000000,0.97459408,0.62757729,0
168,26899,0.48300007,0.00000000,0.98167356,0.51326593,0
169,26999,0.55537088,0.00000000,0.95102925,0.62778242,0
170,27099,1.15195605,0.55195605,0.95243157,1.31426114,0
171,27199,0.89203860,0.84399465,0.96710759,0.95351826,0
172,27299,0.64120568,0.88520034,0.98631264,0.66698864,0
173,27399,0.56677969,0.85198003,0.96279136,0.63529980,0
174,27499,0.50712831,0.75910834,0.98515285,0.53771065,0
175,27599,0.60163024,0.76073858,0.96381868,0.66473589,0
176,27699,0.56607559,0.72681416,0.98302275,0.59813891,0
177,27799,0.54450904,0.67132320,0.96572591,0.59332039,0
178,27899,0.61296798,0.68429118,0.97641405,0.67420455,0
179,27999,0.71906376,0.80335494,0.90800730,0.90182712,0
180,28099,0.48693813,0.69029307,0.89630193,0.64175964,0
181,28199,0.37622162,0.46651468,0.98023336,0.39895207,0
182,28299,0.43170691,0.29822159,0.98515179,0.44952884,0
183,28399,0.40154891,0.09977050,0.97748795,0.43012568,0
184,28499,0.46936713,0.00000000,0.97345121,0.50506478,0
185,28599,0.52278744,0.00000000,0.97605341,0.54891287,0
186,28699,0.54497126,0.00000000,0.96151946,0.58481486,0
187,28799,0.49786467,0.00000000,0.95553387,0.55067287,0
188,28899,0.54360535,0.00000000,0.96898711,0.60407118,0
189,28999,0.48008342,0.00000000,0.99474901,0.48970013,0
190,29099,0.82824471,0.22824471,0.94346212,0.94331407,0
191,29199,0.45472552,0.08297023,0.98626773,0.47581362,0
192,29299,0.47391001,0.00000000,0.98844081,0.49344940,0
193,29399,0.50654095,0.00000000,0.98651447,0.52780936,0
194,29499,0.44805296,0.00000000,0.97496001,0.47254816,0
195,29599,0.48855960,0.00000000,0.98241580,0.51522118,0
196,29699,0.51820216,0.00000000,0.99625798,0.52897581,0
197,29799,0.51771293,0.00000000,0.99545180,0.52380969,0
198,29899,0.56714770,0.00000000,0.99603291,0.57535981,0
199,29999,0.57742649,0.00000000,0.99059340,0.59185867,0
200,30099,0.65380759,0.05380759,0.91981894,0.84362785,0
201,30199,0.59175024,0.04555782,0.97596266,0.62655269,0
202,30299,0.48698209,0.00000000,0.99315039,0.49774901,0
203,30399,0.56009493,0.00000000,0.99234662,0.57272275,0
204,30499,0.52432168,0.00000000,0.99422538,0.53466242,0
205,30599,0.50725780,0.00000000,0.99252175,0.51813110,0
206,30699,0.52887872,0.00000000,0.99328951,0.54237783,0
207,30799,0.50713055,0.00000000,0.98982604,0.52765929,0
208,30899,0.59691101,0.00000000,0.97784965,0.62699690,0
209,30999,0.52051589,0.00000000,0.98839380,0.53822406,0
210,31099,0.96332005,0.36332005,0.90102966,1.26705548,0
211,31199,0.55421007,0.31753012,0.98903623,0.57207450,0
212,31299,0.54497784,0.26250797,0.98109226,0.58126393,0
213,31399,0.49655377,0.15906174,0.99820160,0.49996621,0
214,31499,0.57101824,0.13007998,0.98822420,0.58662070,0
215,31599,0.61076496,0.14084493,0.97864496,0.64613272,0
216,31699,0.53487729,0.07572222,0.97485291,0.56052386,0
217,31799,0.51488244,0.00000000,0.98197318,0.54311694,0
218,31899,0.56134577,0.00000000,0.97748101,0.59055693,0
219,31999,0.48421230,0.00000000,0.98331634,0.50304207,0
220,32099,0.64339449,0.04339449,0.93359633,0.80609937,0
221,32199,0.55515950,0.00000000,0.98177770,0.57782669,0
222,32299,0.49384096,0.00000000,0.98189160,0.50912731,0
223,32399,0.46082144,0.00000000,0.98523309,0.47890060,0
224,32499,0.58440820,0.00000000,0.98080232,0.61217602,0
225,32599,0.58252662,0.00000000,0.99665558,0.58834734,0
226,32699,0.53617936,0.00000000,0.99146711,0.55449504,0
227,32799,0.56888005,0.00000000,0.97624404,0.60388580,0
228,32899,0.62989207,0.02989207,0.97967740,0.66244349,0
229,32999,0.58305951,0.01295158,0.98116265,0.61639949,0
230,33099,1.14781517,0.56076675,0.92530953,1.34618733,0
231,33199,0.57261893,0.53338568,0.98693664,0.58419315,0
232,33299,0.47884566,0.41223134,0.95923014,0.52858605,0
233,33399,0.51447659,0.32670794,0.99090386,0.52749709,0
234,33499,0.53441628,0.26112422,0.98403416,0.55447261,0
235,33599,0.52303058,0.18415480,0.96122007,0.56553087,0
236,33699,0.51815910,0.10231390,0.97635452,0.54545113,0
237,33799,0.52293162,0.02524552,0.97731649,0.54963361,0
238,33899,0.49392314,0.00000000,0.96225336,0.54126869,0
239,33999,0.51639376,0.00000000,0.97029618,0.54951793,0
240,34099,0.69997456,0.09997456,0.93461349,0.83472608,0
241,34199,0.51977351,0.01974807,0.97214285,0.55151842,0
242,34299,0.50917604,0.00000000,0.97208837,0.53752636,0
243,34399,0.49198050,0.00000000,0.97038480,0.53258432,0
244,34499,0.51976931,0.00000000,0.95754448,0.57386771,0
245,34599,0.52819953,0.00000000,0.96142763,0.56957907,0
246,34699,0.50776756,0.00000000,0.97073301,0.54482199,0
247,34799,0.53112795,0.00000000,0.95293616,0.58326082,0
248,34899,0.52301772,0.00000000,0.96916421,0.57351152,0
249,34999,0.47090149,0.00000000,0.97006959,0.50712212,0
250,35099,0.76885158,0.16885158,0.92297989,0.99987646,0
251,35199,0.57614717,0.14499875,0.99315548,0.58843890,0
252,35299,0.65059914,0.19559789,0.96586983,0.72217130,0
253,35399,0.47573427,0.07133216,0.98129482,0.49181458,0
254,35499,0.48781311,0.00000000,0.94775905,0.54954891,0
255,35599,0.52136058,0.00000000,0.97297758,0.55772433,0
256,35699,0.49918016,0.00000000,0.98499617,0.51891543,0
257,35799,0.44978007,0.00000000,0.99247722,0.45880925,0
258,35899,0.49827730,0.00000000,0.97636339,0.53165160,0
259,35999,0.49034641,0.00000000,0.98422465,0.51332227,0
260,36099,0.96740747,0.36740747,0.96696018,1.04984884,0
261,36199,0.49996155,0.26736903,0.99243045,0.51396482,0
262,36299,0.46067983,0.12804885,0.99452143,0.46843104,0
263,36399,0.50012278,0.02817163,0.98927176,0.50977628,0
264,36499,0.52796770,0.00000000,0.99354491,0.53684495,0
265,36599,0.54593371,0.00000000,0.99644051,0.55328958,0
266,36699,0.53248374,0.00000000,0.99285994,0.54561617,0
267,36799,0.50875700,0.00000000,0.98306668,0.53555914,0
268,36899,0.57148764,0.00000000,0.99128889,0.58718827,0
269,36999,0.50693800,0.00000000,0.99152396,0.51589934,0
270,37099,1.03827565,0.43827565,0.90056664,1.47595745,0
271,37199,0.54547671,0.38375236,0.94987040,0.65271574,0
272,37299,0.42318466,0.20693702,0.99272297,0.43235274,0
273,37399,0.43495881,0.04189583,0.99830416,0.43767807,0
274,37499,0.42563028,0.00000000,0.99811935,0.42785060,0
275,37599,0.52188119,0.00000000,0.98356757,0.53946489,0
276,37699,0.54266212,0.00000000,0.99650221,0.54932820,0
277,37799,0.47557467,0.00000000,0.97635161,0.49543781,0
278,37899,0.54968492,0.00000000,0.99907211,0.55163176,0
279,37999,0.57063104,0.00000000,0.99120384,0.58174224,0
280,38099,0.95166733,0.35166733,0.95668832,1.05707783,0
281,38199,0.47461475,0.22628208,0.98801917,0.48665645,0
282,38299,0.52565166,0.15193374,0.98567781,0.54754293,0
283,38399,0.52222993,0.07416367,0.99288771,0.52893161,0
284,38499,0.56039090,0.03455457,0.98393594,0.57844278,0
285,38599,0.51021273,0.00000000,0.98978910,0.52634676,0
286,38699,0.53213693,0.00000000,0.99380894,0.54579896,0
287,38799,0.52470607,0.00000000,0.99039930,0.53358283,0
288,38899,0.52256794,0.00000000,0.99806685,0.52478912,0
289,38999,0.55500126,0.00000000,0.99612740,0.56184858,0
290,39099,0.96876160,0.36876160,0.94500999,1.11543545,0
291,39199,0.54654750,0.31530910,0.99448137,0.55461898,0
292,39299,0.56119594,0.27650504,0.97870462,0.58384747,0
293,39399,0.51407841,0.19058346,0.98628638,0.52855333,0
294,39499,0.51061076,0.10119421,0.98766910,0.52349510,0
295,39599,0.55479103,0.05598524,0.99701646,0.55901555,0
296,39699,0.55181200,0.00779724,0.98596712,0.57432300,0
297,39799,0.51972084,0.00000000,0.97313475,0.55193698,0
298,39899,0.57499676,0.00000000,0.98087241,0.60348065,0
299,39999,0.53924816,0.00000000,0.98419180,0.55248420,0
300,40099,0.63006042,0.03006042,0.92941283,0.75705375,0
301,40199,0.48767258,0.00000000,0.97429953,0.51405662,0
302,40299,0.49300017,0.00000000,0.97063813,0.53423288,0
303,40399,0.47818798,0.00000000,0.99054560,0.49258242,0
304,40499,0.54240765,0.00000000,0.99507812,0.55202187,0
305,40599,0.52194035,0.00000000,0.98498939,0.54216637,0
306,40699,0.55046046,0.00000000,0.98385664,0.56382239,0
307,40799,0.50685498,0.00000000,0.98914222,0.52902412,0
308,40899,0.49628611,0.00000000,0.99736172,0.50101286,0
309,40999,0.59743066,0.00000000,0.99621001,0.60554202,0
310,41099,0.72648382,0.12648382,0.96895425,0.81202259,0
311,41199,0.50703734,0.03352116,0.99817715,0.51031096,0
312,41299,0.57126363,0.00478479,0.99614745,0.57681445,0
313,41399,0.52733821,0.00000000,0.99547407,0.53404826,0
314,41499,0.57570231,0.00000000,0.98988837,0.59190424,0
315,41599,0.54892139,0.00000000,0.99231725,0.56058579,0
316,41699,0.47194626,0.00000000,0.99099141,0.48739656,0
317,41799,0.51957136,0.00000000,0.99124940,0.53793500,0
318,41899,0.51491494,0.00000000,0.99269405,0.53180554,0
319,41999,0.54605135,0.00000000,0.98661010,0.56126487,0
320,42099,0.80904145,0.20904145,0.95170534,0.90389123,0
321,42199,0.56067507,0.16971651,0.99630342,0.56682694,0
322,42299,0.56960275,0.13931926,0.99297189,0.57978162,0
323,42399,0.50700793,0.04632719,0.99436440,0.51420164,0
324,42499,0.52471121,0.00000000,0.99108488,0.53494794,0
325,42599,0.51615295,0.00000000,0.99264834,0.52637632,0
326,42699,0.54647362,0.00000000,0.99446511,0.55133983,0
327,42799,0.52574937,0.00000000,0.99375099,0.53375252,0
328,42899,0.55843435,0.00000000,0.97939888,0.58215059,0
329,42999,0.54220842,0.00000000,0.98243204,0.56130591,0
330,43099,0.70841647,0.10841647,0.95081193,0.86568787,0
331,43199,0.56424821,0.07266469,0.99375687,0.57790201,0
332,43299,0.53352464,0.00618933,0.98833318,0.54962984,0
333,43399,0.52928148,0.00000000,0.99887266,0.53196602,0
334,43499,0.50831632,0.00000000,0.99683729,0.51721978,0
335,43599,0.51170592,0.00000000,0.99940378,0.51290219,0
336,43699,0.55961567,0.00000000,0.99354027,0.57163376,0
337,43799,0.58172341,0.00000000,0.99436499,0.59294863,0
338,43899,0.57634400,0.00000000,0.98985812,0.59478538,0
339,43999,0.55931288,0.00000000,0.98913234,0.58262185,0
340,44099,0.81179395,0.21179395,0.98315147,0.88224233,0
341,44199,0.51998648,0.13178043,0.99033540,0.53114217,0
342,44299,0.50077919,0.03255962,0.99034254,0.51650341,0
343,44399,0.53973666,0.00000000,0.98496326,0.55950868,0
344,44499,0.52850869,0.00000000,0.99511625,0.53561553,0
345,44599,0.56330984,0.00000000,0.99022386,0.57107398,0
346,44699,0.54105633,0.00000000,0.99676009,0.54546050,0
347,44799,0.59804864,0.00000000,0.98063032,0.62902470,0
348,44899,0.60620577,0.00620577,0.98937804,0.62461488,0
349,44999,0.48701040,0.00000000,0.99739226,0.49152764,0
350,45099,0.85294469,0.25294469,0.98458530,0.92492972,0
351,45199,0.49270436,0.14564905,0.99883961,0.49472116,0
352,45299,0.48180849,0.02745754,0.99889948,0.48417990,0
353,45399,0.52809188,0.00000000,0.99898733,0.52959876,0
354,45499,0.55556408,0.00000000,0.99861555,0.55818587,0
355,45599,0.53356221,0.00000000,0.99672599,0.54523314,0
356,45699,0.60801742,0.00801742,0.99149924,0.62156968,0
357,45799,0.61415565,0.02217307,0.99033848,0.63225956,0
358,45899,0.61969060,0.04186367,0.96634304,0.65790976,0
359,45999,0.53881805,0.00000000,0.99744336,0.54487660,0
360,46099,0.89005420,0.29005420,0.96547490,0.96336596,0
361,46199,0.55201040,0.24206461,0.99677693,0.55900795,0
362,46299,0.55745038,0.19951498,0.99870946,0.55955284,0
363,46399,0.58004411,0.17955909,0.99738421,0.58597187,0
364,46499,0.55283512,0.13239421,0.99864406,0.55711484,0
365,46599,0.54141005,0.07380425,0.99345663,0.55525105,0
366,46699,0.56589758,0.03970183,0.99615401,0.57167009,0
367,46799,0.59031065,0.03001248,0.99537458,0.59713315,0
368,46899,0.62080015,0.05081263,0.99948718,0.62180675,0
369,46999,0.55122213,0.00203476,0.99740555,0.55805663,0
370,47099,0.82296823,0.22500299,0.96810890,0.90094186,0
371,47199,0.45712950,0.08213249,0.99910869,0.45873886,0
372,47299,0.50761391,0.00000000,0.99233153,0.51883498,0
373,47399,0.52402324,0.00000000,0.99310670,0.53125198,0
374,47499,0.55544734,0.00000000,0.99922036,0.55659293,0
375,47599,0.53320062,0.00000000,0.99964310,0.53375956,0
376,47699,0.55161508,0.00000000,0.99995926,0.55171986,0
377,47799,0.55451845,0.00000000,0.99872317,0.56054910,0
378,47899,0.54429322,0.00000000,0.99912104,0.54639989,0
379,47999,0.55736084,0.00000000,0.99977376,0.55802801,0
380,48099,0.97768838,0.37768838,0.95852955,1.10601332,0
381,48199,0.56179312,0.33948150,0.99948142,0.56309468,0
382,48299,0.61554571,0.35502721,0.98770644,0.62757435,0
383,48399,0.56990763,0.32493484,0.99480582,0.58171087,0
384,48499,0.52797218,0.25290702,0.99168955,0.53606055,0
385,48599,0.55194007,0.20484709,0.99627190,0.55860740,0
386,48699,0.55188379,0.15673088,0.99302735,0.56239787,0
387,48799,0.50116673,0.05789761,0.99981355,0.50156103,0
388,48899,0.45918169,0.00000000,0.99789586,0.46226033,0
389,48999,0.60435300,0.00435300,0.99967851,0.60483467,0
390,49099,0.96328706,0.36764006,0.95104234,1.08987702,0
391,49199,0.53727624,0.30491630,0.99713352,0.54212869,0
392,49299,0.57446678,0.27938308,0.99444792,0.58123813,0
393,49399,0.64162757,0.32101066,0.99443600,0.65666588,0
394,49499,0.59434285,0.31535351,0.99334614,0.60741623,0
395,49599,0.52489762,0.24025113,0.99869792,0.52730309,0
396,49699,0.56808429,0.20833542,0.98871441,0.58269377,0
397,49799,0.57633589,0.18467131,0.98594660,0.59413669,0
398,49899,0.52975585,0.11442716,0.99936781,0.53075362,0
399,49999,0.64254525,0.15697240,0.99550235,0.65392816,0
400,50099,1.50822755,1.06519995,0.98383126,1.57346238,0
401,50199,0.87672201,1.34192197,0.96980310,0.95911495,0
402,50299,0.78389372,1.52581569,0.99973293,0.78452315,0
403,50399,0.72201731,1.64783301,0.99197910,0.73016482,0
404,50499,0.68875378,1.73658679,0.99404234,0.71333561,0
405,50599,0.69106397,1.82765076,0.99363051,0.70914430,0
406,50699,0.64142109,1.86907185,0.99915105,0.64320641,0
407,50799,0.53835506,1.80742691,0.99926241,0.54044712,0
408,50899,0.51957495,1.72700185,0.99970238,0.52032076,0
409,50999,0.56546423,1.69246608,0.99990503,0.56557878,0
410,51099,0.98571780,2.07818387,0.98676348,1.05596196,0
411,51199,0.58931215,2.06749602,0.99984823,0.59025454,0
412,51299,0.69583464,2.16333066,0.99704341,0.70505851,0
413,51399,0.67908707,2.24241773,0.99986975,0.67931763,0
414,51499,0.61784833,2.26026605,0.99979235,0.61890054,0
415,51599,0.51633718,2.17660323,0.99999296,0.51634591,0
416,51699,0.57533738,2.15194061,0.99996122,0.57542106,0
417,51799,0.57911460,2.13105521,0.99982778,0.57966914,0
418,51899,0.65894692,2.19000213,0.99960804,0.66024488,0
419,51999,0.67175061,2.26175274,0.99942116,0.67346458,0
420,52099,0.81477133,2.47652408,0.98094785,0.89786739,0
421,52199,0.50899902,2.38552309,0.99999523,0.50900910,0
422,52299,0.56690979,2.35243288,0.99999946,0.56691072,0
423,52399,0.59980947,2.35224235,0.99999953,0.59981009,0
424,52499,0.64621399,2.39845633,0.99984150,0.64661502,0
425,52599,0.57914324,2.37759957,0.99998704,0.57916833,0
426,52699,0.59498549,2.37258506,0.99437185,0.61688297,0
427,52799,0.52366544,2.29625050,0.99999372,0.52369371,0
428,52899,0.62679247,2.32304296,0.99939852,0.62995112,0
429,52999,0.77265636,2.49569932,0.99963410,0.77408527,0
430,53099,0.94623628,2.84193561,0.99504646,0.95482234,0
431,53199,0.62572295,2.86765856,0.99546099,0.63189986,0
432,53299,0.75622914,3.02388769,0.99905282,0.75916962,1
433,54399,0.09771599,0.00000000,0.48797451,0.74037611,0
434,54499,0.13063568,0.00000000,0.56969023,0.68358750,0
435,54599,0.15336533,0.00000000,0.65207611,0.53364145,0
436,54699,0.16890371,0.00000000,0.68149689,0.56104318,0
437,54799,0.19327730,0.00000000,0.72240977,0.54073357,0
438,54899,0.26226516,0.00000000,0.72957410,0.67599486,0
439,54999,0.27118724,0.00000000,0.74246090,0.64681258,0
440,55099,0.28473094,0.00000000,0.42798364,2.12453716,0
441,55199,0.27792828,0.00000000,0.53235913,1.29591103,0
442,55299,0.16579422,0.00000000,0.44302925,1.12258411,0
443,55399,0.19036402,0.00000000,0.52411048,0.89961380,0
444,55499,0.28763765,0.00000000,0.66258985,0.80814893,0
445,55599,0.22829141,0.00000000,0.62414493,0.78028586,0
446,55699,0.24172534,0.00000000,0.64087171,0.84861962,0
447,55799,0.20498068,0.00000000,0.59850751,0.83090519,0
448,55899,0.24429019,0.00000000,0.63086988,0.84478129,0
449,55999,0.21111091,0.00000000,0.54449283,1.03343703,0
450,56099,0.32011284,0.00000000,0.58376544,1.43222322,0
451,56199,0.29421948,0.00000000,0.59629855,1.01775741,0
452,56299,0.26388644,0.00000000,0.64583998,0.83819788,0
453,56399,0.30627555,0.00000000,0.77151565,0.60957443,0
454,56499,0.26911335,0.00000000,0.81199197,0.51266509,0
455,56599,0.21868246,0.00000000,0.68040076,0.59264401,0
456,56699,0.22248276,0.00000000,0.71993397,0.52329685,0
457,56799,0.23899217,0.00000000,0.76381659,0.50003620,0
458,56899,0.27214243,0.00000000,0.84272773,0.44318248,0
459,56999,0.29116895,0.00000000,0.83642378,0.48012642,0
460,57099,0.17505595,0.00000000,0.57107860,0.89173369,0
461,57199,0.25019152,0.00000000,0.78422051,0.50411764,0
462,57299,0.27668698,0.00000000,0.86288421,0.42975113,0
463,57399,0.29551875,0.00000000,0.86167433,0.43364764,0
464,57499,0.32713277,0.00000000,0.89873594,0.43852108,0
465,57599,0.39226039,0.00000000,0.91497543,0.49237480,0
466,57699,0.37975202,0.00000000,0.91898474,0.47302742,0
467,57799,0.39194975,0.00000000,0.91895820,0.51519326,0
468,57899,0.38056849,0.00000000,0.93863239,0.49363383,0
469,57999,0.46899984,0.00000000,0.89127922,0.63629409,0
470,58099,0.32238521,0.00000000,0.51869332,1.39956098,0
471,58199,0.30530688,0.00000000,0.61119010,1.06303535,0
472,58299,0.41439490,0.00000000,0.90822456,0.52350188,0
473,58399,0.39667480,0.00000000,0.90717231,0.51867257,0
474,58499,0.37438873,0.00000000,0.92910008,0.48450724,0
475,58599,0.47416796,0.00000000,0.91138373,0.59447092,0
476,58699,0.43907260,0.00000000,0.93588166,0.53027195,0
477,58799,0.43214683,0.00000000,0.92226453,0.53649132,0
478,58899,0.46677034,0.00000000,0.92556494,0.57317375,0
479,58999,0.49453042,0.00000000,0.92675311,0.59387343,0
480,59099,0.46472641,0.00000000,0.80355504,0.90954909,0
481,59199,0.49087459,0.00000000,0.91307170,0.62068933,0
482,59299,0.50423451,0.00000000,0.93511733,0.60129908,0
483,59399,0.52606606,0.00000000,0.93667531,0.64201925,0
484,59499,0.48465298,0.00000000,0.92184781,0.59150186,0
485,59599,0.49575082,0.00000000,0.94051152,0.59996597,0
486,59699,0.57071389,0.00000000,0.93155320,0.67126805,0
487,59799,0.48397398,0.00000000,0.92733605,0.58344543,0
488,59899,0.49462737,0.00000000,0.93793997,0.58353726,0
489,59999,0.60964486,0.00964486,0.95090222,0.72911574,0
490,60099,0.33769924,0.00000000,0.41702825,1.89569665,0
491,60199,0.47072352,0.00000000,0.80701760,0.91043121,0
492,60299,0.44786765,0.00000000,0.97654055,0.49422542,0
493,60399,0.46239273,0.00000000,0.95647443,0.51941981,0
494,60499,0.45741806,0.00000000,0.95257797,0.51540103,0
495,60599,0.55512906,0.00000000,0.95954158,0.62559675,0
496,60699,0.48672552,0.00000000,0.96378528,0.54956134,0
497,60799,0.55740651,0.00000000,0.94897475,0.64078354,0
498,60899,0.57400731,0.00000000,0.94927782,0.68674105,0
499,60999,0.52097446,0.00000000,0.94877119,0.62762129,0
500,61099,0.77412377,0.17412377,0.83738266,1.23912222,0
501,61199,0.51185642,0.08598019,0.90623648,0.62823888,0
502,61299,0.52634600,0.01232620,0.95204706,0.60500328,0
503,61399,0.44859478,0.00000000,0.90842067,0.58009458,0
504,61499,0.53525582,0.00000000,0.92744657,0.65518868,0
505,61599,0.56616309,0.00000000,0.94028824,0.65747445,0
506,61699,0.50442226,0.00000000,0.94731717,0.58439303,0
507,61799,0.54934886,0.00000000,0.93117919,0.65695630,0
508,61899,0.53314160,0.00000000,0.93629262,0.62634077,0
509,61999,0.49595699,0.00000000,0.92172230,0.62398688,0
510,62099,0.53126959,0.00000000,0.87955633,0.83414997,0
511,62199,0.48951911,0.00000000,0.94070099,0.59931065,0
512,62299,0.50405958,0.00000000,0.95632802,0.59262921,0
513,62399,0.52881610,0.00000000,0.93915371,0.64631867,0
514,62499,0.54926472,0.00000000,0.94886299,0.63851868,0
515,62599,0.56297726,0.00000000,0.92953505,0.67881490,0
516,62699,0.53887259,0.00000000,0.93757717,0.64060801,0
517,62799,0.49266694,0.00000000,0.91308422,0.63543809,0
518,62899,0.48281749,0.00000000,0.91741182,0.61699478,0
519,62999,0.48255611,0.00000000,0.90376838,0.65115884,0
520,63099,1.11496787,0.51496787,0.82021911,1.74899792,0
521,63199,0.51661212,0.43157998,0.94456726,0.62688952,0
522,63299,0.46833707,0.29991706,0.93158742,0.55977076,0
523,63399,0.44208847,0.14200553,0.94888160,0.53252421,0
524,63499,0.47617288,0.01817841,0.95179911,0.55156815,0
525,63599,0.53905337,0.00000000,0.97041453,0.59765239,0
526,63699,0.51391940,0.00000000,0.95693556,0.57767261,0
527,63799,0.54915896,0.00000000,0.94664149,0.64592538,0
528,63899,0.57135162,0.00000000,0.96153519,0.64823769,0
529,63999,0.55107997,0.00000000,0.95634552,0.62955969,0
530,64099,0.78487572,0.18487572,0.84606942,1.26214934,0
531,64199,0.43204506,0.01692079,0.97126643,0.46926814,0
532,64299,0.40957626,0.00000000,0.96653155,0.45886161,0
533,64399,0.49407073,0.00000000,0.97866157,0.53615241,0
534,64499,0.53832350,0.00000000,0.97919802,0.58396110,0
535,64599,0.48663399,0.00000000,0.98721628,0.50671135,0
536,64699,0.55503814,0.00000000,0.98992352,0.57189181,0
537,64799,0.57059746,0.00000000,0.99285999,0.58756336,0
538,64899,0.62839487,0.02839487,0.98060495,0.65975156,0
539,64999,0.64808993,0.07648480,0.97312575,0.70460728,0
540,65099,0.83416164,0.31064644,0.90368673,1.07398190,0
541,65199,0.61632498,0.32697142,0.95578680,0.67063575,0
542,65299,0.59820515,0.32517657,0.96975712,0.65578254,0
543,65399,0.55560015,0.28077671,0.96969454,0.60195033,0
544,65499,0.59441904,0.27519575,0.98342349,0.62138945,0
545,65599,0.51447403,0.18966978,0.96623800,0.57561117,0
546,65699,0.57978411,0.16945389,0.97039368,0.64142971,0
547,65799,0.57485569,0.14430958,0.97604269,0.61615645,0
548,65899,0.57329023,0.11759981,0.96778619,0.64779584,0
549,65999,0.56193631,0.07953613,0.97013236,0.62572998,0
550,66099,0.93514835,0.41468448,0.88010412,1.36538338,0
551,66199,0.52677466,0.34145914,0.97958096,0.56321081,0
552,66299,0.49549361,0.23695275,0.98197147,0.52621743,0
553,66399,0.50704464,0.14399738,0.99006065,0.52301626,0
554,66499,0.59040475,0.13440214,0.99221566,0.60679162,0
555,66599,0.51141524,0.04581738,0.99314896,0.52186405,0
556,66699,0.64527820,0.09109558,0.99207358,0.66479180,0
557,66799,0.59917080,0.09026638,0.98600381,0.63316236,0
558,66899,0.58742614,0.07769252,0.98144055,0.62323380,0
559,66999,0.58536856,0.06306108,0.98982063,0.60920762,0
560,67099,0.86132904,0.32439012,0.96110492,0.96989976,0
561,67199,0.83537402,0.55976414,0.85463981,1.21302305,0
562,67299,0.48745755,0.44722169,0.91817766,0.61914829,0
563,67399,0.44432580,0.29154749,0.97563173,0.48244492,0
564,67499,0.45208055,0.14362803,0.98758411,0.47098402,0
565,67599,0.40782144,0.00000000,0.97322450,0.44672777,0
566,67699,0.50392259,0.00000000,0.96716481,0.56345922,0
567,67799,0.52483290,0.00000000,0.97876547,0.55933639,0
568,67899,0.50742866,0.00000000,0.98654276,0.52525565,0
569,67999,0.50617143,0.00000000,0.98719589,0.53139123,0
570,68099,0.95097416,0.35097416,0.95069464,1.13573067,0
571,68199,0.48158236,0.23255652,0.98880791,0.50155231,0
572,68299,0.54291362,0.17547014,0.99211202,0.55682803,0
573,68399,0.53258482,0.10805496,0.99044724,0.54396489,0
574,68499,0.57886462,0.08691958,0.98945411,0.60606020,0
575,68599,0.60421494,0.09113452,0.98415282,0.63542050,0
576,68699,0.66265563,0.15379015,0.99233162,0.67889412,0
577,68799,0.57603547,0.12982562,0.99010270,0.59340752,0
578,68899,0.56553883,0.09536445,0.99142726,0.58670716,0
579,68999,0.58709980,0.08246426,0.99401080,0.59917005,0
580,69099,0.54321657,0.02568083,0.79857597,0.94741002,0
581,69199,0.66952594,0.09520677,0.88904288,1.04108068,0
582,69299,0.52999855,0.02520532,0.99237024,0.54327629,0
583,69399,0.53488250,0.00000000,0.99163725,0.54713885,0
584,69499,0.54156417,0.00000000,0.99437459,0.55651297,0
585,69599,0.54637643,0.00000000,0.99075396,0.56627031,0
586,69699,0.64964353,0.04964353,0.99693366,0.65744863,0
587,69799,0.53374548,0.00000000,0.99541126,0.54106304,0
588,69899,0.61446225,0.01446225,0.99278941,0.63541432,0
589,69999,0.57571326,0.00000000,0.99642299,0.58605688,0
590,70099,0.64102307,0.04102307,0.89659847,0.91898827,0
591,70199,0.58587156,0.02689463,0.99886464,0.58824786,0
592,70299,0.56546417,0.00000000,0.99082166,0.57657496,0
593,70399,0.56846058,0.00000000,0.99848069,0.57191131,0
594,70499,0.54050590,0.00000000,0.99688496,0.54653388,0
595,70599,0.61744970,0.01744970,0.99641177,0.62644866,0
596,70699,0.64669745,0.06414714,0.99395074,0.66255781,0
597,70799,0.64363955,0.10778669,0.99697168,0.64988340,0
598,70899,0.61619869,0.12398538,0.99764250,0.62370266,0
599,70999,0.61838868,0.14237407,0.99359305,0.63306674,0
600,71099,0.84555349,0.38792755,0.65133841,1.98416109,0
601,71199,0.51428828,0.30221583,0.88322078,0.81404061,0
602,71299,0.44068929,0.14290512,0.99741890,0.44389723,0
603,71399,0.53645601,0.07936113,0.99754078,0.54261002,0
604,71499,0.54960744,0.02896857,0.99314973,0.56686947,0
605,71599,0.62773781,0.05670637,0.98875988,0.64525049,0
606,71699,0.59163066,0.04833704,0.99542089,0.59830543,0
607,71799,0.62833821,0.07667525,0.99619070,0.63851198,0
608,71899,0.66453201,0.14120726,0.99235212,0.68507439,0
609,71999,0.60320689,0.14441415,0.99340555,0.62144311,0
610,72099,0.88229798,0.42671213,0.72595405,1.73706718,0
611,72199,0.53967744,0.36638957,0.97141786,0.59498396,0
612,72299,0.50424742,0.27063699,0.98971222,0.51527515,0
613,72399,0.48331942,0.15395642,0.99496774,0.49121821,0
614,72499,0.60538763,0.15934404,0.99877652,0.60992623,0
615,72599,0.58022481,0.13956885,0.99773331,0.58474465,0
616,72699,0.64943125,0.18900010,0.99524088,0.66152804,0
617,72799,0.60392153,0.19292163,0.99537734,0.61308054,0
618,72899,0.59292267,0.18584430,0.99722094,0.59893942,0
619,72999,0.58177617,0.16762047,0.98876237,0.60180532,0
620,73099,0.69375218,0.26137265,0.82031748,1.35663155,0
621,73199,0.67354566,0.33491830,0.61933762,1.63179515,0
622,73299,0.47296511,0.20788341,0.67872789,1.05442123,0
623,73399,0.43927164,0.04715505,0.73987126,0.87362236,0
624,73499,0.48850128,0.00000000,0.98981228,0.51165525,0
625,73599,0.44356061,0.00000000,0.99421301,0.45619012,0
626,73699,0.50225378,0.00000000,0.98372618,0.53067923,0
627,73799,0.48815918,0.00000000,0.98719522,0.50014409,0
628,73899,0.53203511,0.00000000,0.98902505,0.55486833,0
629,73999,0.56482368,0.00000000,0.98978787,0.58051391,0
630,74099,0.50540149,0.00000000,0.78603822,0.94559215,0
631,74199,0.52873588,0.00000000,0.99519075,0.53746640,0
632,74299,0.64867489,0.04867489,0.98866128,0.67223343,0
633,74399,0.56907188,0.01774677,0.99102032,0.58726604,0
634,74499,0.59353266,0.01127943,0.98321187,0.62307806,0
635,74599,0.63029248,0.04157191,0.99298020,0.64351987,0
636,74699,0.56072826,0.00230017,0.98944082,0.58709458,0
637,74799,0.59207870,0.00000000,0.98908955,0.61443148,0
638,74899,0.57752950,0.00000000,0.99189097,0.59122660,0
639,74999,0.59845376,0.00000000,0.99276241,0.61539045,0
640,75099,0.65159231,0.05159231,0.84797084,0.94020067,0
641,75199,0.56993574,0.02152805,0.99564939,0.58383764,0
642,75299,0.56147903,0.00000000,0.99016711,0.58318840,0
643,75399,0.58858813,0.00000000,0.99371704,0.60115855,0
644,75499,0.54512574,0.00000000,0.99832125,0.54828424,0
645,75599,0.58531707,0.00000000,0.99843855,0.58899613,0
646,75699,0.56908162,0.00000000,0.99865367,0.57204589,0
647,75799,0.60821119,0.00821119,0.99538441,0.61667812,0
648,75899,0.58578894,0.00000000,0.99755526,0.59134187,0
649,75999,0.64772017,0.04772017,0.99425979,0.66260199,0
650,76099,0.45819357,0.00000000,0.67531527,1.17056686,0
651,76199,0.53280242,0.00000000,0.95311371,0.62568449,0
652,76299,0.52453758,0.00000000,0.99828630,0.52847552,0
653,76399,0.56799819,0.00000000,0.99960011,0.56905948,0
654,76499,0.56624909,0.00000000,0.99491213,0.58219794,0
655,76599,0.64601088,0.04601088,0.99840950,0.65110111,0
656,76699,0.59070236,0.03671324,0.99127034,0.61167554,0
657,76799,0.61108750,0.04780074,0.99813034,0.61518252,0
658,76899,0.58339968,0.03120042,0.99807911,0.58877292,0
659,76999,0.59104202,0.02224243,0.99817902,0.59609686,0
660,77099,0.54999015,0.00000000,0.91283747,0.71154500,0
661,77199,0.59157317,0.00000000,0.99955752,0.59269945,0
662,77299,0.59298902,0.00000000,0.99787657,0.59929366,0
663,77399,0.62651008,0.02651008,0.99857476,0.62965705,0
664,77499,0.60896239,0.03547247,0.99770087,0.61577069,0
665,77599,0.62411502,0.05958749,0.99844416,0.62947426,0
666,77699,0.61633377,0.07592126,0.99696251,0.62122601,0
667,77799,0.65000754,0.12592880,0.99426522,0.66233398,0
668,77899,0.62103341,0.14696222,0.99755909,0.62873363,0
669,77999,0.58767729,0.13463950,0.99577444,0.59610715,0
670,78099,0.65146111,0.18610061,0.85891536,1.00211941,0
671,78199,0.56833785,0.15443847,0.99908553,0.57086474,0
672,78299,0.59177173,0.14621019,0.99944182,0.59343991,0
673,78399,0.59192347,0.13813366,0.99583219,0.60186996,0
674,78499,0.63714254,0.17527620,0.99675817,0.64389541,0
675,78599,0.65429896,0.22957517,0.99903805,0.65718998,0
676,78699,0.65695433,0.28652950,0.99656661,0.66813413,0
677,78799,0.68156396,0.36809346,0.98889665,0.70639567,0
678,78899,0.70567952,0.47377298,0.98732585,0.73636956,0
679,78999,0.61801471,0.49178770,0.99282594,0.63042906,0
680,79099,0.51378139,0.40556909,0.87296293,0.75298554,0
681,79199,0.59189397,0.39746306,0.99456095,0.60185236,0
682,79299,0.62768157,0.42514462,0.99820697,0.63275796,0
683,79399,0.64103155,0.46617617,0.99695394,0.65305123,0
684,79499,0.61817311,0.48434928,0.99846875,0.62166563,0
685,79599,0.60029331,0.48464259,0.99682722,0.60606435,0
686,79699,0.61611501,0.50075760,0.99847340,0.62101738,0
687,79799,0.63596702,0.53672462,0.99662662,0.64209466,0
688,79899,0.61120177,0.54792640,0.99232827,0.63113352,0
689,79999,0.63426735,0.58219375,0.99673161,0.64260531,0
690,80099,0.64751918,0.62971293,0.96793241,0.70884953,0
691,80199,0.59805199,0.62776491,0.99690054,0.60294394,0
692,80299,0.66700310,0.69476802,0.99744759,0.67609959,0
693,80399,0.55065308,0.64542109,0.99819964,0.55490184,0
694,80499,0.66067441,0.70609551,0.99289803,0.67342238,0
695,80599,0.57756033,0.68365583,0.98935622,0.60239113,0
696,80699,0.59649103,0.68014686,0.99773534,0.60396115,0
697,80799,0.64318268,0.72332954,0.99789621,0.65045306,0
698,80899,0.60833568,0.73166523,0.99343531,0.62010170,0
699,80999,0.59910369,0.73076892,0.99357765,0.61312063,0
700,81099,0.72743171,0.85820063,0.93780008,0.87502934,0
701,81199,0.58802843,0.84622907,0.99546922,0.60066512,0
702,81299,0.58858459,0.83481366,0.99716604,0.59691056,0
703,81399,0.56254678,0.79736043,0.99758269,0.56915797,0
704,81499,0.59623085,0.79359128,0.99511902,0.61392276,0
705,81599,0.59916725,0.79275853,0.99859694,0.60262324,0
706,81699,0.61458713,0.80734567,0.99424753,0.62230037,0
707,81799,0.63439183,0.84173750,0.99763916,0.64090280,0
708,81899,0.67132031,0.91305781,0.99729034,0.68198714,0
709,81999,0.58848483,0.90154263,0.99831742,0.59504559,0
710,82099,0.66118488,0.96272751,0.93176160,0.83059298,0
711,82199,0.52586864,0.88859615,0.99837687,0.53023351,0
712,82299,0.62329649,0.91189264,0.99596426,0.63476416,0
713,82399,0.56951001,0.88140265,0.99977805,0.57011851,0
714,82499,0.61075698,0.89215963,0.99854903,0.61458291,0
715,82599,0.59339873,0.88555835,0.99790904,0.59949631,0
716,82699,0.60529390,0.89085225,0.99672770,0.61387388,0
717,82799,0.60940270,0.90025495,0.99857121,0.61304458,0
718,82899,0.57762641,0.87788136,0.99993003,0.57781003,0
719,82999,0.61940264,0.89728399,0.99964601,0.62012980,0
720,83099,0.72093218,1.01821618,0.95450756,0.85814711,0
721,83199,0.68056843,1.09878461,0.99704777,0.68879862,0
722,83299,0.63352889,1.13231350,0.99720631,0.64055226,0
723,83399,0.60333173,1.13564523,0.99803565,0.61071130,0
724,83499,0.60812598,1.14377121,0.99838013,0.61377231,0
725,83599,0.54331596,1.08708718,0.99776361,0.55094624,0
726,83699,0.54314494,1.03023212,0.99804343,0.55853436,0
727,83799,0.67673830,1.10697042,0.99991624,0.67698613,0
728,83899,0.62678915,1.13375957,0.99933663,0.62851817,0
729,83999,0.61515946,1.14891902,0.99752943,0.62331071,0
730,84099,0.73967248,1.28859150,0.96659985,0.82629989,0
731,84199,0.64381258,1.33240407,0.99939934,0.64535914,0
732,84299,0.59517992,1.32758400,0.99857831,0.59936380,0
733,84399,0.54177211,1.26935611,0.99904702,0.54531940,0
734,84499,0.65645239,1.32580850,0.99719292,0.66420554,0
735,84599,0.53222993,1.25803843,0.99499240,0.54329521,0
736,84699,0.69484472,1.35288315,0.99861736,0.69849058,0
737,84799,0.58920549,1.34208865,0.99888551,0.59232347,0
738,84899,0.64396124,1.38604989,0.99846669,0.64833196,0
739,84999,0.66557437,1.45162426,0.99938384,0.66776068,0
740,85099,0.84473150,1.69635576,0.95438944,0.97031290,0
741,85199,0.57758007,1.67393583,0.99976457,0.57826566,0
742,85299,0.56495559,1.63889142,0.99973485,0.56602337,0
743,85399,0.52998011,1.56887153,0.99991480,0.53014307,0
744,85499,0.61165678,1.58052831,0.99633677,0.61933382,0
745,85599,0.65014621,1.63067452,0.99973272,0.65193897,0
746,85699,0.56868384,1.59935836,0.99897387,0.57104124,0
747,85799,0.69713351,1.69649187,0.99325327,0.71158152,0
748,85899,0.55899524,1.65548711,0.99997895,0.55903561,0
749,85999,0.61552029,1.67100740,0.99797135,0.61899656,0
750,86099,0.72785425,1.79886165,0.97495790,0.79896230,0
751,86199,0.64737839,1.84624004,0.99546379,0.65608993,0
752,86299,0.68702158,1.93326161,0.99961579,0.68869450,0
753,86399,0.57147600,1.90473761,0.99998361,0.57152869,0
754,86499,0.57285980,1.87759741,0.99965515,0.57398907,0
755,86599,0.64562786,1.92322528,0.99936190,0.64816614,0
756,86699,0.59485891,1.91808418,0.99969857,0.59577192,0
757,86799,0.58358836,1.90167254,0.99949584,0.58475878,0
758,86899,0.60515924,1.90683178,0.99967772,0.60600253,0
759,86999,0.62363741,1.93046919,0.99924076,0.62607035,0
760,87099,0.70723386,2.03770305,0.93202194,0.85424923,0
761,87199,0.68997341,2.12767646,0.99802492,0.69239101,0
762,87299,0.69708980,2.22476626,0.99807779,0.70352222,0
763,87399,0.61208394,2.23685020,0.99887262,0.61402600,0
764,87499,0.61209914,2.24894934,0.99969398,0.61333354,0
765,87599,0.61888231,2.26783166,0.99789578,0.62576021,0
766,87699,0.64869301,2.31652467,0.99379789,0.66333918,0
767,87799,0.56537597,2.28190063,0.99903249,0.56750034,0
768,87899,0.69235815,2.37425878,0.99626874,0.70357529,0
769,87999,0.59611057,2.37036936,0.99997755,0.59616223,0
770,88099,0.89774272,2.66811208,0.96203896,1.00540282,0
771,88199,0.70177522,2.76988730,0.99696879,0.70782131,0
772,88299,0.60179301,2.77168031,0.99921677,0.60387252,0
773,88399,0.60874809,2.78042840,0.99743282,0.61442577,0
774,88499,0.67191608,2.85234448,0.99846177,0.67650649,0
775,88599,0.66923531,2.92157979,0.99088189,0.69916098,0
776,88699,0.70793178,3.02951157,0.99520153,0.71753362,1
777,89799,0.12506849,0.00000000,0.58907021,0.66143281,0
778,89899,0.13241881,0.00000000,0.60697818,0.62457651,0
779,89999,0.15497714,0.00000000,0.63369232,0.60112114,0
780,90099,0.04491031,0.00000000,0.21150883,1.95818732,0
781,90199,0.09704530,0.00000000,0.50298607,0.75152362,0
782,90299,0.08639036,0.00000000,0.57277668,0.46394938,0
783,90399,0.12265575,0.00000000,0.66678437,0.44777438,0
784,90499,0.15290530,0.00000000,0.70316026,0.45580332,0
785,90599,0.19102901,0.00000000,0.75325472,0.48143569,0
786,90699,0.20985761,0.00000000,0.77867914,0.49114333,0
787,90799,0.22134703,0.00000000,0.74670172,0.54303126,0
788,90899,0.25654240,0.00000000,0.77833235,0.57362508,0
789,90999,0.25858046,0.00000000,0.79396820,0.55217659,0
790,91099,0.06951763,0.00000000,0.28882386,1.07679797,0
791,91199,0.25146166,0.00000000,0.82536088,0.49389882,0
792,91299,0.28180313,0.00000000,0.84995165,0.50232249,0
793,91399,0.30541192,0.00000000,0.85587242,0.51406516,0
794,91499,0.33974495,0.00000000,0.89580650,0.47835954,0
795,91599,0.36305072,0.00000000,0.90134957,0.54014051,0
796,91699,0.38603786,0.00000000,0.89143518,0.55531543,0
797,91799,0.44821614,0.00000000,0.90280993,0.64239080,0
798,91899,0.45220603,0.00000000,0.91420374,0.63618533,0
799,91999,0.49043110,0.00000000,0.91845015,0.64384372,0
800,92099,0.34289245,0.00000000,0.75019569,0.72434302,0
801,92199,0.46459358,0.00000000,0.91039702,0.63342720,0
802,92299,0.47053281,0.00000000,0.93889987,0.58761921,0
803,92399,0.46207310,0.00000000,0.88504785,0.68483546,0
804,92499,0.47882169,0.00000000,0.88924471,0.66115870,0
805,92599,0.46346877,0.00000000,0.90863439,0.60651140,0
806,92699,0.51880982,0.00000000,0.91592656,0.68019163,0
807,92799,0.47923993,0.00000000,0.91430147,0.62657906,0
808,92899,0.46210777,0.00000000,0.91868228,0.60695437,0
809,92999,0.46893033,0.00000000,0.90276793,0.65431645,0
810,93099,0.22288737,0.00000000,0.43826024,1.15060973,0
811,93199,0.38516113,0.00000000,0.82127344,0.64965958,0
812,93299,0.42078657,0.00000000,0.94908425,0.50880429,0
813,93399,0.48082629,0.00000000,0.94991997,0.59750152,0
814,93499,0.48259889,0.00000000,0.96367760,0.54345214,0
815,93599,0.48235947,0.00000000,0.95979514,0.54220782,0
816,93699,0.47055090,0.00000000,0.94562187,0.56208298,0
817,93799,0.53073869,0.00000000,0.96125831,0.61026132,0
818,93899,0.56405670,0.00000000,0.95607965,0.65709991,0
819,93999,0.49428788,0.00000000,0.97395054,0.53980627,0
820,94099,0.54108478,0.00000000,0.82381911,0.87124824,0
821,94199,0.55520554,0.00000000,0.94570731,0.65339611,0
822,94299,0.53400226,0.00000000,0.95645251,0.60556403,0
823,94399,0.54050011,0.00000000,0.96380390,0.61107570,0
824,94499,0.56387316,0.00000000,0.97752094,0.62308698,0
825,94599,0.56800193,0.00000000,0.95377400,0.66643564,0
826,94699,0.47225174,0.00000000,0.96899269,0.52909656,0
827,94799,0.65041045,0.05041045,0.93751342,0.77531579,0
828,94899,0.59591569,0.04632614,0.95016125,0.71412109,0
829,94999,0.54948042,0.00000000,0.98024087,0.59102278,0
830,95099,0.48214671,0.00000000,0.86459263,0.74564658,0
831,95199,0.54444529,0.00000000,0.96903260,0.61070463,0
832,95299,0.56117436,0.00000000,0.95474779,0.63557712,0
833,95399,0.54734860,0.00000000,0.96518359,0.63718057,0
834,95499,0.57743812,0.00000000,0.95979843,0.66303974,0
835,95599,0.54595798,0.00000000,0.97620387,0.61056816,0
836,95699,0.54834345,0.00000000,0.97438388,0.60709525,0
837,95799,0.54454688,0.00000000,0.95506761,0.62449296,0
838,95899,0.55978344,0.00000000,0.95004081,0.65342715,0
839,95999,0.60429679,0.00429679,0.97487064,0.67479013,0
840,96099,0.48713536,0.00000000,0.77912608,0.84259105,0
841,96199,0.56865273,0.00000000,0.95637613,0.66696445,0
842,96299,0.57733667,0.00000000,0.95145283,0.69499953,0
843,96399,0.53841863,0.00000000,0.97765039,0.57692536,0
844,96499,0.54220404,0.00000000,0.97403962,0.60231294,0
845,96599,0.59929506,0.00000000,0.97244727,0.65591966,0
846,96699,0.58764995,0.00000000,0.96846182,0.64648713,0
847,96799,0.56108874,0.00000000,0.95988508,0.64269818,0
848,96899,0.55748694,0.00000000,0.97248597,0.61340627,0
849,96999,0.49436720,0.00000000,0.96547031,0.54889420,0
850,97099,0.46656405,0.00000000,0.75764333,0.91331833,0
851,97199,0.60430307,0.00430307,0.95824679,0.71792090,0
852,97299,0.53031064,0.00000000,0.98327206,0.56752723,0
853,97399,0.59218507,0.00000000,0.96761165,0.65958473,0
854,97499,0.66613095,0.06613095,0.96964008,0.72874849,0
855,97599,0.49376152,0.00000000,0.93515022,0.58951175,0
856,97699,0.60801508,0.00801508,0.96746059,0.67307002,0
857,97799,0.53440649,0.00000000,0.97352365,0.58901151,0
858,97899,0.58290064,0.00000000,0.96699261,0.64120451,0
859,97999,0.56871148,0.00000000,0.96950041,0.64047291,0
860,98099,0.38996833,0.00000000,0.70613813,0.88154034,0
861,98199,0.56799907,0.00000000,0.90842641,0.77888829,0
862,98299,0.53317679,0.00000000,0.98099254,0.58290260,0
863,98399,0.60818394,0.00818394,0.97276239,0.66440030,0
864,98499,0.56329147,0.00000000,0.97102893,0.64404495,0
865,98599,0.61840722,0.01840722,0.98508310,0.66542052,0
866,98699,0.48778688,0.00000000,0.96607295,0.54514910,0
867,98799,0.61256301,0.01256301,0.98983396,0.64477637,0
868,98899,0.52810970,0.00000000,0.98196562,0.57008986,0
869,98999,0.58005471,0.00000000,0.96568885,0.64721383,0
870,99099,0.77282962,0.17282962,0.67840483,1.98590120,0
871,99199,0.49151069,0.06434031,0.97278338,0.53462787,0
872,99299,0.33476703,0.00000000,0.96881633,0.37525416,0
873,99399,0.47565766,0.00000000,0.97449598,0.51038637,0
874,99499,0.40851164,0.00000000,0.98719133,0.43043949,0
875,99599,0.42231962,0.00000000,0.99070296,0.43823522,0
876,99699,0.46483680,0.00000000,0.98440490,0.49036093,0
877,99799,0.50246559,0.00000000,0.99057320,0.51812266,0
878,99899,0.55549084,0.00000000,0.97864092,0.59446708,0
879,99999,0.59311691,0.00000000,0.99152037,0.61655565,0
880,100099,0.52339961,0.00000000,0.56767971,1.48037116,0
881,100199,0.62449106,0.02449106,0.62824561,1.46843661,0
882,100299,0.99358385,0.41807491,0.77973960,1.52426576,0
883,100399,0.58284362,0.40091853,0.77623464,1.05151300,0
884,100499,0.50516423,0.30608276,0.77599425,0.96527503,0
885,100599,0.47428652,0.18036928,0.81634878,0.79861987,0
886,100699,0.56244765,0.14281692,0.89085714,0.73975099,0
887,100799,0.53482437,0.07764129,0.88587405,0.74074157,0
888,100899,0.51290865,0.00000000,0.90086919,0.67532201,0
889,100999,0.61568370,0.01568370,0.82629379,0.92642429,0
890,101099,0.41162093,0.00000000,0.71838277,0.83002738,0
891,101199,0.52793615,0.00000000,0.85970863,0.72569864,0
892,101299,0.49404580,0.00000000,0.86393077,0.72621550,0
893,101399,0.54269374,0.00000000,0.88777381,0.71297884,0
894,101499,0.54868957,0.00000000,0.86034026,0.76962217,0
895,101599,0.60534030,0.00534030,0.91020851,0.75985499,0
896,101699,0.49999117,0.00000000,0.84908722,0.75272637,0
897,101799,0.60833106,0.00833106,0.89277226,0.80693711,0
898,101899,0.67135160,0.07968266,0.91747616,0.80339201,0
899,101999,0.53859478,0.01827744,0.94542252,0.63116583,0
900,102099,0.51751187,0.00000000,0.83969947,0.78479336,0
901,102199,0.54129403,0.00000000,0.91460510,0.65569655,0
902,102299,0.60271625,0.00271625,0.95161895,0.69682059,0
903,102399,0.55937296,0.00000000,0.91880150,0.68144149,0
904,102499,0.35991979,0.00000000,0.96825424,0.40184944,0
905,102599,0.60678529,0.00678529,0.96333605,0.68381849,0
906,102699,0.73973029,0.14651558,0.92834551,0.86147220,0
907,102799,0.65678421,0.20329979,0.92279062,0.77959294,0
908,102899,0.57509955,0.17839935,0.88863150,0.73546446,0
909,102999,0.50720808,0.08560743,0.93429830,0.58602101,0
910,103099,0.59025554,0.07586297,0.88140502,0.82157515,0
911,103199,0.48254695,0.00000000,0.91281555,0.58261139,0
912,103299,0.49277959,0.00000000,0.94294638,0.58306757,0
913,103399,0.47129637,0.00000000,0.92149515,0.56077809,0
914,103499,0.37806574,0.00000000,0.96021602,0.42663542,0
915,103599,0.43234903,0.00000000,0.95679187,0.48403671,0
916,103699,0.52082999,0.00000000,0.94892660,0.60082730,0
917,103799,0.51992004,0.00000000,0.97414680,0.57321319,0
918,103899,0.52263654,0.00000000,0.97948105,0.55784521,0
919,103999,0.57713834,0.00000000,0.97929817,0.61532777,0
920,104099,0.83744152,0.23744152,0.87367854,1.18086560,0
921,104199,0.64191659,0.27935811,0.98556734,0.66915701,0
922,104299,0.55050965,0.22986776,0.98040840,0.60394623,0
923,104399,0.54929490,0.17916266,0.98445894,0.57550926,0
924,104499,0.53426285,0.11342552,0.99474889,0.54186760,0
925,104599,0.62137451,0.13480003,0.99006020,0.64970903,0
926,104699,0.67322735,0.20802738,0.99020274,0.69604172,0
927,104799,0.60618822,0.21421560,0.99441948,0.61848934,0
928,104899,0.63025751,0.24447311,0.99162668,0.64909187,0
929,104999,0.64035811,0.28483122,0.98911839,0.66381687,0
930,105099,0.67521692,0.36004813,0.85852136,0.99340703,0
931,105199,0.57791622,0.33796436,0.99584504,0.58713710,0
932,105299,0.61311354,0.35107790,0.99614374,0.62615077,0
933,105399,0.60386820,0.35494610,0.99769120,0.61033273,0
934,105499,0.62023254,0.37517864,0.99511415,0.62935317,0
935,105599,0.57780496,0.35298360,0.99140972,0.59461741,0
936,105699,0.67422867,0.42721227,0.99605497,0.68729298,0
937,105799,0.65556327,0.48277554,0.99754696,0.66177108,0
938,105899,0.71828853,0.60106407,0.99778496,0.72341436,0
939,105999,0.57299012,0.57405420,0.99738026,0.57975489,0
940,106099,1.17430459,1.14835879,0.92268933,1.44991537,0
941,106199,0.54267930,1.09103809,0.99856068,0.54531725,0
942,106299,0.53225869,1.02329678,0.99954100,0.53317405,0
943,106399,0.57776197,1.00105874,0.99946376,0.57872409,0
944,106499,0.64200708,1.04306582,0.99853990,0.64711275,0
945,106599,0.63360145,1.07666727,0.99420475,0.64501122,0
946,106699,0.56026908,1.03693635,0.99659503,0.56363823,0
947,106799,0.58755115,1.02448749,0.99974808,0.58825469,0
948,106899,0.56628765,0.99077515,0.99954368,0.56763588,0
949,106999,0.72081267,1.11158782,0.99976217,0.72153256,0
950,107099,0.82766120,1.33924902,0.94458212,0.97170982,0
951,107199,0.51540142,1.25465044,0.99372834,0.52597236,0
952,107299,0.65657330,1.31122373,0.99865426,0.66002127,0
953,107399,0.66168548,1.37290922,0.99945465,0.66307197,0
954,107499,0.77687532,1.54978453,0.99931692,0.77895466,0
955,107599,0.69855609,1.64834062,0.99926640,0.70164833,0
956,107699,0.70844459,1.75678522,0.99979222,0.70897144,0
957,107799,0.63020571,1.78699092,0.99746769,0.63747842,0
958,107899,0.58908308,1.77607400,0.99579544,0.59718072,0
959,107999,0.65937813,1.83545213,0.99979536,0.66000303,0
960,108099,0.88427383,2.11972596,0.92627828,1.09070305,0
961,108199,0.64064275,2.16036871,0.99654510,0.64525891,0
962,108299,0.57525969,2.13562840,0.99967419,0.57620619,0
963,108399,0.71757924,2.25320765,0.99967134,0.71891893,0
964,108499,0.65147298,2.30468062,0.99872363,0.65387811,0
965,108599,0.62908897,2.33376959,0.99786756,0.63407955,0
966,108699,0.69700038,2.43076997,0.99966933,0.69773952,0
967,108799,0.69799145,2.52876142,0.99897268,0.69928790,0
968,108899,0.62528650,2.55404792,0.99884113,0.62923286,0
969,108999,0.84755063,2.80159855,0.99913968,0.85027632,0
970,109099,0.75288056,2.95447911,0.83558056,1.05546320,0
971,109199,0.71626240,3.07074151,0.99666695,0.72312553,1
972,110299,0.29061861,0.00000000,0.75189387,0.63455007,0
973,110399,0.32484939,0.00000000,0.78892091,0.62328550,0
974,110499,0.35201449,0.00000000,0.83870387,0.59159687,0
975,110599,0.35673209,0.00000000,0.84424308,0.58639802,0
976,110699,0.44100524,0.00000000,0.83660844,0.70506161,0
977,110799,0.46174526,0.00000000,0.88157148,0.66666864,0
978,110899,0.52762875,0.00000000,0.86735452,0.74806777,0
979,110999,0.44885808,0.00000000,0.89468836,0.66594209,0
980,111099,0.29044641,0.00000000,0.51358241,0.91446588,0
981,111199,0.54565869,0.00000000,0.85589808,0.83629511,0
982,111299,0.48510967,0.00000000,0.86817112,0.69331143,0
983,111399,0.46580230,0.00000000,0.85927841,0.73180690,0
984,111499,0.52968448,0.00000000,0.94029292,0.63800576,0
985,111599,0.51814153,0.00000000,0.93078534,0.63867874,0
986,111699,0.52306064,0.00000000,0.93341080,0.63848314,0
987,111799,0.54404921,0.00000000,0.92584462,0.69286452,0
988,111899,0.56210261,0.00000000,0.95351997,0.66189961,0
989,111999,0.54937282,0.00000000,0.96236664,0.62451867,0
990,112099,0.16970934,0.00000000,0.30504083,1.08392985,0
991,112199,0.50040762,0.00000000,0.93840673,0.61437990,0
992,112299,0.59786678,0.00000000,0.96125510,0.67944398,0
993,112399,0.65181813,0.05181813,0.95010545,0.77467208,0
994,112499,0.54692627,0.00000000,0.93492379,0.66571362,0
995,112599,0.62343944,0.02343944,0.95589548,0.70741790,0
996,112699,0.62938429,0.05282373,0.95757559,0.70142230,0
997,112799,0.56416410,0.01698784,0.94345520,0.66853071,0
998,112899,0.62516204,0.04214988,0.92491058,0.79999955,0
999,112999,0.57469805,0.01684793,0.90532560,0.76498565,0
1000,113099,0.35130468,0.00000000,0.62773463,0.76733290,0
1001,113199,0.64221069,0.04221069,0.95822059,0.74167006,0
1002,113299,0.57692735,0.01913804,0.92313289,0.75502846,0
1003,113399,0.60680931,0.02594735,0.94045548,0.73521832,0
1004,113499,0.63870900,0.06465635,0.95752565,0.72502931,0
1005,113599,0.60172729,0.06638364,0.96503338,0.68912361,0
1006,113699,0.69723889,0.16362253,0.97045666,0.77858915,0
1007,113799,0.59613358,0.15975611,0.96760075,0.66477970,0
1008,113899,0.52570229,0.08545840,0.97317099,0.58584243,0
1009,113999,0.66967476,0.15513317,0.95572765,0.78520155,0
1010,114099,0.32131438,0.00000000,0.56168324,0.82470862,0
1011,114199,0.67162405,0.07162405,0.96102924,0.74129337,0
1012,114299,0.58662311,0.05824716,0.96507350,0.64712619,0
1013,114399,0.62455220,0.08279936,0.94335418,0.78035271,0
1014,114499,0.61790046,0.10069982,0.95257711,0.72434384,0
1015,114599,0.67241943,0.17311925,0.95991944,0.75940147,0
1016,114699,0.62162600,0.19474524,0.95638928,0.70047256,0
1017,114799,0.65155030,0.24629554,0.95034047,0.75814993,0
1018,114899,0.67748511,0.32378065,0.95699853,0.79051937,0
1019,114999,0.66875440,0.39253505,0.93712808,0.80082132,0
1020,115099,0.36104693,0.15358198,0.64505987,0.77351312,0
1021,115199,0.67121616,0.22479814,0.95668800,0.78150856,0
1022,115299,0.58555504,0.21035317,0.96274153,0.65812333,0
1023,115399,0.62120021,0.23155339,0.97597332,0.67394248,0
1024,115499,0.69401326,0.32556665,0.98038408,0.73614824,0
1025,115599,0.63344463,0.35901127,0.96844460,0.70146718,0
1026,115699,0.62164737,0.38065864,0.94977412,0.72017648,0
1027,115799,0.56957800,0.35023664,0.95698663,0.64360573,0
1028,115899,0.57334101,0.32357765,0.97237707,0.61285664,0
1029,115999,0.60900972,0.33258736,0.97490038,0.65723587,0
1030,116099,0.14387614,0.00000000,0.48271013,0.84703598,0
1031,116199,0.60647470,0.00647470,0.98494509,0.64734504,0
1032,116299,0.59538352,0.00185822,0.97718582,0.64722612,0
1033,116399,0.59407134,0.00000000,0.97695725,0.64113898,0
1034,116499,0.64290092,0.04290092,0.98923661,0.66318346,0
1035,116599,0.66010040,0.10300132,0.98429765,0.69904841,0
1036,116699,0.74508663,0.24808795,0.98783197,0.77979466,0
1037,116799,0.64969317,0.29778112,0.96597705,0.70799624,0
1038,116899,0.61996760,0.31774872,0.95983086,0.68836840,0
1039,116999,0.64095969,0.35870841,0.98451481,0.67274607,0
1040,117099,0.16605853,0.00000000,0.40613211,0.92908308,0
1041,117199,0.60471878,0.00471878,0.90473335,0.74353392,0
1042,117299,0.67774167,0.08246046,0.93461744,0.81400619,0
1043,117399,0.57622721,0.05868767,0.95200404,0.67404263,0
1044,117499,0.59707668,0.05576435,0.95942413,0.66486985,0
1045,117599,0.59008334,0.04584768,0.97387308,0.64024266,0
1046,117699,0.54803783,0.00000000,0.97617655,0.59180008,0
1047,117799,0.64985816,0.04985816,0.96804015,0.71449116,0
1048,117899,0.63079328,0.08065145,0.97258121,0.68441935,0
1049,117999,0.60932288,0.08997433,0.96743983,0.67835609,0
1050,118099,0.46119984,0.00000000,0.73494052,0.81970093,0
1051,118199,0.62157284,0.02157284,0.97114275,0.68130296,0
1052,118299,0.61517516,0.03674801,0.96613681,0.68513407,0
1053,118399,0.59995410,0.03670211,0.97587672,0.66011625,0
1054,118499,0.73357175,0.17027386,0.94448424,0.86514026,0
1055,118599,0.61038732,0.18066118,0.97197489,0.65602980,0
1056,118699,0.66696282,0.24762400,0.96308122,0.73468466,0
1057,118799,0.68876255,0.33638654,0.96880612,0.74562475,0
1058,118899,0.59032345,0.32670999,0.98312362,0.61652216,0
1059,118999,0.62578731,0.35249730,0.97893729,0.66221893,0
1060,119099,0.49321724,0.24571454,0.48116627,1.35689532,0
1061,119199,0.63509209,0.28080663,0.97971039,0.66889703,0
1062,119299,0.44786921,0.12867584,0.98659929,0.47763175,0
1063,119399,0.56588249,0.09455833,0.98054156,0.60260791,0
1064,119499,0.62961695,0.12417528,0.96351523,0.71213793,0
1065,119599,0.53110443,0.05527971,0.98451399,0.56601922,0
1066,119699,0.66339953,0.11867924,0.98769018,0.69263490,0
1067,119799,0.61872933,0.13740857,0.98061541,0.67010424,0
1068,119899,0.56566321,0.10307178,0.99181952,0.58282049,0
1069,119999,0.63515592,0.13822769,0.99117498,0.65948998,0
1070,120099,0.61862512,0.15685281,0.78143227,1.00939697,0
1071,120199,0.55989155,0.11674436,0.99211979,0.58362156,0
1072,120299,0.65027986,0.16702422,0.98719160,0.68622829,0
1073,120399,0.59257889,0.15960311,0.98805408,0.60789951,0
1074,120499,0.68000784,0.23961095,0.99704705,0.68926445,0
1075,120599,0.64217028,0.28178122,0.98990316,0.66216050,0
1076,120699,0.70319167,0.38497289,0.99717609,0.71198264,0
1077,120799,0.65261775,0.43759064,0.97884779,0.69584889,0
1078,120899,0.60014090,0.43773154,0.98989232,0.61398733,0
1079,120999,0.61901312,0.45674466,0.98726285,0.64164689,0
1080,121099,0.60077287,0.45751753,0.89209058,0.80090596,0
1081,121199,0.66035569,0.51787321,0.97808469,0.69807156,0
1082,121299,0.67894610,0.59681931,0.98680876,0.71546763,0
1083,121399,0.73320587,0.73002518,0.98818010,0.76451438,0
1084,121499,0.65310876,0.78313393,0.97494929,0.69830927,0
1085,121599,0.62746411,0.81059804,0.98916628,0.64441845,0
1086,121699,0.74132605,0.95192409,0.98438278,0.77171876,0
1087,121799,0.65850046,1.01042455,0.99674590,0.67072132,0
1088,121899,0.64157406,1.05199861,0.98779458,0.68464503,0
1089,121999,0.70509910,1.15709771,0.99205225,0.73054805,0
1090,122099,0.50691000,1.06400771,0.81129876,0.72384475,0
1091,122199,0.62100649,1.08501419,0.99378825,0.63662551,0
1092,122299,0.69885655,1.18387074,0.98294304,0.75094586,0
1093,122399,0.61702697,1.20089771,0.99526316,0.62838832,0
1094,122499,0.58831804,1.18921575,0.99229282,0.60264918,0
1095,122599,0.69398585,1.28320160,0.98657353,0.74616957,0
1096,122699,0.70608455,1.38928615,0.98763072,0.73371306,0
1097,122799,0.75928995,1.54857610,0.98554411,0.80689243,0
1098,122899,0.70138934,1.64996545,0.99247039,0.71943819,0
1099,122999,0.70126774,1.75123319,0.98411558,0.73598969,0
1100,123099,0.54746507,1.69869826,0.87537597,0.76771579,0
1101,123199,0.60920710,1.70790536,0.98914235,0.63843375,0
1102,123299,0.60084500,1.70875035,0.99690705,0.60808418,0
1103,123399,0.67633752,1.78508788,0.99114390,0.70173735,0
1104,123499,0.69824761,1.88333549,0.99349524,0.70955277,0
1105,123599,0.61993516,1.90327064,0.99152095,0.63431538,0
1106,123699,0.61018481,1.91345546,0.99678691,0.61828005,0
1107,123799,0.65654963,1.97000509,0.99385173,0.66851099,0
1108,123899,0.65240852,2.02241361,0.99492083,0.67168897,0
1109,123999,0.75935055,2.18176416,0.99382677,0.76969113,0
1110,124099,0.63815682,2.21992097,0.92346095,0.76364974,0
1111,124199,0.71901786,2.33893883,0.99013182,0.73489449,0
1112,124299,0.63877060,2.37770943,0.99447875,0.65213127,0
1113,124399,0.66586424,2.44357367,0.99540473,0.68048371,0
1114,124499,0.62721184,2.47078551,0.98857035,0.65529329,0
1115,124599,0.68131071,2.55209623,0.98138544,0.72241544,0
1116,124699,0.70547414,2.65757037,0.98655089,0.74792929,0
1117,124799,0.68454205,2.74211242,0.99348956,0.70258955,0
1118,124899,0.70978040,2.85189282,0.99447889,0.72307632,0
1119,124999,0.55514246,2.80703528,0.98471066,0.57166920,0
1120,125099,0.44783892,2.65487420,0.85330022,0.66192747,0
1121,125199,0.59871002,2.65358422,0.98361309,0.63440980,0
1122,125299,0.64481135,2.69839557,0.99072350,0.66829741,0
1123,125399,0.64475090,2.74314646,0.98944247,0.67271518,0
1124,125499,0.61615521,2.75930167,0.99129418,0.63345199,0
1125,125599,0.79239426,2.95169593,0.96676843,0.87743219,0
1126,125699,0.74313458,3.09483051,0.99667916,0.75519357,1
1127,126799,0.21215704,0.00000000,0.61682762,0.75959578,0
1128,126899,0.24159392,0.00000000,0.68838964,0.70968404,0
1129,126999,0.24944655,0.00000000,0.70950151,0.70384099,0
1130,127099,0.23135489,0.00000000,0.64317322,0.66689905,0
1131,127199,0.29044621,0.00000000,0.74093954,0.67938679,0
1132,127299,0.28697295,0.00000000,0.80673236,0.58150053,0
1133,127399,0.40073302,0.00000000,0.81655005,0.78121041,0
1134,127499,0.36240322,0.00000000,0.79605683,0.66984765,0
1135,127599,0.33025218,0.00000000,0.79692399,0.69259428,0
1136,127699,0.34088855,0.00000000,0.79414272,0.67544195,0
1137,127799,0.37621887,0.00000000,0.85848604,0.64852951,0
1138,127899,0.41104206,0.00000000,0.84197308,0.67012892,0
1139,127999,0.43204694,0.00000000,0.80593814,0.71964165,0
1140,128099,0.17665144,0.00000000,0.44729858,0.77969700,0
1141,128199,0.37302411,0.00000000,0.83213520,0.61251736,0
1142,128299,0.42195570,0.00000000,0.84423359,0.70972539,0
1143,128399,0.41177865,0.00000000,0.86018498,0.61977963,0
1144,128499,0.46513681,0.00000000,0.86568274,0.70998605,0
1145,128599,0.45410742,0.00000000,0.83765010,0.70485033,0
1146,128699,0.44921687,0.00000000,0.90231602,0.63251491,0
1147,128799,0.49128094,0.00000000,0.89446348,0.68188379,0
1148,128899,0.46991804,0.00000000,0.91039103,0.63915282,0
1149,128999,0.56157837,0.00000000,0.89301516,0.78467944,0
1150,129099,0.44711079,0.00000000,0.71198782,0.85345965,0
1151,129199,0.46859759,0.00000000,0.90400018,0.64996773,0
1152,129299,0.48881539,0.00000000,0.92594830,0.60928041,0
1153,129399,0.56537242,0.00000000,0.94230134,0.67531494,0
1154,129499,0.51113434,0.00000000,0.89515854,0.73525172,0
1155,129599,0.50121691,0.00000000,0.92286364,0.65337486,0
1156,129699,0.51581140,0.00000000,0.90682228,0.69897871,0
1157,129799,0.53274180,0.00000000,0.95841231,0.61488901,0
1158,129899,0.56960881,0.00000000,0.94474469,0.66065598,0
1159,129999,0.53356270,0.00000000,0.96916878,0.58804840,0
1160,130099,0.39549636,0.00000000,0.71149979,0.77098743,0
1161,130199,0.56107804,0.00000000,0.94969274,0.65202789,0
1162,130299,0.54718108,0.00000000,0.94506719,0.63717201,0
1163,130399,0.60582969,0.00582969,0.93544121,0.75671180,0
1164,130499,0.52820269,0.00000000,0.95272517,0.61291013,0
1165,130599,0.51607388,0.00000000,0.95649785,0.60255460,0
1166,130699,0.63062914,0.03062914,0.95144546,0.73624535,0
1167,130799,0.60040330,0.03103244,0.94002809,0.71001001,0
1168,130899,0.64990526,0.08093770,0.95109925,0.74269292,0
1169,130999,0.56693181,0.04786951,0.98236406,0.60979982,0
1170,131099,0.45660526,0.00000000,0.74589047,0.79371354,0
1171,131199,0.56984371,0.00000000,0.95883591,0.63242490,0
1172,131299,0.60620213,0.00620213,0.95883298,0.69191357,0
1173,131399,0.63061096,0.03681309,0.96570962,0.70247886,0
1174,131499,0.63946172,0.07627481,0.93529248,0.78837021,0
1175,131599,0.58904959,0.06532440,0.94635463,0.69620503,0
1176,131699,0.57345452,0.03877892,0.93600081,0.69353515,0
1177,131799,0.59055292,0.02933184,0.94001544,0.71977013,0
1178,131899,0.55758263,0.00000000,0.95528514,0.64592735,0
1179,131999,0.54083452,0.00000000,0.94315817,0.63696113,0
1180,132099,0.45752493,0.00000000,0.84126397,0.66123674,0
1181,132199,0.58167251,0.00000000,0.95206328,0.69262216,0
1182,132299,0.59840766,0.00000000,0.96590845,0.65190924,0
1183,132399,0.59736278,0.00000000,0.95417592,0.69684998,0
1184,132499,0.60167949,0.00167949,0.96316719,0.66730046,0
1185,132599,0.58582491,0.00000000,0.95439318,0.68269216,0
1186,132699,0.61221993,0.01221993,0.98244287,0.65664497,0
1187,132799,0.64689807,0.05911800,0.97277172,0.72224299,0
1188,132899,0.61163802,0.07075602,0.97694178,0.65430148,0
1189,132999,0.65659874,0.12735476,0.97683400,0.70828526,0
1190,133099,0.51335482,0.04070958,0.89565133,0.71088603,0
1191,133199,0.72154072,0.16225029,0.94827712,0.80967731,0
1192,133299,0.56499445,0.12724475,0.96756576,0.63359874,0
1193,133399,0.57114397,0.09838872,0.97335932,0.62567441,0
1194,133499,0.69347873,0.19186745,0.97573135,0.74686565,0
1195,133599,0.62852539,0.22039284,0.96681065,0.68813731,0
1196,133699,0.67038949,0.29078232,0.98250119,0.71053395,0
1197,133799,0.59389992,0.28468224,0.97847198,0.63190321,0
1198,133899,0.66262108,0.34730332,0.96434081,0.76777394,0
1199,133999,0.63961082,0.38691414,0.97648247,0.69478896,0
1200,134099,0.13474246,0.00000000,0.49691156,0.77330810,0
1201,134199,0.58664535,0.00000000,0.83561925,0.86402321,0
1202,134299,0.58834473,0.00000000,0.98489337,0.61497287,0
1203,134399,0.59645587,0.00000000,0.98421732,0.62959521,0
1204,134499,0.59998542,0.00000000,0.98689343,0.62426797,0
1205,134599,0.66614095,0.06614095,0.98466092,0.69798145,0
1206,134699,0.63052110,0.09666204,0.99161488,0.65757481,0
1207,134799,0.64437549,0.14103754,0.97816719,0.69613881,0
1208,134899,0.66712464,0.20816218,0.98653434,0.70416722,0
1209,134999,0.65817128,0.26633347,0.98823338,0.68678402,0
1210,135099,0.46735838,0.13369185,0.66473894,0.86398162,0
1211,135199,0.67065527,0.20434711,0.98133655,0.71514163,0
1212,135299,0.65527218,0.25961929,0.98032846,0.68795991,0
1213,135399,0.61372030,0.27333959,0.98208214,0.65428388,0
1214,135499,0.65180219,0.32514178,0.99096282,0.66980044,0
1215,135599,0.60660822,0.33175001,0.98430896,0.63983731,0
1216,135699,0.58515517,0.31690517,0.98543792,0.62219881,0
1217,135799,0.68726220,0.40416738,0.98958423,0.71112875,0
1218,135899,0.64431979,0.44848717,0.99028424,0.67243365,0
1219,135999,0.70772939,0.55621656,0.98500376,0.76000404,0
1220,136099,0.59393074,0.55014730,0.84466096,0.80647243,0
1221,136199,0.56835220,0.51849950,0.98545968,0.59214715,0
1222,136299,0.58886012,0.50735962,0.97883207,0.63687256,0
1223,136399,0.67562502,0.58298464,0.98348688,0.71551255,0
1224,136499,0.57068295,0.55366759,0.98712804,0.59392937,0
1225,136599,0.62380625,0.57747384,0.98477773,0.67802666,0
1226,136699,0.63417737,0.61165122,0.97254209,0.68397985,0
1227,136799,0.63364786,0.64529907,0.99174974,0.65662543,0
1228,136899,0.61283351,0.65813259,0.98951260,0.63590903,0
1229,136999,0.54798278,0.60611537,0.99221693,0.56467055,0
1230,137099,0.45074161,0.45685698,0.71707498,0.92226121,0
1231,137199,0.53339855,0.39025553,0.99147088,0.55070423,0
1232,137299,0.63495068,0.42520621,0.98333855,0.67773519,0
1233,137399,0.59268095,0.41788716,0.99316412,0.60448644,0
1234,137499,0.62210396,0.43999113,0.99030787,0.63509186,0
1235,137599,0.64573427,0.48572539,0.98829183,0.66802062,0
1236,137699,0.59475282,0.48047821,0.99404052,0.60407943,0
1237,137799,0.67350609,0.55398430,0.99044167,0.69458134,0
1238,137899,0.67104670,0.62503100,0.98631822,0.69956513,0
1239,137999,0.65230630,0.67733730,0.99444159,0.66734182,0
1240,138099,0.42396262,0.50129992,0.72571113,0.86812949,0
1241,138199,0.54120916,0.44250907,0.98926245,0.56909943,0
1242,138299,0.66497387,0.50748295,0.98142891,0.69112836,0
1243,138399,0.63368357,0.54116652,0.99155390,0.65729905,0
1244,138499,0.68286954,0.62403605,0.98843552,0.71123669,0
1245,138599,0.58884491,0.61288096,0.99135412,0.60747494,0
1246,138699,0.68259637,0.69547733,0.98447541,0.70573524,0
1247,138799,0.66368798,0.75916531,0.99043888,0.69357102,0
1248,138899,0.65733088,0.81649619,0.98540556,0.68417793,0
1249,138999,0.70434862,0.92084482,0.96636546,0.78838398,0
1250,139099,0.51697504,0.83781985,0.81130302,0.85152180,0
1251,139199,0.56700409,0.80482394,0.99535433,0.57600975,0
1252,139299,0.70131731,0.90614125,0.99118990,0.72432965,0
1253,139399,0.62354005,0.92968130,0.99633215,0.62989059,0
1254,139499,0.73021421,1.05989552,0.99142553,0.75394310,0
1255,139599,0.76121044,1.22110596,0.97979783,0.79942963,0
1256,139699,0.69314660,1.31425256,0.99276402,0.70801100,0
1257,139799,0.68556772,1.39982028,0.98821227,0.71594453,0
1258,139899,0.61757431,1.41739458,0.98950757,0.64931966,0
1259,139999,0.68416088,1.50155547,0.99045094,0.70806186,0
1260,140099,0.79207466,1.69363012,0.84151625,1.12489015,0
1261,140199,0.56257540,1.65620552,0.99920393,0.56384709,0
1262,140299,0.62780321,1.68400873,0.98987504,0.65405073,0
1263,140399,0.58237638,1.66638512,0.99296753,0.60112191,0
1264,140499,0.66307701,1.72946213,0.99659381,0.66909694,0
1265,140599,0.63780610,1.76726823,0.99300647,0.65786223,0
1266,140699,0.63315741,1.80042564,0.99343660,0.64790153,0
1267,140799,0.72087673,1.92130238,0.97835920,0.77853492,0
1268,140899,0.68088333,2.00218571,0.98784862,0.70899132,0
1269,140999,0.59246976,1.99465546,0.98961892,0.61691367,0
1270,141099,0.60377643,1.99843189,0.90971916,0.71673703,0
1271,141199,0.68575438,2.08418627,0.99434186,0.69533736,0
1272,141299,0.65471075,2.13889702,0.99322489,0.67037694,0
1273,141399,0.74385349,2.28275051,0.99048843,0.77020654,0
1274,141499,0.58637131,2.26912182,0.98356123,0.61945883,0
1275,141599,0.58217273,2.25129455,0.99163531,0.60027342,0
1276,141699,0.59309131,2.24438586,0.99356075,0.61044351,0
1277,141799,0.67106491,2.31545077,0.98161518,0.69717891,0
1278,141899,0.66485948,2.38031025,0.99445177,0.69354683,0
1279,141999,0.63750442,2.41781467,0.99315129,0.65565569,0
1280,142099,0.48329058,2.30110524,0.81373555,0.75125993,0
1281,142199,0.63530055,2.33640580,0.99310416,0.65590177,0
1282,142299,0.50879417,2.24519997,0.99038693,0.52187661,0
1283,142399,0.65982484,2.30502481,0.99269971,0.68827576,0
1284,142499,0.68252955,2.38755436,0.99062498,0.70385716,0
1285,142599,0.78202777,2.56958213,0.99569307,0.79723755,0
1286,142699,0.66760133,2.63718346,0.99414048,0.68816396,0
1287,142799,0.68744679,2.72463024,0.99124296,0.70055820,0
1288,142899,0.80927100,2.93390124,0.99248207,0.82971291,0
1289,142999,0.59432480,2.92822604,0.99497127,0.60391747,0
1290,143099,0.52761085,2.85583689,0.85213347,0.79313402,0
1291,143199,0.62059927,2.87643616,0.99560245,0.62921116,0
1292,143299,0.56611787,2.84255403,0.99420210,0.58101455,0
1293,143399,0.60062681,2.84318084,0.99616843,0.61258150,0
1294,143499,0.60156752,2.84474836,0.99933691,0.60284082,0
1295,143599,0.75344354,2.99819190,0.99443384,0.77384205,0
1296,143699,0.73651409,3.13470599,0.99188786,0.75994454,1
1297,144799,0.22148063,0.00000000,0.68209206,0.66552067,0
1298,144899,0.20970022,0.00000000,0.71151069,0.65223676,0
1299,144999,0.29315959,0.00000000,0.71104677,0.76720146,0
1300,145099,0.13328644,0.00000000,0.43380234,0.70857573,0
1301,145199,0.28468396,0.00000000,0.76021262,0.63440915,0
1302,145299,0.29844957,0.00000000,0.78209319,0.61406424,0
1303,145399,0.34043646,0.00000000,0.81690300,0.64218436,0
1304,145499,0.37051419,0.00000000,0.84493876,0.64890345,0
1305,145599,0.40788296,0.00000000,0.87059445,0.63883222,0
1306,145699,0.46932499,0.00000000,0.87046715,0.70310855,0
1307,145799,0.42952978,0.00000000,0.84328804,0.69896872,0
1308,145899,0.47336029,0.00000000,0.85258253,0.76407251,0
1309,145999,0.42076433,0.00000000,0.83663720,0.70574735,0
1310,146099,0.25377274,0.00000000,0.52723993,0.70002097,0
1311,146199,0.39100574,0.00000000,0.86612145,0.56876027,0
1312,146299,0.45885749,0.00000000,0.81422658,0.80532333,0
1313,146399,0.47996305,0.00000000,0.82373657,0.77511304,0
1314,146499,0.53091131,0.00000000,0.88919611,0.71752974,0
1315,146599,0.37594689,0.00000000,0.82901919,0.65732510,0
1316,146699,0.45097412,0.00000000,0.94710446,0.54045934,0
1317,146799,0.51697258,0.00000000,0.90501845,0.70777515,0
1318,146899,0.48752540,0.00000000,0.88771022,0.70923607,0
1319,146999,0.50792734,0.00000000,0.88740754,0.73303020,0
1320,147099,0.17211087,0.00000000,0.44146801,0.82582005,0
1321,147199,0.43631842,0.00000000,0.87914290,0.63955715,0
1322,147299,0.47998334,0.00000000,0.90397850,0.65342765,0
1323,147399,0.46973378,0.00000000,0.88186252,0.64258889,0
1324,147499,0.52254928,0.00000000,0.84436555,0.81474068,0
1325,147599,0.51475478,0.00000000,0.90606641,0.71595705,0
1326,147699,0.46089288,0.00000000,0.85418512,0.71527519,0
1327,147799,0.47435454,0.00000000,0.89347809,0.62747436,0
1328,147899,0.50656144,0.00000000,0.90888141,0.67320103,0
1329,147999,0.47204227,0.00000000,0.88712995,0.67494761,0
1330,148099,0.41044619,0.00000000,0.78228059,0.70198740,0
1331,148199,0.49346268,0.00000000,0.89140968,0.68556382,0
1332,148299,0.53873048,0.00000000,0.91561807,0.72067366,0
1333,148399,0.50948985,0.00000000,0.95134746,0.60189156,0
1334,148499,0.52175559,0.00000000,0.92021421,0.64780225,0
1335,148599,0.57170744,0.00000000,0.93661132,0.72655066,0
1336,148699,0.52161365,0.00000000,0.93841861,0.64408062,0
1337,148799,0.52495063,0.00000000,0.93717401,0.63385805,0
1338,148899,0.59595655,0.00000000,0.96848988,0.65638039,0
1339,148999,0.61678171,0.01678171,0.95061723,0.71929613,0
1340,149099,0.33085376,0.00000000,0.65774398,0.79553757,0
1341,149199,0.55901699,0.00000000,0.93057945,0.69688816,0
1342,149299,0.55251183,0.00000000,0.91165266,0.71673176,0
1343,149399,0.56521809,0.00000000,0.89223009,0.78009911,0
1344,149499,0.55159630,0.00000000,0.93849728,0.64038914,0
1345,149599,0.58670481,0.00000000,0.92894675,0.73950462,0
1346,149699,0.52434104,0.00000000,0.93707990,0.63154412,0
1347,149799,0.56980145,0.00000000,0.95583309,0.64611486,0
1348,149899,0.57018775,0.00000000,0.94045203,0.68287057,0
1349,149999,0.52022553,0.00000000,0.96414009,0.58793989,0
