step,bucket_id,bucket_trusted,became_trusted,learning_samples,prediction_error,trust_distance,baseline_error_mean,baseline_error_std,z_score,L_t,W_t,warning,shadow_active,warmup_remaining,regime_change,num_trusted_buckets
0,-1,0,0,0,nan,nan,nan,nan,nan,0.00000000,0.00000000,0,0,9999,0,0
100,-1,0,0,0,nan,nan,nan,nan,nan,0.00000000,0.00000000,0,0,9899,0,0
200,-1,0,0,0,nan,nan,nan,nan,nan,0.00000000,0.00000000,0,0,9799,0,0
300,-1,0,0,0,nan,nan,nan,nan,nan,0.00000000,0.00000000,0,0,9699,0,0
400,-1,0,0,0,nan,nan,nan,nan,nan,0.00000000,0.00000000,0,0,9599,0,0
500,-1,0,0,0,nan,nan,nan,nan,nan,0.00000000,0.00000000,0,0,9499,0,0
600,-1,0,0,0,nan,nan,nan,nan,nan,0.00000000,0.00000000,0,0,9399,0,0
700,-1,0,0,0,nan,nan,nan,nan,nan,0.00000000,0.00000000,0,0,9299,0,0
800,-1,0,0,0,nan,nan,nan,nan,nan,0.00000000,0.00000000,0,0,9199,0,0
900,-1,0,0,0,nan,nan,nan,nan,nan,0.00000000,0.00000000,0,0,9099,0,0
1000,-1,0,0,0,nan,nan,nan,nan,nan,0.00000000,0.00000000,0,0,8999,0,0
1100,-1,0,0,0,nan,nan,nan,nan,nan,0.00000000,0.00000000,0,0,8899,0,0
1200,-1,0,0,0,nan,nan,nan,nan,nan,0.00000000,0.00000000,0,0,8799,0,0
1300,-1,0,0,0,nan,nan,nan,nan,nan,0.00000000,0.00000000,0,0,8699,0,0
1400,-1,0,0,0,nan,nan,nan,nan,nan,0.00000000,0.00000000,0,0,8599,0,0
1500,-1,0,0,0,nan,nan,nan,nan,nan,0.00000000,0.00000000,0,0,8499,0,0
1600,-1,0,0,0,nan,nan,nan,nan,nan,0.00000000,0.00000000,0,0,8399,0,0
1700,-1,0,0,0,nan,nan,nan,nan,nan,0.00000000,0.00000000,0,0,8299,0,0
1800,-1,0,0,0,nan,nan,nan,nan,nan,0.00000000,0.00000000,0,0,8199,0,0
1900,-1,0,0,0,nan,nan,nan,nan,nan,0.00000000,0.00000000,0,0,8099,0,0
2000,-1,0,0,0,nan,nan,nan,nan,nan,0.00000000,0.00000000,0,0,7999,0,0
2100,-1,0,0,0,nan,nan,nan,nan,nan,0.00000000,0.00000000,0,0,7899,0,0
2200,-1,0,0,0,nan,nan,nan,nan,nan,0.00000000,0.00000000,0,0,7799,0,0
2300,-1,0,0,0,nan,nan,nan,nan,nan,0.00000000,0.00000000,0,0,7699,0,0
2400,-1,0,0,0,nan,nan,nan,nan,nan,0.00000000,0.00000000,0,0,7599,0,0
2500,-1,0,0,0,nan,nan,nan,nan,nan,0.00000000,0.00000000,0,0,7499,0,0
2600,-1,0,0,0,nan,nan,nan,nan,nan,0.00000000,0.00000000,0,0,7399,0,0
2700,-1,0,0,0,nan,nan,nan,nan,nan,0.00000000,0.00000000,0,0,7299,0,0
2800,-1,0,0,0,nan,nan,nan,nan,nan,0.00000000,0.00000000,0,0,7199,0,0
2900,-1,0,0,0,nan,nan,nan,nan,nan,0.00000000,0.00000000,0,0,7099,0,0
3000,-1,0,0,0,nan,nan,nan,nan,nan,0.00000000,0.00000000,0,0,6999,0,0
3100,-1,0,0,0,nan,nan,nan,nan,nan,0.00000000,0.00000000,0,0,6899,0,0
3200,-1,0,0,0,nan,nan,nan,nan,nan,0.00000000,0.00000000,0,0,6799,0,0
3300,-1,0,0,0,nan,nan,nan,nan,nan,0.00000000,0.00000000,0,0,6699,0,0
3400,-1,0,0,0,nan,nan,nan,nan,nan,0.00000000,0.00000000,0,0,6599,0,0
3500,-1,0,0,0,nan,nan,nan,nan,nan,0.00000000,0.00000000,0,0,6499,0,0
3600,-1,0,0,0,nan,nan,nan,nan,nan,0.00000000,0.00000000,0,0,6399,0,0
3700,-1,0,0,0,nan,nan,nan,nan,nan,0.00000000,0.00000000,0,0,6299,0,0
3800,-1,0,0,0,nan,nan,nan,nan,nan,0.00000000,0.00000000,0,0,6199,0,0
3900,-1,0,0,0,nan,nan,nan,nan,nan,0.00000000,0.00000000,0,0,6099,0,0
4000,-1,0,0,0,nan,nan,nan,nan,nan,0.00000000,0.00000000,0,0,5999,0,0
4100,-1,0,0,0,nan,nan,nan,nan,nan,0.00000000,0.00000000,0,0,5899,0,0
4200,-1,0,0,0,nan,nan,nan,nan,nan,0.00000000,0.00000000,0,0,5799,0,0
4300,-1,0,0,0,nan,nan,nan,nan,nan,0.00000000,0.00000000,0,0,5699,0,0
4400,-1,0,0,0,nan,nan,nan,nan,nan,0.00000000,0.00000000,0,0,5599,0,0
4500,-1,0,0,0,nan,nan,nan,nan,nan,0.00000000,0.00000000,0,0,5499,0,0
4600,-1,0,0,0,nan,nan,nan,nan,nan,0.00000000,0.00000000,0,0,5399,0,0
4700,-1,0,0,0,nan,nan,nan,nan,nan,0.00000000,0.00000000,0,0,5299,0,0
4800,-1,0,0,0,nan,nan,nan,nan,nan,0.00000000,0.00000000,0,0,5199,0,0
4900,-1,0,0,0,nan,nan,nan,nan,nan,0.00000000,0.00000000,0,0,5099,0,0
5000,-1,0,0,0,nan,nan,nan,nan,nan,0.00000000,0.00000000,0,0,4999,0,0
5100,-1,0,0,0,nan,nan,nan,nan,nan,0.00000000,0.00000000,0,0,4899,0,0
5200,-1,0,0,0,nan,nan,nan,nan,nan,0.00000000,0.00000000,0,0,4799,0,0
5300,-1,0,0,0,nan,nan,nan,nan,nan,0.00000000,0.00000000,0,0,4699,0,0
5400,-1,0,0,0,nan,nan,nan,nan,nan,0.00000000,0.00000000,0,0,4599,0,0
5500,-1,0,0,0,nan,nan,nan,nan,nan,0.00000000,0.00000000,0,0,4499,0,0
5600,-1,0,0,0,nan,nan,nan,nan,nan,0.00000000,0.00000000,0,0,4399,0,0
5700,-1,0,0,0,nan,nan,nan,nan,nan,0.00000000,0.00000000,0,0,4299,0,0
5800,-1,0,0,0,nan,nan,nan,nan,nan,0.00000000,0.00000000,0,0,4199,0,0
5900,-1,0,0,0,nan,nan,nan,nan,nan,0.00000000,0.00000000,0,0,4099,0,0
6000,-1,0,0,0,nan,nan,nan,nan,nan,0.00000000,0.00000000,0,0,3999,0,0
6100,-1,0,0,0,nan,nan,nan,nan,nan,0.00000000,0.00000000,0,0,3899,0,0
6200,-1,0,0,0,nan,nan,nan,nan,nan,0.00000000,0.00000000,0,0,3799,0,0
6300,-1,0,0,0,nan,nan,nan,nan,nan,0.00000000,0.00000000,0,0,3699,0,0
6400,-1,0,0,0,nan,nan,nan,nan,nan,0.00000000,0.00000000,0,0,3599,0,0
6500,-1,0,0,0,nan,nan,nan,nan,nan,0.00000000,0.00000000,0,0,3499,0,0
6600,-1,0,0,0,nan,nan,nan,nan,nan,0.00000000,0.00000000,0,0,3399,0,0
6700,-1,0,0,0,nan,nan,nan,nan,nan,0.00000000,0.00000000,0,0,3299,0,0
6800,-1,0,0,0,nan,nan,nan,nan,nan,0.00000000,0.00000000,0,0,3199,0,0
6900,-1,0,0,0,nan,nan,nan,nan,nan,0.00000000,0.00000000,0,0,3099,0,0
7000,-1,0,0,0,nan,nan,nan,nan,nan,0.00000000,0.00000000,0,0,2999,0,0
7100,-1,0,0,0,nan,nan,nan,nan,nan,0.00000000,0.00000000,0,0,2899,0,0
7200,-1,0,0,0,nan,nan,nan,nan,nan,0.00000000,0.00000000,0,0,2799,0,0
7300,-1,0,0,0,nan,nan,nan,nan,nan,0.00000000,0.00000000,0,0,2699,0,0
7400,-1,0,0,0,nan,nan,nan,nan,nan,0.00000000,0.00000000,0,0,2599,0,0
7500,-1,0,0,0,nan,nan,nan,nan,nan,0.00000000,0.00000000,0,0,2499,0,0
7600,-1,0,0,0,nan,nan,nan,nan,nan,0.00000000,0.00000000,0,0,2399,0,0
7700,-1,0,0,0,nan,nan,nan,nan,nan,0.00000000,0.00000000,0,0,2299,0,0
7800,-1,0,0,0,nan,nan,nan,nan,nan,0.00000000,0.00000000,0,0,2199,0,0
7900,-1,0,0,0,nan,nan,nan,nan,nan,0.00000000,0.00000000,0,0,2099,0,0
8000,-1,0,0,0,nan,nan,nan,nan,nan,0.00000000,0.00000000,0,0,1999,0,0
8100,-1,0,0,0,nan,nan,nan,nan,nan,0.00000000,0.00000000,0,0,1899,0,0
8200,-1,0,0,0,nan,nan,nan,nan,nan,0.00000000,0.00000000,0,0,1799,0,0
8300,-1,0,0,0,nan,nan,nan,nan,nan,0.00000000,0.00000000,0,0,1699,0,0
8400,-1,0,0,0,nan,nan,nan,nan,nan,0.00000000,0.00000000,0,0,1599,0,0
8500,-1,0,0,0,nan,nan,nan,nan,nan,0.00000000,0.00000000,0,0,1499,0,0
8600,-1,0,0,0,nan,nan,nan,nan,nan,0.00000000,0.00000000,0,0,1399,0,0
8700,-1,0,0,0,nan,nan,nan,nan,nan,0.00000000,0.00000000,0,0,1299,0,0
8800,-1,0,0,0,nan,nan,nan,nan,nan,0.00000000,0.00000000,0,0,1199,0,0
8900,-1,0,0,0,nan,nan,nan,nan,nan,0.00000000,0.00000000,0,0,1099,0,0
9000,-1,0,0,0,nan,nan,nan,nan,nan,0.00000000,0.00000000,0,0,999,0,0
9100,-1,0,0,0,nan,nan,nan,nan,nan,0.00000000,0.00000000,0,0,899,0,0
9200,-1,0,0,0,nan,nan,nan,nan,nan,0.00000000,0.00000000,0,0,799,0,0
9300,-1,0,0,0,nan,nan,nan,nan,nan,0.00000000,0.00000000,0,0,699,0,0
9400,-1,0,0,0,nan,nan,nan,nan,nan,0.00000000,0.00000000,0,0,599,0,0
9500,-1,0,0,0,nan,nan,nan,nan,nan,0.00000000,0.00000000,0,0,499,0,0
9600,-1,0,0,0,nan,nan,nan,nan,nan,0.00000000,0.00000000,0,0,399,0,0
9700,-1,0,0,0,nan,nan,nan,nan,nan,0.00000000,0.00000000,0,0,299,0,0
9800,-1,0,0,0,nan,nan,nan,nan,nan,0.00000000,0.00000000,0,0,199,0,0
9900,-1,0,0,0,nan,nan,nan,nan,nan,0.00000000,0.00000000,0,0,99,0,0
10000,0,0,0,1,0.30245009,nan,0.30245009,0.00000000,nan,0.00000000,0.00000000,0,0,0,0,0
10100,21,0,0,4,0.95223606,nan,0.95551360,0.09217807,nan,0.00000000,0.00000000,0,0,0,0,0
10200,31,0,0,12,0.41583352,nan,0.91135262,0.35136930,nan,0.00000000,0.00000000,0,0,0,0,0
10300,10,0,0,21,0.21857213,nan,0.44241999,0.18132018,nan,0.00000000,0.00000000,0,0,0,0,0
10400,55,0,0,3,0.83122895,nan,1.35387728,0.19033425,nan,0.00000000,0.00000000,0,0,0,0,0
10500,46,0,0,2,0.81308050,nan,0.93984417,0.02908158,nan,0.00000000,0.00000000,0,0,0,0,0
10600,2,0,0,40,0.46559610,nan,0.57015939,0.39227169,nan,0.00000000,0.00000000,0,0,0,0,0
10700,16,0,0,49,0.26555555,nan,0.39155908,0.38777838,nan,0.00000000,0.00000000,0,0,0,0,0
10800,56,0,0,10,0.89735394,nan,1.15619369,0.29885464,nan,0.00000000,0.00000000,0,0,0,0,0
10900,13,0,0,39,0.08067337,nan,0.60610688,0.41969231,nan,0.00000000,0.00000000,0,0,0,0,0
11000,1,0,0,28,0.04493334,nan,0.44090205,0.27309148,nan,0.00000000,10.00000000,0,0,0,0,1
11100,25,0,0,5,0.28090290,nan,0.23021235,0.02407398,nan,0.00000000,0.00000000,0,0,0,0,0
11200,27,0,0,15,0.07929787,nan,0.35512369,0.15405473,nan,0.00000000,0.00000000,0,0,0,0,0
11300,3,0,0,25,0.07241793,nan,0.21150134,0.17624958,nan,0.00000000,0.00000000,0,0,0,0,0
11400,25,0,0,28,0.04820115,nan,0.15077813,0.10518274,nan,0.00000000,0.00000000,0,0,0,0,0
11500,3,0,0,38,0.03863219,nan,0.14665495,0.14974176,nan,0.00000000,0.00000000,0,0,0,0,0
11600,2,0,0,8,0.24055434,nan,0.22501561,0.04945915,nan,0.00000000,0.00000000,0,0,0,0,0
11700,13,0,0,48,0.16652127,nan,0.20861590,0.19786197,nan,0.00000000,0.00000000,0,0,0,0,0
11800,145,0,0,1,0.94883287,nan,0.94883287,0.00000000,nan,0.00000000,0.00000000,0,0,0,0,0
11900,90,0,0,10,0.08322169,nan,0.78956187,0.34196473,nan,0.00000000,0.00000000,0,0,0,0,0
12000,2,0,0,18,0.20691520,nan,0.24411007,0.13083832,nan,0.00000000,0.00000000,0,0,0,0,0
12100,10,0,0,37,0.05377012,nan,0.17521099,0.12844122,nan,0.00000000,0.00000000,0,0,0,0,0
12200,39,0,0,31,0.11985043,nan,0.20161643,0.21676593,nan,0.00000000,10.47946502,0,0,0,0,2
12300,10,0,0,4,0.02866301,nan,0.07109847,0.01273918,nan,0.00000000,0.00000000,0,0,0,0,0
12400,19,0,0,1,0.03298576,nan,0.03298576,0.00000000,nan,0.00000000,0.00000000,0,0,0,0,0
12500,31,0,0,1,0.07539667,nan,0.07539667,0.00000000,nan,0.00000000,0.00000000,0,0,0,0,0
12600,31,0,0,14,0.06141633,nan,0.07102500,0.02221608,nan,0.00000000,0.00000000,0,0,0,0,0
12700,13,0,0,10,0.07241778,nan,0.09326446,0.03341800,nan,0.00000000,0.00000000,0,0,0,0,0
12800,5,0,0,2,0.10993288,nan,0.06163759,0.01107970,nan,0.00000000,0.00000000,0,0,0,0,1
12900,1,0,0,3,0.02648882,nan,0.22391260,0.06408532,nan,0.00000000,0.00000000,0,0,0,0,0
13000,17,0,0,6,0.03817592,nan,0.11841609,0.03767865,nan,0.00000000,0.00000000,0,0,0,0,1
13100,24,0,0,1,0.47348241,nan,0.47348241,0.00000000,nan,0.00000000,0.00000000,0,0,0,0,0
13200,37,0,0,9,0.06718581,nan,0.10666648,0.04080537,nan,0.00000000,10.00000000,0,0,0,0,4
13300,25,0,0,3,0.01192284,nan,0.02525412,0.03266102,nan,0.00000000,0.00000000,0,0,0,0,1
13400,9,0,0,2,0.01753336,nan,0.04342572,0.00594011,nan,0.00000000,5.00000000,0,0,0,0,1
13500,2,0,0,8,0.01502781,nan,0.04114876,0.01118398,nan,0.00000000,0.00000000,0,0,0,0,0
13600,139,0,0,1,2.25793926,nan,2.25793926,0.00000000,nan,0.00000000,15.00000000,0,0,0,0,3
13700,10,0,0,1,0.12264802,nan,0.12264802,0.00000000,nan,0.00000000,0.00000000,0,0,0,0,0
13800,1,0,0,13,0.28427068,nan,0.17334181,0.12531662,nan,0.00000000,0.00000000,0,0,0,0,1
13900,80,0,0,1,1.05296575,nan,1.05296575,0.00000000,nan,0.00000000,0.00000000,0,0,0,0,0
14000,1,0,0,1,0.04629180,nan,0.04629180,0.00000000,nan,0.00000000,10.00000000,0,0,0,0,1
14100,1,0,0,1,0.16593149,nan,0.16593149,0.00000000,nan,0.00000000,0.00000000,0,0,0,0,0
14200,11,0,0,3,0.16471804,nan,0.23558842,0.02175702,nan,0.00000000,10.00000000,0,0,0,0,1
14300,37,0,0,8,0.04064097,nan,0.07585477,0.02742648,nan,0.00000000,5.00000000,0,0,0,0,1
14400,14,0,0,1,0.05902667,nan,0.05902667,0.00000000,nan,0.00000000,0.00000000,0,0,0,0,0
14500,21,0,0,3,0.25600714,nan,0.37579420,0.07479660,nan,0.00000000,10.00000000,0,0,0,0,2
14600,9,0,0,7,0.10954303,nan,0.02705458,0.03439044,nan,0.00000000,0.00000000,0,0,0,0,0
14700,13,0,0,2,0.01233730,nan,0.03125590,0.00434022,nan,0.00000000,0.00000000,0,0,0,0,0
14800,25,0,0,7,0.04936799,nan,0.02505012,0.00965040,nan,0.00000000,0.00000000,0,0,0,0,0
14900,1,0,0,3,0.03025593,nan,0.10796007,0.02526930,nan,0.00000000,0.00000000,0,0,0,0,0
15000,13,0,0,1,0.09614235,nan,0.09614235,0.00000000,nan,0.00000000,0.00000000,0,0,0,0,0
15100,3,0,0,7,0.11429871,nan,0.12456659,0.20227105,nan,0.00000000,5.00000000,0,0,0,0,2
15200,0,0,0,1,0.12953977,nan,0.12953977,0.00000000,nan,0.00000000,0.00000000,0,0,0,0,1
15300,9,0,0,2,0.02722150,nan,0.09744419,0.01611019,nan,0.00000000,0.00000000,0,0,0,0,1
15400,5,0,0,1,0.02245695,nan,0.02245695,0.00000000,nan,0.00000000,0.00000000,0,0,0,0,0
15500,0,0,0,2,0.10618947,nan,0.05993103,0.01061241,nan,0.00000000,5.00000000,0,0,0,0,1
15600,2,0,0,6,0.13864666,nan,0.05881712,0.06850659,nan,0.00000000,5.00000000,0,0,0,0,1
15700,65,0,0,1,0.73771367,nan,0.73771367,0.00000000,nan,0.00000000,0.00000000,0,0,0,0,0
15800,40,0,0,4,0.07141811,nan,0.16500786,0.02674956,nan,0.00000000,0.00000000,0,0,0,0,0
15900,22,0,0,6,0.02230979,nan,0.05383296,0.05391401,nan,0.00000000,0.00000000,0,0,0,0,0
16000,30,0,0,1,0.75682089,nan,0.75682089,0.00000000,nan,0.00000000,0.00000000,0,0,0,0,0
16100,35,0,0,1,0.03698990,nan,0.03698990,0.00000000,nan,0.00000000,5.00000000,0,0,0,0,2
16200,32,0,0,1,0.47523385,nan,0.47523385,0.00000000,nan,0.00000000,0.00000000,0,0,0,0,0
16300,5,0,0,1,0.08684452,nan,0.08684452,0.00000000,nan,0.00000000,0.00000000,0,0,0,0,0
16400,9,0,0,2,0.07918130,nan,0.37302777,0.06741300,nan,0.00000000,0.00000000,0,0,0,0,0
16500,68,0,0,1,1.10401575,nan,1.10401575,0.00000000,nan,0.00000000,15.00000000,0,0,0,0,1
16600,66,0,0,5,0.08081458,nan,0.11427942,0.13349118,nan,0.00000000,0.00000000,0,0,0,0,0
16700,39,0,0,3,0.05513988,nan,0.48474429,0.14591246,nan,0.00000000,0.00000000,0,0,0,0,0
16800,31,0,0,15,0.14069269,nan,0.17993000,0.12729925,nan,0.00000000,0.00000000,0,0,0,0,0
16900,104,0,0,1,0.60359515,nan,0.60359515,0.00000000,nan,0.00000000,0.00000000,0,0,0,0,0
17000,2,0,0,23,0.15207566,nan,0.21538173,0.12701653,nan,0.00000000,0.00000000,0,0,0,0,0
17100,5,0,0,11,0.04035047,nan,0.10087654,0.11434726,nan,0.00000000,0.00000000,0,0,0,0,0
17200,29,0,0,4,0.37260169,nan,0.04927722,0.08190396,nan,0.00000000,5.00000000,0,0,0,0,1
17300,32,0,0,1,0.10902619,nan,0.10902619,0.00000000,nan,0.00000000,0.00000000,0,0,0,0,0
17400,143,0,0,1,0.73494213,nan,0.73494213,0.00000000,nan,0.00000000,0.00000000,0,0,0,0,0
17500,73,0,0,1,0.24123138,nan,0.24123138,0.00000000,nan,0.00000000,0.00000000,0,0,0,0,2
17600,4,0,0,2,0.21582893,nan,0.07357811,0.03263457,nan,0.00000000,0.00000000,0,0,0,0,0
17700,74,0,0,2,0.31978994,nan,0.09292237,0.05204699,nan,0.00000000,10.92919817,0,0,0,0,1
17800,73,0,0,2,0.31328150,nan,0.22252569,0.02082081,nan,0.00000000,0.00000000,0,0,0,0,0
17900,37,0,0,3,0.19253717,nan,0.14378852,0.02341980,nan,0.00000000,0.00000000,0,0,0,0,0
18000,17,0,0,1,0.53696357,nan,0.53696357,0.00000000,nan,0.00000000,0.00000000,0,0,0,0,0
18100,10,0,0,8,0.04535076,nan,0.22789075,0.09930435,nan,0.00000000,0.00000000,0,0,0,0,0
18200,21,0,0,7,0.04731270,nan,0.09360634,0.02358474,nan,0.00000000,0.00000000,0,0,0,0,0
18300,104,0,0,1,1.48675513,nan,1.48675513,0.00000000,nan,0.00000000,0.00000000,0,0,0,0,0
18400,37,0,0,24,0.10566247,nan,0.13402983,0.09836433,nan,0.00000000,0.00000000,0,0,0,0,1
18500,178,0,0,1,0.94617748,nan,0.94617748,0.00000000,nan,0.00000000,5.00000000,0,0,0,0,1
18600,26,0,0,2,0.90970282,nan,0.17011138,0.16967391,nan,0.00000000,15.00000000,0,0,0,0,2
18700,34,0,0,13,0.05403536,nan,0.12545581,0.10258442,nan,0.00000000,10.00000000,0,0,0,0,2
18800,31,0,0,6,0.13499106,nan,0.17016292,0.05147706,nan,0.00000000,0.00000000,0,0,0,0,0
18900,100,0,0,1,0.24033183,nan,0.24033183,0.00000000,nan,0.00000000,0.00000000,0,0,0,0,2
19000,13,0,0,1,0.06307593,nan,0.06307593,0.00000000,nan,0.00000000,0.00000000,0,0,0,0,0
19100,5,0,0,5,0.09647627,nan,0.17363011,0.05474135,nan,0.00000000,0.00000000,0,0,0,0,1
19200,31,0,0,5,0.17669445,nan,0.07814403,0.02979970,nan,0.00000000,15.00000000,0,0,0,0,2
19300,14,0,0,2,0.07000991,nan,0.19307699,0.02823352,nan,0.00000000,0.00000000,0,0,0,0,2
19400,35,0,0,2,0.20528644,nan,0.14648677,0.01348957,nan,0.00000000,0.00000000,0,0,0,0,2
19500,16,0,0,7,0.07484161,nan,0.32434803,0.17069213,nan,0.00000000,15.00000000,0,0,0,0,3
19600,21,0,0,2,0.09862710,nan,0.01544619,0.01908301,nan,0.00000000,0.00000000,0,0,0,0,0
19700,16,1,1,13,0.00657818,0.00000000,0.00657818,0.00000000,nan,0.00000000,0.00000000,0,0,0,0,2
19800,17,0,0,1,0.21663211,nan,0.21663211,0.00000000,nan,0.00000000,5.00000000,0,0,0,0,1
19900,20,0,0,5,0.05091792,nan,0.06105566,0.07319004,nan,0.00000000,0.00000000,0,0,0,0,1
20000,42,0,0,2,0.14505068,nan,0.43397989,0.06628491,nan,0.00000000,10.00000000,0,0,0,0,1
20100,112,0,0,2,0.07515967,nan,0.05795132,0.00394787,nan,0.00000000,15.00000000,0,0,0,0,1
20200,3,0,0,3,0.05298865,nan,0.02362180,0.00793437,nan,0.00000000,15.00000000,0,0,0,0,3
20300,2,0,0,1,0.06901267,nan,0.06901267,0.00000000,nan,0.00000000,0.00000000,0,0,0,0,0
20400,77,0,0,1,0.04101887,nan,0.04101887,0.00000000,nan,0.00000000,0.00000000,0,0,0,0,0
20500,85,0,0,2,0.22288281,nan,0.27389512,0.01170303,nan,0.00000000,10.00000000,0,0,0,0,2
20600,113,0,0,3,0.15362393,nan,0.06088252,0.03402250,nan,0.00000000,15.00000000,0,0,0,0,2
20700,10,0,0,8,0.82122173,nan,0.15096734,0.16770627,nan,0.00000000,10.00000000,0,0,0,0,1
20800,96,0,0,2,0.08676375,nan,0.17056700,0.01922578,nan,0.00000000,0.00000000,0,0,0,0,1
20900,45,0,0,9,0.16225122,nan,0.08381644,0.02721636,nan,0.00000000,10.00000000,0,0,0,0,1
21000,13,0,0,2,0.12001984,nan,0.11627945,0.00085810,nan,0.00000000,5.00000000,0,0,0,0,1
21100,23,0,0,2,0.10665953,nan,0.13231419,0.00588558,nan,0.00000000,0.00000000,0,0,0,0,1
21200,37,0,0,4,0.02281891,nan,0.08893228,0.02255032,nan,0.00000000,0.00000000,0,0,0,0,1
21300,13,0,0,10,0.28158076,nan,0.09429226,0.20260815,nan,0.00000000,5.00000000,0,0,0,0,1
21400,27,0,0,5,0.14651940,nan,0.08441785,0.07977731,nan,0.00000000,10.00000000,0,0,0,0,1
21500,86,0,0,2,0.55090753,nan,0.55934181,0.00193496,nan,0.00000000,10.00000000,0,0,0,0,2
21600,9,0,0,1,0.12643838,nan,0.12643838,0.00000000,nan,0.00000000,0.00000000,0,0,0,0,2
21700,136,0,0,2,0.35631296,nan,0.45456517,0.02254060,nan,0.00000000,0.00000000,0,0,0,0,0
21800,37,0,0,6,0.13475957,nan,0.03124616,0.02623688,nan,0.00000000,0.00000000,0,0,0,0,0
21900,46,0,0,5,0.17337933,nan,0.05766046,0.02961193,nan,0.00000000,0.00000000,0,0,0,0,0
22000,2,0,0,24,0.31461416,nan,0.12263271,0.09818792,nan,0.00000000,10.00000000,0,0,0,0,3
22100,2,0,0,5,0.02755580,nan,0.15207583,0.05108788,nan,0.00000000,0.00000000,0,0,0,0,0
22200,42,0,0,1,0.22522855,nan,0.22522855,0.00000000,nan,0.00000000,0.00000000,0,0,0,0,0
22300,0,0,0,7,0.23275817,nan,0.27287904,0.09343358,nan,0.00000000,8.01648641,0,0,0,0,1
22400,5,0,0,3,0.90677192,nan,0.28030899,0.15178589,nan,0.00000000,5.00000000,0,0,0,0,1
22500,13,0,0,1,0.42792304,nan,0.42792304,0.00000000,nan,0.00000000,5.00000000,0,0,0,0,1
22600,10,0,0,3,0.10068073,nan,0.07610459,0.00674413,nan,0.00000000,0.00000000,0,0,0,0,0
22700,40,0,0,5,0.04578740,nan,0.05710807,0.01660735,nan,0.00000000,0.00000000,0,0,0,0,1
22800,39,0,0,1,0.05345672,nan,0.05345672,0.00000000,nan,0.00000000,0.00000000,0,0,0,0,0
22900,37,1,1,7,0.00326168,0.00000000,0.00326168,0.00000000,nan,0.00000000,0.00000000,0,0,0,0,1
23000,13,0,0,1,0.30619903,nan,0.30619903,0.00000000,nan,0.00000000,5.88167236,0,0,0,0,2
23100,31,0,0,5,0.06525627,nan,0.09477755,0.08020054,nan,0.00000000,5.88167236,0,0,0,0,2
23200,2,0,0,2,0.07402184,nan,0.06548031,0.00195956,nan,0.00000000,0.00000000,0,0,0,0,0
23300,0,0,0,1,0.01511326,nan,0.01511326,0.00000000,nan,0.00000000,0.00000000,0,0,0,0,0
23400,17,0,0,1,0.11519702,nan,0.11519702,0.00000000,nan,0.00000000,0.00000000,0,0,0,0,0
23500,13,0,0,9,0.02621497,nan,0.03320653,0.01602421,nan,0.00000000,10.00000000,0,0,0,0,1
23600,2,0,0,2,0.12740237,nan,0.19466666,0.01543149,nan,0.00000000,0.00000000,0,0,0,0,0
23700,29,0,0,5,0.08105892,nan,0.06679047,0.01172527,nan,0.00000000,0.00000000,0,0,0,0,2
23800,27,0,0,6,0.16628203,nan,0.04359313,0.03307581,nan,0.00000000,10.00000000,0,0,0,0,1
23900,31,0,0,1,0.95086079,nan,0.95086079,0.00000000,nan,0.00000000,0.00000000,0,0,0,0,0
24000,13,0,0,3,0.16631409,nan,0.20843189,0.02891698,nan,0.00000000,10.00000000,0,0,0,0,1
24100,130,0,0,1,0.10597933,nan,0.10597933,0.00000000,nan,0.00000000,0.00000000,0,0,0,0,0
24200,21,0,0,2,0.05986823,nan,0.01602479,0.01005837,nan,0.00000000,4.73360783,0,0,0,0,1
24300,20,0,0,5,0.01488991,nan,0.13145157,0.04456971,nan,0.00000000,9.73360783,0,0,0,0,3
24400,88,0,0,1,0.28303843,nan,0.28303843,0.00000000,nan,0.00000000,0.00000000,0,0,0,0,0
24500,20,0,0,9,0.05220051,nan,0.09468482,0.05063834,nan,0.00000000,0.00000000,0,0,0,0,1
24600,95,0,0,1,1.00455029,nan,1.00455029,0.00000000,nan,0.00000000,0.00000000,0,0,0,0,0
24700,42,0,0,1,0.03916038,nan,0.03916038,0.00000000,nan,0.00000000,5.00000000,0,0,0,0,2
24800,2,0,0,18,0.08759302,nan,0.09147547,0.10831699,nan,0.00000000,15.00000000,0,0,0,0,2
24900,21,0,0,4,0.10768842,nan,0.03461525,0.02103593,nan,0.00000000,0.00000000,0,0,0,0,1
25000,42,0,0,1,0.42114744,nan,0.42114744,0.00000000,nan,0.00000000,0.00000000,0,0,0,0,2
25100,60,0,0,2,0.19311986,nan,0.26629777,0.01678816,nan,0.00000000,14.87593133,0,0,0,0,2
25200,65,0,0,3,0.01852122,nan,0.16786519,0.07863534,nan,0.00000000,0.00000000,0,0,0,0,1
25300,5,0,0,2,0.03985968,nan,0.29774999,0.05916410,nan,0.00000000,0.00000000,0,0,0,0,0
25400,5,0,0,7,0.14074969,nan,0.25453041,0.09763491,nan,0.00000000,15.00000000,0,0,0,0,2
25500,20,1,1,3,0.00620576,0.00000000,0.00620576,0.00000000,nan,0.00000000,0.00000000,0,0,0,0,1
25600,1,0,0,1,0.18329193,nan,0.18329193,0.00000000,nan,0.00000000,0.00000000,0,0,0,0,0
25700,30,0,0,2,0.19597974,nan,0.03813475,0.03621212,nan,0.00000000,15.00000000,0,0,0,0,1
25800,40,0,0,2,0.08454414,nan,0.28035949,0.04492312,nan,0.00000000,0.00000000,0,0,0,0,0
25900,89,0,0,1,0.15447320,nan,0.15447320,0.00000000,nan,0.00000000,5.00000000,0,0,0,0,2
26000,6,0,0,1,0.93863744,nan,0.93863744,0.00000000,nan,0.00000000,0.00000000,0,0,0,0,0
26100,29,0,0,8,0.02262596,nan,0.12525926,0.05167953,nan,0.00000000,5.00000000,0,0,0,0,1
26200,137,0,0,3,0.49823866,nan,0.24309452,0.05853417,nan,0.00000000,5.00000000,0,0,0,0,1
26300,16,0,0,1,0.40052043,nan,0.40052043,0.00000000,nan,0.00000000,0.00000000,0,0,0,0,0
26400,115,0,0,2,0.61038629,nan,1.19167479,0.13335673,nan,0.00000000,0.00000000,0,0,0,0,0
26500,2,0,0,1,0.03519242,nan,0.03519242,0.00000000,nan,0.00000000,0.00000000,0,0,0,0,0
26600,2,0,0,3,0.05423084,nan,0.04412868,0.03578220,nan,0.00000000,0.00000000,0,0,0,0,0
26700,39,0,0,3,0.02554943,nan,0.04888460,0.00953386,nan,0.00000000,0.00000000,0,0,0,0,2
26800,10,0,0,3,0.29588661,nan,0.30871399,0.06086850,nan,0.00000000,0.00000000,0,0,0,0,1
26900,5,0,0,3,0.03215140,nan,0.09280953,0.01414397,nan,0.00000000,0.00000000,0,0,0,0,0
27000,4,0,0,3,0.30288271,nan,0.47300584,0.08256156,nan,0.00000000,0.00000000,0,0,0,0,0
27100,42,0,0,6,0.01063186,nan,0.02476688,0.02561389,nan,0.00000000,0.00000000,0,0,0,0,0
27200,126,0,0,2,0.13415920,nan,0.26897305,0.03092842,nan,0.00000000,0.00000000,0,0,0,0,1
27300,66,0,0,1,0.08234182,nan,0.08234182,0.00000000,nan,0.00000000,0.00000000,0,0,0,0,0
27400,7,0,0,4,0.04858699,nan,0.05904749,0.01395813,nan,0.00000000,15.00000000,0,0,0,0,4
27500,35,0,0,4,0.15460933,nan,0.13873969,0.05136375,nan,0.00000000,10.00000000,0,0,0,0,1
27600,47,0,0,1,0.03038045,nan,0.03038045,0.00000000,nan,0.00000000,15.00000000,0,0,0,0,3
27700,137,0,0,1,0.08013106,nan,0.08013106,0.00000000,nan,0.00000000,10.00000000,0,0,0,0,3
27800,2,0,0,7,0.35880289,nan,0.06633602,0.09438414,nan,0.00000000,15.00000000,0,0,0,0,3
27900,66,0,0,5,0.03167783,nan,0.08737425,0.02546459,nan,0.00000000,0.00000000,0,0,0,0,0
28000,42,0,0,1,0.04890322,nan,0.04890322,0.00000000,nan,0.00000000,15.00000000,0,0,0,0,2
28100,32,0,0,4,0.10475571,nan,0.16454908,0.01837720,nan,0.00000000,5.00000000,0,0,0,0,3
28200,13,0,0,5,0.05744433,nan,0.10618931,0.03092143,nan,0.00000000,0.00000000,0,0,0,0,1
28300,11,0,0,2,0.18810808,nan,0.32141664,0.03058308,nan,0.00000000,5.00000000,0,0,0,0,2
28400,151,0,0,1,0.80966806,nan,0.80966806,0.00000000,nan,0.00000000,0.00000000,0,0,0,0,1
28500,90,0,0,2,0.22723726,nan,0.22263603,0.00105559,nan,0.00000000,15.00000000,0,0,0,0,1
28600,16,0,0,1,0.05175104,nan,0.05175104,0.00000000,nan,0.00000000,0.00000000,0,0,0,0,0
28700,239,0,0,1,1.96054571,nan,1.96054571,0.00000000,nan,0.00000000,0.00000000,0,0,0,0,1
28800,36,0,0,1,0.34272686,nan,0.34272686,0.00000000,nan,0.00000000,0.00000000,0,0,0,0,0
28900,16,0,0,8,0.10195639,nan,0.03366891,0.03433376,nan,0.00000000,5.00000000,0,0,0,0,1
29000,10,0,0,1,0.23516750,nan,0.23516750,0.00000000,nan,0.00000000,0.00000000,0,0,0,0,0
29100,34,0,0,4,0.06797899,nan,0.59800121,0.19393849,nan,0.00000000,0.00000000,0,0,0,0,0
29200,23,0,0,2,0.04403724,nan,0.09588134,0.01189385,nan,0.00000000,5.00000000,0,0,0,0,1
29300,83,0,0,1,0.20326239,nan,0.20326239,0.00000000,nan,0.00000000,0.00000000,0,0,0,0,1
29400,33,0,0,2,0.07983918,nan,0.06024906,0.00449428,nan,0.00000000,0.00000000,0,0,0,0,1
29500,33,0,0,2,0.17266899,nan,0.05509897,0.02697241,nan,0.00000000,0.00000000,0,0,0,0,0
29600,66,0,0,1,0.54762048,nan,0.54762048,0.00000000,nan,0.00000000,0.00000000,0,0,0,0,0
29700,71,0,0,1,0.50374627,nan,0.50374627,0.00000000,nan,0.00000000,0.00000000,0,0,0,0,0
29800,81,0,0,1,0.09412555,nan,0.09412555,0.00000000,nan,0.00000000,0.00000000,0,0,0,0,0
29900,15,0,0,1,0.03969533,nan,0.03969533,0.00000000,nan,0.00000000,0.00000000,0,0,0,0,0
30000,13,0,0,1,0.15358530,nan,0.15358530,0.00000000,nan,0.00000000,0.00000000,0,0,0,0,0
30100,45,0,0,6,0.20086799,nan,0.14909973,0.14344159,nan,0.00000000,5.00000000,0,0,0,0,1
30200,85,0,0,3,0.30335933,nan,0.21390327,0.04186328,nan,0.00000000,5.00000000,0,0,0,0,2
30300,14,0,0,2,0.18386593,nan,0.10967186,0.01702129,nan,0.00000000,5.00000000,0,0,0,0,2
30400,56,0,0,4,0.01837358,nan,0.02398541,0.04182893,nan,0.00000000,0.00000000,0,0,0,0,0
30500,2,0,0,1,0.28872035,nan,0.28872035,0.00000000,nan,0.00000000,0.00000000,0,0,0,0,0
30600,16,0,0,11,0.20725322,nan,0.05352713,0.07340443,nan,0.00000000,0.00000000,0,0,0,0,1
30700,66,0,0,1,0.01452500,nan,0.01452500,0.00000000,nan,0.00000000,0.00000000,0,0,0,0,1
30800,101,0,0,1,0.12591608,nan,0.12591608,0.00000000,nan,0.00000000,0.00000000,0,0,0,0,0
30900,21,0,0,1,0.01151854,nan,0.01151854,0.00000000,nan,0.00000000,0.00000000,0,0,0,0,0
31000,13,0,0,3,0.16513361,nan,0.14992473,0.11211502,nan,0.00000000,5.00000000,0,0,0,0,1
31100,16,0,0,12,0.34796340,nan,0.18395956,0.08747790,nan,0.00000000,15.00000000,0,0,0,0,2
31200,30,0,0,2,0.27279317,nan,0.02958084,0.05579674,nan,0.00000000,0.00000000,0,0,0,0,1
31300,1,0,0,10,0.21638599,nan,0.20241034,0.08186955,nan,0.00000000,15.00000000,0,0,0,0,2
31400,7,0,0,1,0.11495860,nan,0.11495860,0.00000000,nan,0.00000000,0.00000000,0,0,0,0,0
31500,31,0,0,2,0.04926190,nan,0.47411937,0.09746899,nan,0.00000000,15.00000000,0,0,0,0,2
31600,24,0,0,2,0.08291398,nan,0.08553390,0.00060105,nan,0.00000000,15.00000000,0,0,0,0,2
31700,37,0,0,1,0.22646624,nan,0.22646624,0.00000000,nan,0.00000000,0.00000000,0,0,0,0,0
31800,66,0,0,3,0.09583305,nan,0.04439094,0.01212483,nan,0.00000000,0.00000000,0,0,0,0,0
31900,1,0,0,8,0.17383444,nan,0.12208171,0.03055275,nan,0.00000000,10.00000000,0,0,0,0,1
32000,10,0,0,2,0.26552950,nan,0.11310760,0.03496798,nan,0.00000000,0.00000000,0,0,0,0,2
32100,10,0,0,7,0.14862727,nan,0.22407870,0.07507869,nan,0.00000000,0.00000000,0,0,0,0,0
32200,151,0,0,1,0.13451621,nan,0.13451621,0.00000000,nan,0.00000000,0.00000000,0,0,0,0,1
32300,47,0,0,1,0.12759571,nan,0.12759571,0.00000000,nan,0.00000000,15.00000000,0,0,0,0,1
32400,166,0,0,1,0.12859046,nan,0.12859046,0.00000000,nan,0.00000000,5.00000000,0,0,0,0,1
32500,33,0,0,1,0.04580738,nan,0.04580738,0.00000000,nan,0.00000000,0.00000000,0,0,0,0,0
32600,30,0,0,4,0.13164619,nan,0.10675259,0.10967976,nan,0.00000000,13.14771204,0,0,0,0,2
32700,37,0,0,7,0.17423464,nan,0.06081237,0.04317871,nan,0.00000000,0.00000000,0,0,0,0,0
32800,5,0,0,4,0.16663781,nan,0.24133545,0.04939603,nan,0.00000000,5.00000000,0,0,0,0,1
32900,39,0,0,3,0.05890351,nan,0.26128718,0.04793259,nan,0.00000000,0.00000000,0,0,0,0,0
33000,2,0,0,6,0.33999842,nan,0.15856246,0.06600612,nan,0.00000000,5.00000000,0,0,0,0,1
33100,149,0,0,1,1.60833322,nan,1.60833322,0.00000000,nan,0.00000000,5.00000000,0,0,0,0,1
33200,37,0,0,2,0.12317489,nan,0.12245227,0.00016578,nan,0.00000000,0.00000000,0,0,0,0,0
33300,22,0,0,7,0.07146535,nan,0.04528506,0.04725561,nan,0.00000000,0.00000000,0,0,0,0,0
33400,29,0,0,3,0.33961859,nan,0.43475570,0.08184242,nan,0.00000000,0.00000000,0,0,0,0,0
33500,70,0,0,2,0.25177366,nan,0.30582027,0.01239914,nan,0.00000000,0.00000000,0,0,0,0,0
33600,9,0,0,1,0.10298245,nan,0.10298245,0.00000000,nan,0.00000000,0.00000000,0,0,0,0,0
33700,35,0,0,4,0.24649196,nan,0.30058646,0.07583664,nan,0.00000000,0.00000000,0,0,0,0,0
33800,94,0,0,1,0.02221934,nan,0.02221934,0.00000000,nan,0.00000000,0.00000000,0,0,0,0,0
33900,40,0,0,3,0.01282053,nan,0.01887942,0.00203663,nan,0.00000000,15.00000000,0,0,0,0,1
34000,1,0,0,1,0.04840439,nan,0.04840439,0.00000000,nan,0.00000000,0.00000000,0,0,0,0,2
34100,7,0,0,4,0.03413229,nan,0.24291222,0.06823089,nan,0.00000000,15.00000000,0,0,0,0,2
34200,20,0,0,3,0.01757921,nan,0.05522623,0.01572191,nan,0.00000000,0.00000000,0,0,0,0,0
34300,74,0,0,1,0.07155832,nan,0.07155832,0.00000000,nan,0.00000000,5.00000000,0,0,0,0,2
34400,5,0,0,4,0.02711525,nan,0.09104627,0.03636010,nan,0.00000000,0.00000000,0,0,0,0,0
34500,20,0,0,1,0.16104507,nan,0.16104507,0.00000000,nan,0.00000000,0.00000000,0,0,0,0,2
34600,16,0,0,4,0.08293589,nan,0.24194096,0.04217903,nan,0.00000000,0.00000000,0,0,0,0,1
34700,85,0,0,1,0.11012939,nan,0.11012939,0.00000000,nan,0.00000000,0.00000000,0,0,0,0,0
34800,47,0,0,1,0.06424190,nan,0.06424190,0.00000000,nan,0.00000000,0.00000000,0,0,0,0,2
34900,17,0,0,1,0.02186617,nan,0.02186617,0.00000000,nan,0.00000000,0.00000000,0,0,0,0,0
35000,1,0,0,4,0.14642874,nan,0.31437933,0.08450126,nan,0.00000000,15.00000000,0,0,0,0,1
35100,74,0,0,1,0.08424987,nan,0.08424987,0.00000000,nan,0.00000000,10.00000000,0,0,0,0,2
35200,12,0,0,2,0.06443894,nan,0.07078286,0.00145539,nan,0.00000000,10.00000000,0,0,0,0,1
35300,13,0,0,1,0.21719798,nan,0.21719798,0.00000000,nan,0.00000000,0.00000000,0,0,0,0,1
35400,17,0,0,1,0.06642234,nan,0.06642234,0.00000000,nan,0.00000000,11.90727922,0,0,0,0,2
35500,19,0,0,2,0.66321197,nan,0.15793362,0.11591880,nan,0.00000000,0.00000000,0,0,0,0,0
35600,40,0,0,8,0.06899648,nan,0.11549850,0.03345908,nan,0.00000000,5.00000000,0,0,0,0,1
35700,156,0,0,1,0.99226372,nan,0.99226372,0.00000000,nan,0.00000000,0.00000000,0,0,0,0,1
35800,33,0,0,1,0.02135132,nan,0.02135132,0.00000000,nan,0.00000000,0.00000000,0,0,0,0,0
35900,21,0,0,9,0.13358674,nan,0.05551493,0.05814299,nan,0.00000000,10.00000000,0,0,0,0,4
36000,17,0,0,1,0.09093687,nan,0.09093687,0.00000000,nan,0.00000000,0.00000000,0,0,0,0,1
36100,164,0,0,1,0.04474632,nan,0.04474632,0.00000000,nan,0.00000000,15.00000000,0,0,0,0,1
36200,85,0,0,3,0.21970933,nan,0.21581246,0.02098291,nan,0.00000000,0.00000000,0,0,0,0,1
36300,77,0,0,2,0.12368399,nan,0.08095465,0.00980278,nan,0.00000000,0.00000000,0,0,0,0,0
36400,9,0,0,1,0.10123354,nan,0.10123354,0.00000000,nan,0.00000000,0.00000000,0,0,0,0,0
36500,33,0,0,1,0.19671820,nan,0.19671820,0.00000000,nan,0.00000000,0.00000000,0,0,0,0,0
36600,66,0,0,6,0.08995883,nan,0.15621703,0.09477302,nan,0.00000000,0.00000000,0,0,0,0,0
36700,72,0,0,1,0.03004034,nan,0.03004034,0.00000000,nan,0.00000000,0.00000000,0,0,0,0,0
36800,35,0,0,8,0.24852280,nan,0.10909009,0.04206505,nan,0.00000000,14.88289318,0,0,0,0,1
36900,68,0,0,2,0.54341017,nan,0.17483114,0.08455783,nan,0.00000000,0.00000000,0,0,0,0,0
37000,2,0,0,3,0.19671579,nan,0.03125252,0.03984890,nan,0.00000000,0.00000000,0,0,0,0,0
37100,82,0,0,1,0.05776714,nan,0.05776714,0.00000000,nan,0.00000000,0.00000000,0,0,0,0,2
37200,74,0,0,1,0.10076236,nan,0.10076236,0.00000000,nan,0.00000000,0.00000000,0,0,0,0,1
37300,30,0,0,4,0.06140451,nan,0.05947355,0.02477263,nan,0.00000000,1.13189389,0,0,0,0,1
37400,74,0,0,4,0.03108681,nan,0.09022296,0.02598342,nan,0.00000000,11.13189389,0,0,0,0,2
37500,21,0,0,1,0.20498353,nan,0.20498353,0.00000000,nan,0.00000000,0.00000000,0,0,0,0,0
37600,2,1,0,4,0.05617782,0.84603775,0.00838605,0.00100000,47.79177346,5.00000000,5.00000000,1,1,0,0,3
37700,10,0,0,1,0.12297319,nan,0.12297319,0.00000000,nan,0.00000000,0.00000000,0,0,0,0,0
37800,20,0,0,7,0.17304406,nan,0.46718606,0.22816638,nan,0.00000000,5.00000000,0,0,0,0,2
37900,14,0,0,1,0.12579195,nan,0.12579195,0.00000000,nan,0.00000000,0.00000000,0,0,0,0,0
38000,2,0,0,10,0.21124063,nan,0.11447420,0.06577255,nan,0.00000000,0.00000000,0,0,0,0,0
38100,20,0,0,16,0.02744516,nan,0.09458921,0.07200601,nan,0.00000000,5.00000000,0,0,0,0,1
38200,106,0,0,1,0.02477630,nan,0.02477630,0.00000000,nan,0.00000000,0.00000000,0,0,0,0,0
38300,31,0,0,3,0.30429252,nan,0.32405757,0.04145277,nan,0.00000000,10.00000000,0,0,0,0,1
38400,74,0,0,2,0.06195830,nan,0.18003761,0.02708925,nan,0.00000000,0.00000000,0,0,0,0,1
38500,24,0,0,3,0.01747581,nan,0.10444232,0.11898087,nan,0.00000000,0.00000000,0,0,0,0,1
38600,1,0,0,10,0.03904174,nan,0.17906593,0.08374033,nan,0.00000000,15.00000000,0,0,0,0,2
38700,34,0,0,2,0.13805558,nan,0.32021869,0.04179108,nan,0.00000000,5.00000000,0,0,0,0,1
38800,10,0,0,2,0.13968410,nan,0.27709622,0.03152450,nan,0.00000000,0.00000000,0,0,0,0,0
38900,75,0,0,2,0.01963496,nan,0.04720654,0.00632535,nan,0.00000000,5.00000000,0,0,0,0,1
39000,10,0,0,2,0.37949111,nan,0.16059641,0.05021789,nan,0.00000000,0.00000000,0,0,0,0,0
39100,168,0,0,1,0.01925122,nan,0.01925122,0.00000000,nan,0.00000000,0.00000000,0,0,0,0,1
39200,90,0,0,1,0.01831894,nan,0.01831894,0.00000000,nan,0.00000000,0.00000000,0,0,0,0,0
39300,160,0,0,1,0.06159797,nan,0.06159797,0.00000000,nan,0.00000000,0.00000000,0,0,0,0,1
39400,47,0,0,2,0.08172554,nan,0.06104691,0.00474400,nan,0.00000000,13.44064019,0,0,0,0,2
39500,101,0,0,5,0.02026645,nan,0.25495068,0.09132934,nan,0.00000000,0.00000000,0,0,0,0,1
39600,168,0,0,2,0.04330563,nan,0.04927990,0.00137059,nan,0.00000000,5.00000000,0,0,0,0,1
39700,96,0,0,1,0.18551408,nan,0.18551408,0.00000000,nan,0.00000000,0.00000000,0,0,0,0,0
39800,31,0,0,4,0.18113416,nan,0.06776544,0.09481250,nan,0.00000000,0.00000000,0,0,0,0,0
39900,21,0,0,14,0.02356715,nan,0.12214531,0.07286889,nan,0.00000000,0.00000000,0,0,0,0,0
40000,17,0,0,2,0.15113214,nan,0.15504885,0.00089855,nan,0.00000000,0.00000000,0,0,0,0,0
40100,10,0,0,1,0.27898747,nan,0.27898747,0.00000000,nan,0.00000000,0.00000000,0,0,0,0,0
40200,13,0,0,3,0.24650707,nan,0.36375023,0.07594359,nan,0.00000000,5.00000000,0,0,0,0,3
40300,40,0,0,1,0.10032022,nan,0.10032022,0.00000000,nan,0.00000000,5.00000000,0,0,0,0,4
40400,33,0,0,2,0.01031980,nan,0.06093169,0.01161116,nan,0.00000000,0.00000000,0,0,0,0,1
40500,2,0,0,3,0.02638441,nan,0.06474719,0.02027512,nan,0.00000000,0.00000000,0,0,0,0,1
40600,1,0,0,3,0.03398054,nan,0.04379710,0.00811789,nan,0.00000000,0.00000000,0,0,0,0,0
40700,183,0,0,1,0.41255864,nan,0.41255864,0.00000000,nan,0.00000000,0.00000000,0,0,0,0,0
40800,18,0,0,1,0.14738859,nan,0.14738859,0.00000000,nan,0.00000000,0.00000000,0,0,0,0,1
40900,16,0,0,4,0.02802291,nan,0.07026245,0.03069010,nan,0.00000000,5.00000000,0,0,0,0,2
41000,1,0,0,4,0.03598833,nan,0.06158209,0.01246524,nan,0.00000000,0.00000000,0,0,0,0,1
41100,2,0,0,12,0.10208165,nan,0.10498303,0.03376906,nan,0.00000000,5.00000000,0,0,0,0,2
41200,143,0,0,1,0.08308948,nan,0.08308948,0.00000000,nan,0.00000000,1.02096018,0,0,0,0,3
41300,225,0,0,1,1.07701031,nan,1.07701031,0.00000000,nan,0.00000000,0.00000000,0,0,0,0,1
41400,66,0,0,3,0.06146530,nan,0.36864663,0.09481908,nan,0.00000000,15.00000000,0,0,0,0,1
41500,101,0,0,1,0.11759684,nan,0.11759684,0.00000000,nan,0.00000000,0.00000000,0,0,0,0,0
41600,20,0,0,0,0.05632038,1.65815409,0.00960273,0.00100000,46.71764854,5.00000000,20.00000000,1,0,0,1,0
41700,160,0,0,1,0.07985863,nan,0.07985863,0.00000000,nan,0.00000000,0.00000000,0,0,0,0,1
41800,9,0,0,2,0.08047344,nan,0.18053102,0.02295478,nan,0.00000000,0.00000000,0,0,0,0,0
41900,90,0,0,1,0.04113305,nan,0.04113305,0.00000000,nan,0.00000000,0.00000000,0,0,0,0,1
42000,4,0,0,2,0.50778320,nan,0.27878976,0.05253470,nan,0.00000000,0.00000000,0,0,0,0,0
42100,143,0,0,1,0.06394636,nan,0.06394636,0.00000000,nan,0.00000000,10.00000000,0,0,0,0,1
42200,113,0,0,2,0.13972553,nan,0.07703604,0.01438196,nan,0.00000000,0.00000000,0,0,0,0,1
42300,20,1,0,1,0.05205100,1.13490844,0.00948496,0.00100000,42.56603935,5.00000000,10.00000000,1,1,0,0,2
42400,16,0,0,2,0.06319422,nan,0.07172683,0.00195751,nan,0.00000000,0.00000000,0,0,0,0,0
42500,83,0,0,4,0.06966759,nan,0.32913625,0.10188492,nan,0.00000000,10.00000000,0,0,0,0,2
42600,88,0,0,1,0.12823926,nan,0.12823926,0.00000000,nan,0.00000000,13.21646080,0,0,0,0,2
42700,2,0,0,5,0.13592590,nan,0.10348256,0.03486883,nan,0.00000000,0.00000000,0,0,0,0,2
42800,37,0,0,2,0.10411217,nan,0.04129873,0.01441039,nan,0.00000000,5.00000000,0,0,0,0,3
42900,21,0,0,3,0.12723904,nan,0.02501759,0.02653564,nan,0.00000000,0.00000000,0,0,0,0,1
43000,4,0,0,3,0.31575832,nan,0.13201642,0.08738343,nan,0.00000000,0.55728587,0,0,0,0,2
43100,56,0,0,11,0.13930770,nan,0.08296405,0.02953317,nan,0.00000000,10.55728587,0,0,0,0,3
43200,73,0,0,2,0.03674870,nan,0.05874016,0.00504519,nan,0.00000000,0.00000000,0,0,0,0,0
43300,16,0,0,10,0.07363296,nan,0.08913117,0.02917077,nan,0.00000000,10.00000000,0,0,0,0,4
43400,1,0,0,3,0.10805788,nan,0.12874289,0.01121921,nan,0.00000000,5.00000000,0,0,0,0,2
43500,31,0,0,1,0.12784197,nan,0.12784197,0.00000000,nan,0.00000000,0.00000000,0,0,0,0,0
43600,40,0,0,2,0.11407046,nan,0.16412449,0.01148318,nan,0.00000000,0.00000000,0,0,0,0,0
43700,83,0,0,1,0.21337145,nan,0.21337145,0.00000000,nan,0.00000000,0.00000000,0,0,0,0,1
43800,110,0,0,1,0.02464546,nan,0.02464546,0.00000000,nan,0.00000000,12.42781242,0,0,0,0,2
43900,1,0,0,6,0.05385759,nan,0.03541005,0.05954438,nan,0.00000000,5.00000000,0,0,0,0,1
44000,17,0,0,1,0.35720353,nan,0.35720353,0.00000000,nan,0.00000000,0.00000000,0,0,0,0,0
44100,56,0,0,4,0.16843027,nan,0.53024868,0.17117613,nan,0.00000000,0.00000000,0,0,0,0,0
44200,7,0,0,1,0.06168733,nan,0.06168733,0.00000000,nan,0.00000000,0.00000000,0,0,0,0,1
44300,88,0,0,1,0.04543700,nan,0.04543700,0.00000000,nan,0.00000000,0.00000000,0,0,0,0,0
44400,16,0,0,6,0.03880318,nan,0.06198124,0.08009241,nan,0.00000000,10.00000000,0,0,0,0,2
44500,21,0,0,5,0.01945431,nan,0.05131418,0.01607575,nan,0.00000000,0.00000000,0,0,0,0,2
44600,20,0,0,2,0.31126807,nan,0.19623384,0.02639066,nan,0.00000000,0.00000000,0,0,0,0,0
44700,21,0,0,3,0.05590660,nan,0.01655275,0.00939478,nan,0.00000000,5.00000000,0,0,0,0,2
44800,33,0,0,2,0.07489834,nan,0.06526886,0.00220915,nan,0.00000000,15.00000000,0,0,0,0,4
44900,16,0,0,6,0.07974802,nan,0.13363516,0.04294784,nan,0.00000000,0.00000000,0,0,0,0,1
45000,17,0,0,1,0.41746618,nan,0.41746618,0.00000000,nan,0.00000000,0.00000000,0,0,0,0,1
45100,88,0,0,1,0.05979283,nan,0.05979283,0.00000000,nan,0.00000000,5.00000000,0,0,0,0,1
45200,45,0,0,4,0.25926778,nan,0.04003277,0.05030831,nan,0.00000000,5.06367937,0,0,0,0,1
45300,1,0,0,2,0.07236818,nan,0.38325926,0.07132331,nan,0.00000000,0.00000000,0,0,0,0,1
45400,45,0,0,6,0.01555666,nan,0.08570585,0.02510950,nan,0.00000000,10.00000000,0,0,0,0,1
45500,2,0,0,3,0.08039401,nan,0.12893755,0.02255956,nan,0.00000000,0.00000000,0,0,0,0,1
45600,16,0,0,8,0.06209761,nan,0.05912643,0.02942439,nan,0.00000000,15.00000000,0,0,0,0,3
45700,136,0,0,1,0.02669968,nan,0.02669968,0.00000000,nan,0.00000000,0.00000000,0,0,0,0,1
45800,30,0,0,6,0.03117958,nan,0.11045220,0.02714169,nan,0.00000000,5.00000000,0,0,0,0,3
45900,37,0,0,3,0.04438589,nan,0.08921224,0.01766739,nan,0.00000000,0.00000000,0,0,0,0,0
46000,17,0,0,1,0.33933167,nan,0.33933167,0.00000000,nan,0.00000000,0.00000000,0,0,0,0,0
46100,56,0,0,4,0.09133153,nan,0.21389334,0.04418172,nan,0.00000000,0.00000000,0,0,0,0,0
46200,90,0,0,7,0.02098456,nan,0.10334637,0.04163028,nan,0.00000000,15.00000000,0,0,0,0,3
46300,9,0,0,2,0.11269188,nan,0.12375406,0.00253784,nan,0.00000000,0.00000000,0,0,0,0,0
46400,1,0,0,2,0.17157672,nan,0.15656755,0.00344334,nan,0.00000000,10.00000000,0,0,0,0,2
46500,24,0,0,2,0.02732905,nan,0.14092236,0.02606009,nan,0.00000000,0.00000000,0,0,0,0,1
46600,5,0,0,6,0.08522082,nan,0.16908331,0.05951086,nan,0.00000000,5.00000000,0,0,0,0,1
46700,1,0,0,1,0.44492603,nan,0.44492603,0.00000000,nan,0.00000000,5.00000000,0,0,0,0,1
46800,31,0,0,6,0.23399771,nan,0.19261668,0.05329022,nan,0.00000000,15.00000000,0,0,0,0,1
46900,16,0,0,5,0.10841630,nan,0.15725149,0.02250670,nan,0.00000000,10.00000000,0,0,0,0,1
47000,0,0,0,1,0.33922898,nan,0.33922898,0.00000000,nan,0.00000000,0.00000000,0,0,0,0,0
47100,65,0,0,4,0.21524128,nan,0.22808113,0.04325821,nan,0.00000000,15.00000000,0,0,0,0,1
47200,20,0,0,7,0.03092548,nan,0.05405262,0.03121996,nan,0.00000000,5.00000000,0,0,0,0,2
47300,16,0,0,1,0.15684197,nan,0.15684197,0.00000000,nan,0.00000000,0.00000000,0,0,0,0,0
47400,45,0,0,1,0.02350013,nan,0.02350013,0.00000000,nan,0.00000000,0.00000000,0,0,0,0,0
47500,74,0,0,8,0.04176406,nan,0.10229686,0.04535453,nan,0.00000000,5.00000000,0,0,0,0,3
47600,14,0,0,1,0.24315554,nan,0.24315554,0.00000000,nan,0.00000000,0.00000000,0,0,0,0,0
47700,45,0,0,5,0.02790858,nan,0.05318298,0.01863367,nan,0.00000000,10.00000000,0,0,0,0,3
47800,85,0,0,1,0.02506547,nan,0.02506547,0.00000000,nan,0.00000000,0.00000000,0,0,0,0,0
47900,47,0,0,2,0.05714216,nan,0.05725223,0.00002525,nan,0.00000000,0.00000000,0,0,0,0,0
48000,29,0,0,2,0.26725366,nan,1.15186027,0.20294267,nan,0.00000000,5.00000000,0,0,0,0,1
48100,56,0,0,13,0.06904082,nan,0.14503946,0.08271662,nan,0.00000000,4.45111552,0,0,0,0,2
48200,106,0,0,5,0.06299663,nan,0.17887992,0.06917762,nan,0.00000000,14.45111552,0,0,0,0,2
48300,1,0,0,2,0.29143431,nan,0.10243726,0.04335890,nan,0.00000000,10.00000000,0,0,0,0,3
48400,5,0,0,3,0.11258313,nan,0.09339682,0.02623722,nan,0.00000000,0.00000000,0,0,0,0,2
48500,31,0,0,1,0.07094854,nan,0.07094854,0.00000000,nan,0.00000000,0.00000000,0,0,0,0,0
48600,21,0,0,4,0.03357145,nan,0.01983770,0.01007800,nan,0.00000000,6.41780577,0,0,0,0,2
48700,37,0,0,2,0.03992706,nan,0.13465396,0.02173184,nan,0.00000000,10.00000000,0,0,0,0,2
48800,14,0,0,5,0.09528727,nan,0.11692244,0.02956178,nan,0.00000000,12.94811466,0,0,0,0,4
48900,31,0,0,2,0.12978428,nan,0.08559194,0.01013842,nan,0.00000000,0.00000000,0,0,0,0,0
49000,13,0,0,1,0.36551615,nan,0.36551615,0.00000000,nan,0.00000000,5.00000000,0,0,0,0,2
49100,66,0,0,3,0.04848458,nan,0.16066603,0.03718877,nan,0.00000000,0.00000000,0,0,0,0,1
49200,22,0,0,1,0.05617987,nan,0.05617987,0.00000000,nan,0.00000000,3.23496490,0,0,0,0,2
49300,83,0,0,1,0.01765737,nan,0.01765737,0.00000000,nan,0.00000000,5.00000000,0,0,0,0,1
49400,37,0,0,2,0.06499862,nan,0.13442999,0.01592865,nan,0.00000000,0.00000000,0,0,0,0,0
49500,40,0,0,2,0.18657182,nan,0.02753137,0.03648638,nan,0.00000000,5.00000000,0,0,0,0,2
49600,100,0,0,5,0.01184370,nan,0.03333278,0.00705205,nan,0.00000000,10.00000000,0,0,0,0,4
49700,45,0,0,6,0.09790493,nan,0.19133180,0.06633260,nan,0.00000000,15.00000000,0,0,0,0,1
49800,47,0,0,2,0.06421682,nan,0.04901370,0.00348784,nan,0.00000000,0.00000000,0,0,0,0,0
49900,92,0,0,1,0.04826792,nan,0.04826792,0.00000000,nan,0.00000000,0.00000000,0,0,0,0,0
50000,42,0,0,1,0.66676796,nan,0.66676796,0.00000000,nan,0.00000000,0.00000000,0,0,0,0,0
50100,37,0,0,5,0.18324221,nan,0.20293871,0.12723324,nan,0.00000000,0.00000000,0,0,0,0,0
50200,31,0,0,8,0.63502446,nan,0.57255315,0.04836753,nan,0.00000000,0.00000000,0,0,0,0,0
50300,16,0,0,21,0.02676808,nan,0.28459871,0.26531601,nan,0.00000000,0.00000000,0,0,0,0,0
50400,40,0,0,10,0.42890213,nan,0.40089336,0.14723030,nan,0.00000000,0.00000000,0,0,0,0,0
50500,1,0,0,14,0.78279961,nan,0.29014214,0.20923538,nan,0.00000000,0.00000000,0,0,0,0,0
50600,16,0,0,42,0.17599909,nan,0.40333999,0.30749390,nan,0.00000000,5.00000000,0,0,0,0,1
50700,188,0,0,2,0.97528550,nan,0.41520904,0.12849035,nan,0.00000000,0.00000000,0,0,0,0,0
50800,19,0,0,2,0.67000277,nan,0.08804032,0.13351134,nan,0.00000000,0.00000000,0,0,0,0,0
50900,20,0,0,10,0.33391867,nan,0.35036800,0.12536246,nan,0.00000000,0.00000000,0,0,0,0,0
51000,30,0,0,3,1.22791170,nan,0.13446168,0.26354880,nan,0.00000000,0.00000000,0,0,0,0,0
51100,31,0,0,22,0.41553585,nan,0.46446976,0.28169932,nan,0.00000000,0.00000000,0,0,0,0,0
51200,17,0,0,4,0.66735130,nan,0.07549108,0.14202622,nan,0.00000000,0.00000000,0,0,0,0,0
51300,31,0,0,37,0.22964839,nan,0.39896850,0.22266305,nan,0.00000000,0.00000000,0,0,0,0,0
