block_index,step,E_k,W_k,mean_familiarity,mean_surprise,mean_gradient_coherence,mean_gradient_novelty,regime_change,weighted_surprise_mean,surprise_baseline,surprise_baseline_std,z_k,block_change_evidence
0,10099,0.00001079,0.00000000,0.02542222,0.64132148,-0.01133987,1.01133987,0,0.21751770,nan,nan,nan,0.00000000
1,10199,0.00028155,0.00000000,0.10154979,0.38556848,0.01054562,0.98945438,0,0.20541466,nan,nan,nan,0.00000000
2,10299,0.00087538,0.00000000,0.12815182,0.63547436,0.00223052,0.99776948,0,0.32261125,nan,nan,nan,0.00000000
3,10399,0.00313893,0.00000000,0.20362058,0.53228947,0.00602519,0.99397481,0,0.30253503,nan,nan,nan,0.00000000
4,10499,0.00979975,0.00000000,0.34295522,0.35986728,-0.00071819,1.00071819,0,0.26448298,nan,nan,nan,0.00000000
5,10599,0.01817224,0.00000000,0.37154185,0.42274004,0.00067853,0.99932147,0,0.29737054,nan,nan,nan,0.00000000
6,10699,0.02256940,0.00000000,0.31317283,1.11982452,-0.00057361,1.00057361,0,0.44342721,nan,nan,nan,0.00000000
7,10799,0.01242741,0.00000000,0.21945227,0.73659239,0.00596762,0.99403238,0,0.80244542,nan,nan,nan,0.00000000
8,10899,0.01886092,0.00000000,0.23341853,0.68869761,0.01041816,0.98958184,0,0.68276203,nan,nan,nan,0.00000000
9,10999,0.01115828,0.00000000,0.26990073,0.55326933,-0.00372649,1.00372649,0,0.42001070,nan,nan,nan,0.00000000
10,11099,0.04050141,0.00000000,0.53852034,0.37430742,-0.00258429,1.00258429,0,0.25375170,nan,nan,nan,0.00000000
11,11199,0.05730521,0.00000000,0.63571965,0.26496038,0.01623318,0.98376682,0,0.23029343,nan,nan,nan,0.00000000
12,11299,0.08109060,0.00000000,0.62955573,0.35022306,-0.01087094,1.01087094,0,0.30137065,nan,nan,nan,0.00000000
13,11399,0.08210705,0.00000000,0.67712454,0.30668866,-0.00802252,1.00802252,0,0.27054917,nan,nan,nan,0.00000000
14,11499,0.14798607,0.00000000,0.70929589,0.45618490,0.00302144,0.99697856,0,0.40008902,nan,nan,nan,0.00000000
15,11599,0.12275527,0.00000000,0.70578311,0.40012765,0.00823227,0.99176773,0,0.36987622,nan,nan,nan,0.00000000
16,11699,0.14019242,0.00000000,0.69415341,0.47234518,-0.00251354,1.00251354,0,0.39084956,nan,nan,nan,0.00000000
17,11799,0.15465597,0.00000000,0.74865469,0.36872418,0.00121048,0.99878952,0,0.37015834,nan,nan,nan,0.00000000
18,11899,0.18024401,0.00000000,0.78972682,0.41724924,0.01429703,0.98570297,0,0.35328970,nan,nan,nan,0.00000000
19,11999,0.19336108,0.00000000,0.82851294,0.37659335,0.00524662,0.99475338,0,0.33596932,nan,nan,nan,0.00000000
20,12099,0.37516333,0.00000000,0.81124390,0.73119655,0.00744906,0.99255094,0,0.67674599,nan,nan,nan,0.00000000
21,12199,0.28599683,0.00000000,0.82564255,0.54748022,0.00174668,0.99825332,0,0.49635968,nan,nan,nan,0.00000000
22,12299,0.23396520,0.00000000,0.77581940,0.57506160,0.00440875,0.99559125,0,0.44840329,nan,nan,nan,0.00000000
23,12399,0.19471990,0.00000000,0.58497496,1.01178745,0.00570182,0.99429818,0,0.73174406,nan,nan,nan,0.00000000
24,12499,0.13945787,0.00000000,0.46950255,0.88962424,0.01150447,0.98849553,0,0.98812922,nan,nan,nan,0.00000000
25,12599,0.08889756,0.00000000,0.53674228,0.47973639,0.02568585,0.97431415,0,0.43116946,nan,nan,nan,0.00000000
26,12699,0.09465682,0.00000000,0.56073719,0.47978468,0.00455704,0.99544296,0,0.41204975,nan,nan,nan,0.00000000
27,12799,0.07648657,0.00000000,0.56188141,0.42550628,0.01177549,0.98822451,0,0.36432303,nan,nan,nan,0.00000000
28,12899,0.07238997,0.00000000,0.59220875,0.35724065,-0.00116647,1.00116647,0,0.32305792,nan,nan,nan,0.00000000
29,12999,0.09809340,0.00000000,0.57415142,0.52878361,0.01269006,0.98730994,0,0.43768314,nan,nan,nan,0.00000000
30,13099,0.31870451,0.00000000,0.79339218,0.65773683,0.01690872,0.98309128,0,0.59678955,nan,nan,nan,0.00000000
31,13199,0.18973284,0.00000000,0.70487005,0.55487794,-0.00381101,1.00381101,0,0.45339443,nan,nan,nan,0.00000000
32,13299,0.12418511,0.00000000,0.59755087,0.67514357,0.00882252,0.99117748,0,0.48331102,nan,nan,nan,0.00000000
33,13399,0.16344751,0.00000000,0.66501032,0.53586542,0.00185971,0.99814029,0,0.48359040,nan,nan,nan,0.00000000
34,13499,0.17495069,0.00000000,0.69734676,0.47957403,0.00918045,0.99081955,0,0.48037702,nan,nan,nan,0.00000000
35,13599,0.17053684,0.00000000,0.74515787,0.45022574,-0.00023904,1.00023904,0,0.39387467,nan,nan,nan,0.00000000
36,13699,0.18940729,0.00000000,0.76615176,0.42988192,0.00299699,0.99700301,0,0.40319823,nan,nan,nan,0.00000000
37,13799,0.17180528,0.00000000,0.72429700,0.52587618,-0.00471740,1.00471740,0,0.42600899,nan,nan,nan,0.00000000
38,13899,0.17802085,0.00000000,0.76246338,0.42022208,0.00478129,0.99521871,0,0.38953164,nan,nan,nan,0.00000000
39,13999,0.25912218,0.00000000,0.76579595,0.55900853,0.01441824,0.98558176,0,0.55350604,nan,nan,nan,0.00000000
40,14099,0.39250579,0.00000000,0.89678294,0.55970412,-0.00926746,1.00926746,0,0.54718059,nan,nan,nan,0.00000000
41,14199,0.25813024,0.00000000,0.91170330,0.36002516,0.00554881,0.99445119,0,0.33492864,nan,nan,nan,0.00000000
42,14299,0.33750073,0.00000000,0.91343367,0.50619227,0.01031004,0.98968996,0,0.44363314,nan,nan,nan,0.00000000
43,14399,0.28856633,0.00000000,0.81496483,0.61619172,0.00689967,0.99310033,0,0.51937853,nan,nan,nan,0.00000000
44,14499,0.30158188,0.00000000,0.77217605,0.62941530,0.02616047,0.97383953,0,0.59124296,nan,nan,nan,0.00000000
45,14599,0.22836482,0.00000000,0.73627408,0.53117681,0.00855931,0.99144069,0,0.48040540,nan,nan,nan,0.00000000
46,14699,0.16742912,0.00000000,0.77061366,0.34506954,-0.00529647,1.00529647,0,0.33623168,nan,nan,nan,0.00000000
47,14799,0.26304757,0.00000000,0.78468387,0.51515947,0.00646873,0.99353127,0,0.51185487,nan,nan,nan,0.00000000
48,14899,0.23478653,0.00000000,0.81660048,0.44215212,0.00127684,0.99872316,0,0.40869108,nan,nan,nan,0.00000000
49,14999,0.26768904,0.00000000,0.82758974,0.54118614,-0.00057414,1.00057414,0,0.47098792,nan,nan,nan,0.00000000
50,15099,0.36850423,0.00000000,0.88932314,0.51776983,-0.01754750,1.01754750,0,0.50177506,nan,nan,nan,0.00000000
51,15199,0.27842971,0.00000000,0.84158919,0.49013701,0.01212789,0.98787211,0,0.43686876,nan,nan,nan,0.00000000
52,15299,0.26548948,0.00000000,0.89965705,0.38478810,0.00323954,0.99676046,0,0.36346481,nan,nan,nan,0.00000000
53,15399,0.29147302,0.00000000,0.78131047,0.55489446,0.00713330,0.99286670,0,0.52104166,nan,nan,nan,0.00000000
54,15499,0.24294629,0.00000000,0.87262449,0.40333416,0.00866132,0.99133868,0,0.35926770,nan,nan,nan,0.00000000
55,15599,0.22770544,0.00000000,0.84192927,0.38024574,0.00241645,0.99758355,0,0.36281585,nan,nan,nan,0.00000000
56,15699,0.25904109,0.00000000,0.87080719,0.43521497,0.00586217,0.99413783,0,0.37891164,0.46403445,0.09684848,-0.87892771,-0.94269719
57,15799,0.26960142,0.00000000,0.86191643,0.48924497,-0.00360033,1.00360033,0,0.41099469,0.46318323,0.09673826,-0.53948186,-0.68187204
58,15899,0.28335061,0.00000000,0.85914621,0.46094051,0.01244994,0.98755006,0,0.42823995,0.46266134,0.09639473,-0.35708784,-0.56710346
59,15999,0.31394408,0.00000000,0.90885504,0.42129621,-0.00031499,1.00031499,0,0.41567585,0.46231713,0.09597330,-0.48598187,-0.74467443
60,16099,0.52119600,1.22580705,0.91440768,0.76851003,-0.00733224,1.00733224,0,0.65749644,0.46185071,0.09560606,2.04637365,1.22580705
61,16199,0.41052408,0.89030413,0.95382546,0.48833573,-0.02406356,1.02406356,0,0.47271813,0.46185071,0.09560606,0.11366868,-0.33550291
62,16299,0.31006236,0.00000000,0.96167688,0.36327506,0.00971189,0.99028811,0,0.35248055,0.46185071,0.09560606,-1.14396688,-1.44612875
63,16399,0.44760028,0.15885608,0.95039074,0.55273329,0.00204841,0.99795159,0,0.52652699,0.46075701,0.09575350,0.68686765,0.15885608
64,16499,0.51073799,1.13329872,0.93600833,0.67183893,0.00722320,0.99277680,0,0.62260772,0.46141471,0.09550027,1.68788013,0.97444264
65,16599,0.31294789,0.00000000,0.94185194,0.38568288,-0.00630542,1.00630542,0,0.36377711,0.46141471,0.09550027,-1.02238043,-1.30966392
66,16699,0.42913089,0.19236402,0.93006714,0.55115550,0.00227035,0.99772965,0,0.53093333,0.46043834,0.09552188,0.73799841,0.19236402
67,16799,0.37420404,0.00000000,0.94089692,0.47363495,0.01084359,0.98915641,0,0.44480604,0.46114329,0.09530415,-0.17142217,-0.56485044
68,16899,0.47944014,0.75930939,0.91662113,0.65990227,0.01036221,0.98963779,0,0.59826063,0.46097991,0.09484050,1.44749036,0.75930939
69,16999,0.41689287,1.19841568,0.88470749,0.63672438,0.00219161,0.99780839,0,0.56482250,0.46097991,0.09484050,1.09491810,0.43910629
70,17099,0.46345571,1.74321823,0.92324118,0.63332554,0.01222005,0.98777995,0,0.57219224,0.46097991,0.09484050,1.17262476,0.54480255
71,17199,0.39282743,1.45754181,0.93532235,0.50310319,-0.00622684,1.00622684,0,0.47559772,0.46097991,0.09484050,0.15413042,-0.28567642
72,17299,0.28248546,0.00000000,0.97819803,0.30519364,0.01241469,0.98758531,0,0.30307923,0.46097991,0.09484050,-1.66490769,-2.01780549
73,17399,0.42239839,0.00000000,0.97133033,0.49439156,-0.01367521,1.01367521,0,0.46219755,0.45940091,0.09567706,0.02922998,-0.43023270
74,17499,0.44609626,0.19187797,0.94310839,0.53693130,0.00618211,0.99381789,0,0.52867558,0.45942887,0.09519788,0.72739755,0.19187797
75,17599,0.49958692,1.31332480,0.88666054,0.77900979,-0.01057641,1.01057641,0,0.64514823,0.46012134,0.09497348,1.94819531,1.12144684
76,17699,0.39197056,1.55448944,0.88188527,0.57237976,0.01097419,0.98902581,0,0.53911022,0.46012134,0.09497348,0.83169410,0.24116463
77,17799,0.36485504,1.36156188,0.90953177,0.47450058,0.00616515,0.99383485,0,0.48333502,0.46012134,0.09497348,0.24442276,-0.19292755
78,17899,0.27967266,0.41477208,0.89676864,0.39972626,0.00099731,0.99900269,0,0.38410972,0.46012134,0.09497348,-0.80034578,-0.94678980
79,17999,0.27660659,0.00000000,0.89511270,0.41291853,-0.00111879,1.00111879,0,0.37477376,0.45936122,0.09480264,-0.89224800,-1.02756651
80,18099,0.62392113,1.96393393,0.95165310,0.72085109,-0.01146800,1.01146800,0,0.72072156,0.45851535,0.09470594,2.76863534,1.96393393
81,18199,0.37467194,1.31034587,0.95177308,0.49412137,0.00439160,0.99560840,0,0.43414435,0.45851535,0.09470594,-0.25733337,-0.65358806
82,18299,0.34293470,0.17135400,0.95895139,0.38597381,0.00341005,0.99658995,0,0.38482312,0.45851535,0.09470594,-0.77811624,-1.13899187
83,18399,0.34270771,0.00000000,0.97741806,0.37203651,-0.00496231,1.00496231,0,0.37058741,0.45777843,0.09451893,-0.92247149,-1.31545737
84,18499,0.73994083,3.17202651,0.95282136,0.88313563,0.00866662,0.99133338,0,0.84711887,0.45690652,0.09444847,4.13148431,3.17202651
85,18599,0.31222717,1.44844351,0.98299424,0.33775712,-0.00590024,1.00590024,0,0.33136359,0.45690652,0.09444847,-1.32922151,-1.72358301
86,18699,0.45343830,1.72990833,0.94145693,0.60162075,0.00140315,0.99859685,0,0.53552734,0.45690652,0.09444847,0.83242033,0.28146482
87,18799,0.35937058,1.78860314,0.87399681,0.53920866,0.00714744,0.99285256,0,0.51202929,0.45690652,0.09444847,0.58362805,0.05869481
88,18899,0.34949932,1.36592091,0.90984145,0.49465364,0.00644117,0.99355883,0,0.45244954,0.45690652,0.09444847,-0.04718955,-0.42268223
89,18999,0.35340284,1.06372976,0.88622826,0.60226705,0.01534448,0.98465552,0,0.46645865,0.45690652,0.09444847,0.10113597,-0.30219115
90,19099,0.37399561,0.10398858,0.97496802,0.41420626,-0.00610761,1.00610761,0,0.40578082,0.45690652,0.09444847,-0.54130786,-0.95974118
91,19199,0.27892339,0.00000000,0.97898205,0.30872549,-0.00261584,1.00261584,0,0.29684779,0.45639526,0.09411400,-1.69525753,-2.06270253
92,19299,0.40174057,0.00000000,0.97733990,0.43744553,0.00270129,0.99729871,0,0.42640871,0.45479979,0.09499171,-0.29887945,-0.75266352
93,19399,0.32570393,0.00000000,0.99133472,0.33722681,0.00041680,0.99958320,0,0.33606291,0.45451587,0.09455819,-1.25269912,-1.69867301
94,19499,0.35939573,0.00000000,0.98940329,0.39600555,0.00118357,0.99881643,0,0.37215534,0.45333135,0.09482695,-0.85604365,-1.30955075
95,19599,0.46420181,0.00928353,0.97235044,0.52840850,0.00717326,0.99282674,0,0.50081817,0.45251959,0.09470018,0.51001581,0.00928353
96,19699,0.43415470,0.00000000,0.98547431,0.47910635,-0.00318397,1.00318397,0,0.45736381,0.45300257,0.09434919,0.04622443,-0.43074854
97,19799,0.31662367,0.00000000,0.97968353,0.34832646,0.00356399,0.99643601,0,0.33436337,0.45304618,0.09387728,-1.26423371,-1.67063206
98,19899,0.39154546,0.00000000,0.99599652,0.39875932,-0.00386362,1.00386362,0,0.39749471,0.45185936,0.09415768,-0.57737875,-1.06125379
99,19999,0.42049847,0.00000000,0.98623917,0.44333375,0.00633754,0.99366246,0,0.43722682,0.45131571,0.09384332,-0.15013206,-0.62525793
100,20099,1.15316559,7.31370193,0.98092296,1.21537349,0.01197744,0.98802256,1,1.22105390,0.45117482,0.09338355,8.24426880,7.31370193
101,20199,0.00013923,0.00000000,0.04441883,0.75891617,0.00882496,0.99117504,0,0.76184027,nan,nan,nan,0.00000000
102,20299,0.00166974,0.00000000,0.13862113,0.82582752,0.00418214,0.99581786,0,0.65331048,nan,nan,nan,0.00000000
103,20399,0.00720096,0.00000000,0.24152459,0.67904261,0.01339578,0.98660422,0,0.52469534,nan,nan,nan,0.00000000
104,20499,0.02335468,0.00000000,0.31031903,0.86911482,0.01458159,0.98541841,0,0.62215677,nan,nan,nan,0.00000000
105,20599,0.02871691,0.00000000,0.34754518,0.78315133,0.00653549,0.99346451,0,0.61300496,nan,nan,nan,0.00000000
106,20699,0.05564607,0.00000000,0.41546060,0.82934040,0.00415873,0.99584127,0,0.69340688,nan,nan,nan,0.00000000
107,20799,0.09429042,0.00000000,0.48680578,0.83832576,0.00927528,0.99072472,0,0.76249513,nan,nan,nan,0.00000000
108,20899,0.06765954,0.00000000,0.42194719,1.05187454,0.00554200,0.99445800,0,0.69930261,nan,nan,nan,0.00000000
109,20999,0.04077196,0.00000000,0.29688803,1.05427112,0.02664539,0.97335461,0,0.94314476,nan,nan,nan,0.00000000
110,21099,0.10570031,0.00000000,0.56926148,0.63507632,0.01934683,0.98065317,0,0.48966616,nan,nan,nan,0.00000000
111,21199,0.10739890,0.00000000,0.58172540,0.65353488,0.02433828,0.97566172,0,0.47745565,nan,nan,nan,0.00000000
112,21299,0.09625313,0.00000000,0.43552067,0.97793143,-0.00003011,1.00003011,0,0.71150000,nan,nan,nan,0.00000000
113,21399,0.10486209,0.00000000,0.47798974,0.79397789,0.00436371,0.99563629,0,0.73450115,nan,nan,nan,0.00000000
114,21499,0.08408442,0.00000000,0.42802144,0.84160547,0.01074736,0.98925264,0,0.76731849,nan,nan,nan,0.00000000
115,21599,0.08061225,0.00000000,0.48585247,0.61773705,0.00527669,0.99472331,0,0.52573950,nan,nan,nan,0.00000000
116,21699,0.08056267,0.00000000,0.45641262,0.72395977,0.00336300,0.99663700,0,0.58118536,nan,nan,nan,0.00000000
117,21799,0.08762992,0.00000000,0.46106245,0.74520564,-0.00684781,1.00684781,0,0.62161359,nan,nan,nan,0.00000000
118,21899,0.07349243,0.00000000,0.50822071,0.53956698,0.00978151,0.99021849,0,0.46222378,nan,nan,nan,0.00000000
119,21999,0.08386325,0.00000000,0.46697239,0.69138758,0.00784283,0.99215717,0,0.65020382,nan,nan,nan,0.00000000
120,22099,0.15046015,0.00000000,0.69198125,0.49934169,-0.00435598,1.00435598,0,0.44106460,nan,nan,nan,0.00000000
121,22199,0.15579624,0.00000000,0.76611398,0.38708593,-0.00610716,1.00610716,0,0.33110772,nan,nan,nan,0.00000000
122,22299,0.20233347,0.00000000,0.80841312,0.43398984,-0.00231855,1.00231855,0,0.39381637,nan,nan,nan,0.00000000
123,22399,0.20373833,0.00000000,0.79318910,0.43266965,0.01899116,0.98100884,0,0.39189605,nan,nan,nan,0.00000000
124,22499,0.25222531,0.00000000,0.79624106,0.53652423,0.00151601,0.99848399,0,0.48208781,nan,nan,nan,0.00000000
125,22599,0.18578691,0.00000000,0.81095995,0.40056225,-0.01294104,1.01294104,0,0.34036418,nan,nan,nan,0.00000000
126,22699,0.18233313,0.00000000,0.82700634,0.33898300,-0.02311981,1.02311981,0,0.32109487,nan,nan,nan,0.00000000
127,22799,0.22719148,0.00000000,0.75098887,0.49873022,0.01030062,0.98969938,0,0.47284255,nan,nan,nan,0.00000000
128,22899,0.19982987,0.00000000,0.84275279,0.36772845,-0.00666497,1.00666497,0,0.32643804,nan,nan,nan,0.00000000
129,22999,0.31300401,0.00000000,0.85951045,0.50400606,0.01268000,0.98732000,0,0.47249932,nan,nan,nan,0.00000000
130,23099,0.40511977,0.00000000,0.81965594,0.70788984,-0.00480994,1.00480994,0,0.69531355,nan,nan,nan,0.00000000
131,23199,0.27115039,0.00000000,0.70228260,0.99742864,0.00502117,0.99497883,0,0.64326943,nan,nan,nan,0.00000000
132,23299,0.17633881,0.00000000,0.64561554,0.57651129,0.00373932,0.99626068,0,0.57177475,nan,nan,nan,0.00000000
133,23399,0.18740433,0.00000000,0.63737881,0.63405821,-0.00852700,1.00852700,0,0.56312890,nan,nan,nan,0.00000000
134,23499,0.23255436,0.00000000,0.75236547,0.53025089,0.00064047,0.99935953,0,0.51406220,nan,nan,nan,0.00000000
135,23599,0.23026895,0.00000000,0.76820128,0.54761920,-0.00899017,1.00899017,0,0.47153091,nan,nan,nan,0.00000000
136,23699,0.21160702,0.00000000,0.71277067,0.54079131,0.00427934,0.99572066,0,0.50157054,nan,nan,nan,0.00000000
137,23799,0.19436595,0.00000000,0.72650734,0.54334872,-0.01202875,1.01202875,0,0.43246390,nan,nan,nan,0.00000000
138,23899,0.16210456,0.00000000,0.72065181,0.45796654,-0.01162410,1.01162410,0,0.41169279,nan,nan,nan,0.00000000
139,23999,0.18151319,0.00000000,0.80910389,0.36713499,-0.01640672,1.01640672,0,0.32731848,nan,nan,nan,0.00000000
140,24099,0.40166297,0.00000000,0.86439456,0.64645144,0.00505951,0.99494049,0,0.63018882,nan,nan,nan,0.00000000
141,24199,0.24295319,0.00000000,0.83717066,0.47712121,0.00165899,0.99834101,0,0.39315256,nan,nan,nan,0.00000000
142,24299,0.24629827,0.00000000,0.82549309,0.45852941,-0.00939637,1.00939637,0,0.40984966,nan,nan,nan,0.00000000
143,24399,0.27099894,0.00000000,0.86430036,0.42079270,-0.02265281,1.02265281,0,0.39378678,nan,nan,nan,0.00000000
144,24499,0.25352249,0.00000000,0.91944603,0.35464069,0.01031885,0.98968115,0,0.33200112,nan,nan,nan,0.00000000
145,24599,0.36745672,0.00000000,0.90150669,0.56722562,-0.01632662,1.01632662,0,0.48316517,nan,nan,nan,0.00000000
146,24699,0.29461172,0.00000000,0.91501669,0.41170582,-0.00808962,1.00808962,0,0.38343347,nan,nan,nan,0.00000000
147,24799,0.40456662,0.00000000,0.87083474,0.76131465,-0.00875400,1.00875400,0,0.57290874,nan,nan,nan,0.00000000
148,24899,0.29799785,0.00000000,0.77498759,0.63678915,-0.00238361,1.00238361,0,0.59284535,nan,nan,nan,0.00000000
149,24999,0.23893046,0.00000000,0.81109546,0.47778434,-0.00139605,1.00139605,0,0.40836562,nan,nan,nan,0.00000000
150,25099,0.29567619,0.00000000,0.93004566,0.38968027,0.02836404,0.97163596,0,0.36778672,nan,nan,nan,0.00000000
151,25199,0.30980959,0.00000000,0.90873901,0.46601877,0.01424367,0.98575633,0,0.39840778,0.43591563,0.10934371,-0.34302705,-0.65555411
152,25299,0.22976569,0.00000000,0.94951594,0.28010619,0.00120314,0.99879686,0,0.26703385,0.43554056,0.10886026,-1.54791759,-1.76210322
153,25399,0.29345460,0.00000000,0.94996727,0.35530577,0.01549619,0.98450381,0,0.34440647,0.43385549,0.10961750,-0.81601040,-1.12131836
154,25499,0.30430255,0.00000000,0.94730098,0.39510835,-0.00623908,1.00623908,0,0.36117085,0.43296100,0.10943421,-0.65601192,-0.97399159
155,25599,0.23639076,0.00000000,0.91131105,0.36231702,0.01373535,0.98626465,0,0.30474666,0.43224310,0.10912207,-1.16838357,-1.29415843
156,25699,0.33089613,0.00000000,0.96419945,0.38092371,0.00082551,0.99917449,0,0.37225182,0.43096813,0.10932110,-0.53709955,-0.92188194
157,25799,0.37498431,0.00000000,0.94618376,0.44645360,0.00232036,0.99767964,0,0.44287953,0.43038097,0.10893149,0.11473786,-0.32619990
158,25899,0.49067297,0.74150664,0.94263624,0.62986118,0.00339660,0.99660340,0,0.57965108,0.43050595,0.10839267,1.37597067,0.74150664
159,25999,0.37260918,0.31877269,0.95035566,0.44314505,0.00874196,0.99125804,0,0.43162376,0.43050595,0.10839267,0.01031260,-0.42273395
160,26099,0.57876164,1.76776340,0.95495921,0.68532423,0.02139066,0.97860934,0,0.66363015,0.43051713,0.10784940,2.16146798,1.44899071
161,26199,0.28286612,0.55255138,0.94217330,0.37358538,0.01065983,0.98934017,0,0.33105478,0.43051713,0.10784940,-0.92223375,-1.21521202
162,26299,0.38938610,0.29902396,0.95301831,0.47707776,0.02362518,0.97637482,0,0.45265621,0.43051713,0.10784940,0.20527771,-0.25352742
163,26399,0.39390976,0.00000000,0.96763745,0.46812013,-0.00495114,1.00495114,0,0.43655422,0.43073852,0.10733163,0.05418438,-0.40226646
164,26499,0.34549325,0.00000000,0.96770944,0.39089513,0.00328803,0.99671197,0,0.38136827,0.43079668,0.10679521,-0.46283362,-0.87226062
165,26599,0.38386232,0.00000000,0.95821111,0.46602652,-0.00848131,1.00848131,0,0.43453013,0.43030240,0.10637479,0.03974372,-0.40658872
166,26699,0.42497686,0.00000000,0.98211417,0.47212417,0.01412480,0.98587520,0,0.45178641,0.43034467,0.10584242,0.20258166,-0.27976918
167,26799,0.36370796,0.00000000,0.98326494,0.38954006,-0.00964474,1.00964474,0,0.38452349,0.43055909,0.10533371,-0.43704526,-0.88631989
168,26899,0.51499544,0.62613456,0.97465169,0.56133582,0.00108199,0.99891801,0,0.55309768,0.43009873,0.10490677,1.17245949,0.62613456
169,26999,0.49209228,1.17189162,0.96208198,0.56971620,0.00800297,0.99199703,0,0.54608799,0.43009873,0.10490677,1.10564123,0.54575706
170,27099,0.83260722,4.94217791,0.96572552,0.92616341,-0.00985985,1.00985985,0,0.91923131,0.43009873,0.10490677,4.66254522,3.77028630
171,27199,0.31233022,3.87639385,0.94852437,0.40200435,0.01120512,0.98879488,0,0.35534553,0.43009873,0.10490677,-0.71256792,-1.06578407
172,27299,0.31216555,2.70849396,0.96543240,0.35176296,0.00159646,0.99840354,0,0.34654002,0.43009873,0.10490677,-0.79650451,-1.16789989
173,27399,0.34667261,1.65872614,0.98325561,0.37844834,-0.01013961,1.01013961,0,0.36621600,0.43009873,0.10490677,-0.60894765,-1.04976782
174,27499,0.32865217,0.40612244,0.98636360,0.35018429,-0.01863162,1.01863162,0,0.34472074,0.43009873,0.10490677,-0.81384640,-1.25260370
175,27599,0.52689691,1.11307463,0.98113877,0.56427186,0.02476712,0.97523288,0,0.56034912,0.42924496,0.10472951,1.25183595,0.70695219
176,27699,0.33803958,0.02999447,0.97877243,0.37967232,-0.00253376,1.00253376,0,0.36060675,0.42924496,0.10472951,-0.65538546,-1.08308016
177,27799,0.45719712,0.14164391,0.97537826,0.51166550,-0.00473996,1.00473996,0,0.49335547,0.42855857,0.10443036,0.62047946,0.11164944
178,27899,0.32660589,0.00000000,0.98119274,0.35868387,0.02472596,0.97527404,0,0.34690417,0.42920654,0.10410874,-0.79054242,-1.21502940
179,27999,0.45798969,0.02422352,0.98450793,0.49377565,-0.00383609,1.00383609,0,0.48299476,0.42838352,0.10391333,0.52554607,0.02422352
180,28099,0.64590430,2.15583545,0.95726740,0.78215248,0.01322629,0.98677371,0,0.73020127,0.42892963,0.10353658,2.90980857,2.13161193
181,28199,0.42674580,1.92942787,0.97982128,0.48597053,-0.02828566,1.02828566,0,0.45566775,0.42892963,0.10353658,0.25824804,-0.22640758
182,28299,0.40093721,1.64553774,0.95245429,0.47295106,-0.00575078,1.00575078,0,0.44786462,0.42892963,0.10353658,0.18288215,-0.28389013
183,28399,0.43231772,1.68549880,0.95578652,0.49530912,0.00597320,0.99402680,0,0.48534282,0.42892963,0.10353658,0.54486241,0.03996106
184,28499,0.44259810,1.73176967,0.96284190,0.53290221,0.00215754,0.99784246,0,0.48595798,0.42892963,0.10353658,0.55080387,0.04627087
185,28599,0.33044870,0.67592038,0.97322631,0.37123677,-0.01150167,1.01150167,0,0.36120432,0.42892963,0.10353658,-0.65411960,-1.05584929
186,28699,0.48623135,0.97201917,0.98431734,0.52187405,-0.00514654,1.00514654,0,0.51304563,0.42892963,0.10353658,0.81242780,0.29609879
187,28799,0.35719782,0.08129478,0.97799820,0.39005284,0.02353927,0.97646073,0,0.38205711,0.42892963,0.10353658,-0.45271461,-0.89072439
188,28899,0.43299099,0.12768042,0.96152791,0.50056688,-0.00789930,1.00789930,0,0.48538530,0.42846091,0.10312418,0.55199856,0.04638564
189,28999,0.43598684,0.01384499,0.97733880,0.47837553,-0.00314268,1.00314268,0,0.46785918,0.42903015,0.10276504,0.37784276,-0.11383543
190,29099,0.82523447,3.76862946,0.97260223,0.92588274,0.01028880,0.98971120,0,0.89923637,0.42941844,0.10232363,4.59149022,3.75478446
191,29199,0.33889013,2.69137380,0.97926109,0.36201936,0.01232088,0.98767912,0,0.36262987,0.42941844,0.10232363,-0.65271896,-1.07725565
192,29299,0.39112711,2.19432946,0.96650208,0.45652030,0.00022921,0.99977079,0,0.42527989,0.42941844,0.10232363,-0.04044570,-0.49704434
193,29399,0.32836067,0.99858674,0.97801223,0.36312735,-0.00739014,1.00739014,0,0.35011973,0.42941844,0.10232363,-0.77497948,-1.19574272
194,29499,0.83744580,5.15182507,0.94923140,0.99469702,0.00434279,0.99565721,1,0.97572806,0.42941844,0.10232363,5.33903696,4.15323833
195,29599,0.00001002,0.00000000,0.01522601,0.95104163,-0.00208497,1.00208497,0,0.76375470,nan,nan,nan,0.00000000
196,29699,0.00106096,0.00000000,0.12522271,0.71985177,0.01714664,0.98285336,0,0.61860794,nan,nan,nan,0.00000000
197,29799,0.00312317,0.00000000,0.16474798,0.93732689,0.01212593,0.98787407,0,0.73302506,nan,nan,nan,0.00000000
198,29899,0.00445344,0.00000000,0.14779575,0.93431225,0.00376216,0.99623784,0,0.69827815,nan,nan,nan,0.00000000
199,29999,0.00417476,0.00000000,0.18814106,0.85417322,0.00704188,0.99295812,0,0.63310360,nan,nan,nan,0.00000000
200,30099,0.01571004,0.00000000,0.29869805,0.86802025,0.00836211,0.99163789,0,0.74884495,nan,nan,nan,0.00000000
201,30199,0.04555049,0.00000000,0.41671184,0.71438013,0.02259488,0.97740512,0,0.66700036,nan,nan,nan,0.00000000
202,30299,0.06902131,0.00000000,0.51442675,0.72016131,0.01198633,0.98801367,0,0.63811353,nan,nan,nan,0.00000000
203,30399,0.12094244,0.00000000,0.57210362,0.72469376,-0.00355813,1.00355813,0,0.67226251,nan,nan,nan,0.00000000
204,30499,0.14241009,0.00000000,0.63031340,0.64335957,-0.00346736,1.00346736,0,0.57943778,nan,nan,nan,0.00000000
205,30599,0.17732498,0.00000000,0.66729441,0.67514764,0.00676380,0.99323620,0,0.61929566,nan,nan,nan,0.00000000
206,30699,0.20681009,0.00000000,0.76411656,0.52127135,0.00125293,0.99874707,0,0.48391464,nan,nan,nan,0.00000000
207,30799,0.21080801,0.00000000,0.70107176,0.59256047,0.01078153,0.98921847,0,0.58343510,nan,nan,nan,0.00000000
208,30899,0.17450540,0.00000000,0.70986274,0.54888670,0.01243014,0.98756986,0,0.46348921,nan,nan,nan,0.00000000
209,30999,0.22843999,0.00000000,0.73691912,0.54948125,-0.00332354,1.00332354,0,0.54111585,nan,nan,nan,0.00000000
210,31099,0.31690400,0.00000000,0.70566113,0.92762767,0.00873813,0.99126187,0,0.85305832,nan,nan,nan,0.00000000
211,31199,0.15002555,0.00000000,0.76013483,0.35485238,0.01090071,0.98909929,0,0.32846371,nan,nan,nan,0.00000000
212,31299,0.25174521,0.00000000,0.80218165,0.48020828,0.00617671,0.99382329,0,0.46941378,nan,nan,nan,0.00000000
213,31399,0.24788103,0.00000000,0.79403368,0.51208307,0.00120694,0.99879306,0,0.47906760,nan,nan,nan,0.00000000
214,31499,0.25778249,0.00000000,0.79439611,0.55429945,-0.01720927,1.01720927,0,0.47379953,nan,nan,nan,0.00000000
215,31599,0.26119385,0.00000000,0.84376785,0.45869383,0.01103802,0.98896198,0,0.42386417,nan,nan,nan,0.00000000
216,31699,0.26161955,0.00000000,0.79789576,0.54161704,0.00489296,0.99510704,0,0.49703187,nan,nan,nan,0.00000000
217,31799,0.24395277,0.00000000,0.82062165,0.50013100,0.00901849,0.99098151,0,0.42257993,nan,nan,nan,0.00000000
218,31899,0.35957994,0.00000000,0.78810357,0.76517912,-0.00076906,1.00076906,0,0.66477885,nan,nan,nan,0.00000000
219,31999,0.25861512,0.00000000,0.77787918,0.55576224,0.00871774,0.99128226,0,0.47991008,nan,nan,nan,0.00000000
220,32099,0.32452856,0.00000000,0.74299876,0.78688851,-0.02098842,1.02098842,0,0.72019749,nan,nan,nan,0.00000000
221,32199,0.22900719,0.00000000,0.83655218,0.40625163,-0.01706278,1.01706278,0,0.36758419,nan,nan,nan,0.00000000
222,32299,0.23454267,0.00000000,0.87503209,0.42538419,-0.00080642,1.00080642,0,0.35498055,nan,nan,nan,0.00000000
223,32399,0.23537541,0.00000000,0.83178229,0.45877783,0.00085312,0.99914688,0,0.36005127,nan,nan,nan,0.00000000
224,32499,0.24061127,0.00000000,0.86393132,0.39062526,0.00015724,0.99984276,0,0.34331944,nan,nan,nan,0.00000000
225,32599,0.26825041,0.00000000,0.89497639,0.38462383,-0.01233637,1.01233637,0,0.36631464,nan,nan,nan,0.00000000
226,32699,0.32627530,0.00000000,0.87617736,0.51453029,0.00553510,0.99446490,0,0.46909916,nan,nan,nan,0.00000000
227,32799,0.56310614,0.00000000,0.87410486,0.85465090,-0.00161409,1.00161409,0,0.81707396,nan,nan,nan,0.00000000
228,32899,0.32602998,0.00000000,0.83416702,0.58376865,0.00948013,0.99051987,0,0.53514569,nan,nan,nan,0.00000000
229,32999,0.28941137,0.00000000,0.92637475,0.38290541,-0.00992856,1.00992856,0,0.36914261,nan,nan,nan,0.00000000
230,33099,0.49205783,0.00000000,0.85249597,0.84717207,0.00310750,0.99689250,0,0.74719195,nan,nan,nan,0.00000000
231,33199,0.23125401,0.00000000,0.90586732,0.33460320,0.01498933,0.98501067,0,0.30771852,nan,nan,nan,0.00000000
232,33299,0.29887682,0.00000000,0.84499566,0.48435587,-0.00354646,1.00354646,0,0.43877358,nan,nan,nan,0.00000000
233,33399,0.30637359,0.00000000,0.89393040,0.45005428,-0.01010080,1.01010080,0,0.41301035,0.46934207,0.13472431,-0.41812585,-0.68107133
234,33499,0.34251868,0.00000000,0.91932580,0.44332962,-0.00059346,1.00059346,0,0.43182315,0.46877875,0.13416730,-0.27544414,-0.61507610
235,33599,0.28418189,0.00000000,0.94600990,0.35315928,0.00278854,0.99721146,0,0.33347972,0.46840920,0.13354592,-1.01036016,-1.28708578
236,33699,0.37003748,0.00000000,0.94677500,0.43797993,0.00603520,0.99396480,0,0.42934164,0.46705990,0.13355983,-0.28240722,-0.67433477
237,33799,0.44395602,0.00000000,0.94222182,0.55233553,-0.00177388,1.00177388,0,0.52180313,0.46668272,0.13294387,0.41461415,-0.07264725
238,33899,0.37496412,0.00000000,0.93005416,0.47686539,-0.01110937,1.01110937,0,0.45447798,0.46723392,0.13239227,-0.09634959,-0.49201437
239,33999,0.42329356,0.21406521,0.88297014,0.64710834,0.01536862,0.98463138,0,0.57101482,0.46710636,0.13173482,0.78876982,0.21406521
240,34099,0.35518123,0.09740442,0.86710230,0.58098677,-0.00206921,1.00206921,0,0.51178579,0.46814545,0.13148571,0.33190178,-0.11666078
241,34199,0.33405700,0.41343557,0.76748900,0.76424296,0.00196185,0.99803815,0,0.60951096,0.46858185,0.13089940,1.07662150,0.31603115
242,34299,0.21895973,0.00000000,0.91796961,0.32416341,-0.00025331,1.00025331,0,0.27496534,0.46999114,0.13100350,-1.48870684,-1.58364223
243,34399,0.23848389,0.00000000,0.96223175,0.27695921,-0.00223696,1.00223696,0,0.26688180,0.46804088,0.13179775,-1.52627094,-1.81066290
244,34499,0.34816906,0.00000000,0.95759100,0.39468179,0.01450873,0.98549127,0,0.39308327,0.46602929,0.13267099,-0.54982650,-0.92987196
245,34599,0.42599864,0.00000000,0.96527520,0.48147921,-0.00343646,1.00343646,0,0.47775353,0.46529983,0.13220736,0.09419825,-0.36184137
246,34699,0.41802569,0.00000000,0.97471689,0.45958280,-0.00006111,1.00006111,0,0.45088420,0.46542437,0.13155056,-0.11052912,-0.56603637
247,34799,0.34257828,0.00000000,0.97064159,0.38332386,0.00449359,0.99550641,0,0.37252744,0.46527897,0.13089923,-0.70857199,-1.11140944
248,34899,0.34282928,0.00000000,0.97308774,0.39093955,-0.00725469,1.00725469,0,0.37028115,0.46435145,0.13057293,-0.72044261,-1.12996156
249,34999,0.35310838,0.00000000,0.96640507,0.41107492,0.01676607,0.98323393,0,0.38869516,0.46341075,0.13025855,-0.57359451,-0.97530215
250,35099,0.52495672,0.61387363,0.92391434,0.71332395,0.00730934,0.99269066,0,0.62199963,0.46266359,0.12982081,1.22735361,0.61387363
251,35199,0.33616523,0.00000000,0.96596607,0.37725744,0.00732334,0.99267666,0,0.36882200,0.46266359,0.12982081,-0.72285478,-1.11457899
252,35299,0.28419452,0.00000000,0.98072408,0.30931119,0.01005509,0.98994491,0,0.30217696,0.46172518,0.12951050,-1.23193270,-1.62886603
253,35399,0.43638261,0.00000000,0.95439971,0.54407121,0.01151088,0.98848912,0,0.49715381,0.46012970,0.12984528,0.28514024,-0.18859569
254,35499,0.28566947,0.00000000,0.98114515,0.31170068,0.00352695,0.99647305,0,0.30473291,0.46049994,0.12924746,-1.20518441,-1.59851171
255,35599,0.41103176,0.00000000,0.94234167,0.55990452,0.01278717,0.98721283,0,0.48602533,0.45894227,0.12953953,0.20907179,-0.24603807
256,35699,0.34639001,0.00000000,0.92172926,0.44629444,-0.01850050,1.01850050,0,0.42654787,0.45921310,0.12891866,-0.25337860,-0.61180195
257,35799,0.42258623,0.00000000,0.93855584,0.52372093,0.00823827,0.99176173,0,0.49620359,0.45888644,0.12831403,0.29082669,-0.17814011
258,35899,0.26708476,0.00000000,0.96210906,0.31383447,0.00811543,0.99188457,0,0.29537480,0.45925962,0.12772537,-1.28310301,-1.61232317
259,35999,0.74052543,3.49172283,0.76902020,1.63817108,0.01655666,0.98344334,0,1.31804153,0.45762077,0.12813749,6.71482465,3.49172283
260,36099,0.46352369,3.70486505,0.93328106,0.58242874,0.01981127,0.98018873,0,0.55435281,0.45762077,0.12813749,0.75490820,0.21314222
261,36199,0.24224143,1.96989839,0.95769718,0.29219052,0.00336784,0.99663216,0,0.27203371,0.45762077,0.12813749,-1.44834315,-1.73496666
262,36299,0.23136188,0.00000000,0.97605506,0.26598112,0.02459100,0.97540900,0,0.24784408,0.45762077,0.12813749,-1.63712189,-1.99499836
263,36399,0.32198926,0.00000000,0.96767156,0.35529209,0.00090933,0.99909067,0,0.34954678,0.45552300,0.12920947,-0.82018925,-1.21610836
264,36499,0.36524826,0.00000000,0.95941395,0.42535034,-0.00582505,1.00582505,0,0.40833497,0.45446324,0.12899785,-0.35758946,-0.76709829
265,36599,0.32823714,0.00000000,0.95062986,0.39071620,0.01761143,0.98238857,0,0.37634519,0.45400196,0.12843410,-0.60464290,-0.96343686
266,36699,0.32231118,0.00000000,0.95336680,0.40552989,-0.00494529,1.00494529,0,0.36959315,0.45322539,0.12802606,-0.65324385,-1.00570960
267,36799,0.37241490,0.00000000,0.94651641,0.44836955,0.00342118,0.99657882,0,0.43060068,0.45238907,0.12765856,-0.17067706,-0.58005047
268,36899,0.45686364,0.00000000,0.98497880,0.49457549,0.01375150,0.98624850,0,0.47982437,0.45217118,0.12703735,0.21767759,-0.26881261
269,36999,0.36898821,0.00000000,0.97476588,0.40535379,-0.02240516,1.02240516,0,0.39932932,0.45244771,0.12643081,-0.42013806,-0.85022581
270,37099,0.97119617,3.91939975,0.97506790,1.07319205,0.00866692,0.99133308,0,1.04675043,0.45191653,0.12590917,4.72430965,3.91939975
271,37199,0.56507907,4.89510369,0.93326907,0.70096162,-0.01744681,1.01744681,0,0.65790098,0.45191653,0.12590917,1.63597655,0.97570394
272,37299,0.27545566,3.44390963,0.96157237,0.31441778,0.02833082,0.97166918,0,0.30954194,0.45191653,0.12590917,-1.13077219,-1.45119406
273,37399,0.39430424,2.82623893,0.96679615,0.44422160,0.01680655,0.98319345,0,0.43005034,0.45191653,0.12590917,-0.17366635,-0.61767070
274,37499,0.42199524,2.63692086,0.94227508,0.50567711,0.00423652,0.99576348,0,0.48734299,0.45191653,0.12590917,0.28136522,-0.18931807
275,37599,0.46048564,2.89345745,0.92949466,0.62387831,-0.01702451,1.01702451,0,0.55371060,0.45191653,0.12590917,0.80847222,0.25653659
276,37699,0.30665733,1.50600130,0.97755369,0.33266038,0.01149498,0.98850502,0,0.32801235,0.45191653,0.12590917,-0.98407590,-1.38745615
277,37799,0.40903087,1.16542201,0.94577157,0.53538416,-0.01026388,1.01026388,0,0.46601495,0.45191653,0.12590917,0.11197295,-0.34057929
278,37899,0.22987466,0.00000000,0.99023838,0.23821031,0.00915545,0.99084455,0,0.23697161,0.45191653,0.12590917,-1.70714271,-2.14104204
279,37999,0.37668858,0.00000000,0.98541728,0.40383701,-0.00630185,1.00630185,0,0.39637021,0.44976708,0.12710862,-0.42008852,-0.87440182
280,38099,0.77354772,2.43348935,0.96582405,0.87291831,0.01894143,0.98105857,0,0.85168017,0.44923311,0.12658415,3.17928478,2.43348935
281,38199,0.26115445,0.67316668,0.97966935,0.27824819,0.00246976,0.99753024,0,0.27655542,0.44923311,0.12658415,-1.36413357,-1.76032266
282,38299,0.45420421,0.37854805,0.98630969,0.50138191,0.01211829,0.98788171,0,0.47363565,0.44923311,0.12658415,0.19277720,-0.29461863
283,38399,0.41999426,0.00000000,0.97343822,0.46772371,0.01382503,0.98617497,0,0.44925765,0.44947714,0.12597328,-0.00174232,-0.46906022
284,38499,0.48698639,0.09358161,0.97235152,0.53079702,-0.00396181,1.00396181,0,0.52478600,0.44947494,0.12534183,0.60084536,0.09358161
285,38599,0.37395720,0.00000000,0.96199728,0.42914999,-0.01024962,1.01024962,0,0.41493979,0.45022805,0.12494073,-0.28244000,-0.70516031
286,38699,0.36680471,0.00000000,0.94793783,0.43639160,0.00037373,0.99962627,0,0.41795622,0.44987517,0.12436453,-0.25665638,-0.66405310
287,38799,0.54952672,0.94207871,0.94649998,0.72895745,0.02351574,0.97648426,0,0.64921402,0.44955598,0.12378231,1.61297719,0.94207871
288,38899,0.53017343,1.53766327,0.96032741,0.61968114,-0.00200329,1.00200329,0,0.59405264,0.44955598,0.12378231,1.16734499,0.59558456
289,38999,0.36200065,0.79520785,0.95482470,0.41484036,0.00833004,0.99166996,0,0.40789330,0.44955598,0.12378231,-0.33658025,-0.74245542
290,39099,0.43064662,0.60430733,0.95286128,0.49289745,0.01211607,0.98788393,0,0.48484320,0.44955598,0.12378231,0.28507479,-0.19090051
291,39199,0.57284800,1.69484448,0.94505383,0.70296486,0.00207950,0.99792050,0,0.66912318,0.44955598,0.12378231,1.77381727,1.09053714
292,39299,0.67215361,3.50571056,0.94781122,0.78665867,0.01291051,0.98708949,0,0.76734533,0.44955598,0.12378231,2.56732450,1.81086609
293,39399,0.37387822,2.92471241,0.94873539,0.46317285,0.00732590,0.99267410,0,0.42893869,0.44955598,0.12378231,-0.16656086,-0.58099816
294,39499,0.29688192,1.69649160,0.94901986,0.34119049,0.00192632,0.99807368,0,0.33823724,0.44955598,0.12378231,-0.89931059,-1.22822081
295,39599,0.39199379,1.13702812,0.96002210,0.45178089,-0.00590860,1.00590860,0,0.43465815,0.44955598,0.12378231,-0.12035513,-0.55946348
296,39699,0.44306021,1.05258337,0.95203048,0.52895108,0.00142364,0.99857636,0,0.49965908,0.44955598,0.12378231,0.40476783,-0.08444475
297,39799,0.47996103,1.14645077,0.96978517,0.53112140,0.02115646,0.97884354,0,0.52413566,0.44955598,0.12378231,0.60250676,0.09386740
298,39899,0.43677120,1.05619071,0.94780993,0.55430222,0.00186378,0.99813622,0,0.49869064,0.44955598,0.12378231,0.39694410,-0.09026007
299,39999,0.46758021,1.07320747,0.96441143,0.51465690,0.00437777,0.99562223,0,0.51376155,0.44955598,0.12378231,0.51869745,0.01701676
300,40099,0.53390585,1.69421280,0.96039291,0.66503964,0.00958928,0.99041072,0,0.59746802,0.44955598,0.12378231,1.19493680,0.62100533
