block_index,step,E_k,W_k,mean_familiarity,mean_predictor_surprise,mean_gradient_coherence,mean_gradient_novelty,regime_change,local_surprise_mean,matched_fraction,mean_valid_tables,block_change_evidence
0,10099,0.00000000,0.00000000,0.02542222,0.64132148,-0.01133987,1.01133987,0,nan,0.00000000,0.00000000,0.00000000
1,10199,0.00000000,0.00000000,0.10154979,0.38556848,0.01054562,0.98945438,0,nan,0.00000000,0.00000000,0.00000000
2,10299,0.00000000,0.00000000,0.12815182,0.63547436,0.00223052,0.99776948,0,nan,0.00000000,0.00000000,0.00000000
3,10399,0.00000000,0.00000000,0.20362058,0.53228947,0.00602519,0.99397481,0,nan,0.00000000,0.00000000,0.00000000
4,10499,0.00000000,0.00000000,0.34295522,0.35986728,-0.00071819,1.00071819,0,nan,0.00000000,0.00000000,0.00000000
5,10599,0.01806288,0.00000000,0.37154185,0.42274004,0.00067853,0.99932147,0,0.90314408,0.02000000,2.00000000,0.00000000
6,10699,0.00000000,0.00000000,0.31317283,1.11982452,-0.00057361,1.00057361,0,nan,0.00000000,0.00000000,0.00000000
7,10799,0.00000000,0.00000000,0.21945227,0.73659239,0.00596762,0.99403238,0,nan,0.00000000,0.00000000,0.00000000
8,10899,0.04150374,0.00000000,0.23341853,0.68869761,0.01041816,0.98958184,0,2.07518695,0.02000000,2.00000000,0.00000000
9,10999,0.00000000,0.00000000,0.26990073,0.55326933,-0.00372649,1.00372649,0,nan,0.00000000,0.00000000,0.00000000
10,11099,0.07914809,0.00000000,0.53852034,0.37430742,-0.00258429,1.00258429,0,0.65956744,0.12000000,2.16666667,0.00000000
11,11199,0.19206115,0.00000000,0.63571965,0.26496038,0.01623318,0.98376682,0,0.87300524,0.22000000,2.31818182,0.00000000
12,11299,0.25861179,0.00000000,0.62955573,0.35022306,-0.01087094,1.01087094,0,0.95782145,0.27000000,2.37037037,-0.14638821
13,11399,0.27654772,0.00000000,0.67712454,0.30668866,-0.00802252,1.00802252,0,0.79013634,0.35000000,2.28571429,-0.24845228
14,11499,0.48740846,0.00000000,0.70929589,0.45618490,0.00302144,0.99697856,0,0.99471115,0.49000000,2.42857143,-0.24759154
15,11599,0.42969096,0.00000000,0.70578311,0.40012765,0.00823227,0.99176773,0,0.95486880,0.45000000,2.31111111,-0.24530904
16,11699,0.47592513,0.00000000,0.69415341,0.47234518,-0.00251354,1.00251354,0,1.05761139,0.45000000,2.53333333,-0.19907487
17,11799,0.52776135,0.00000000,0.74865469,0.36872418,0.00121048,0.99878952,0,0.97733583,0.54000000,2.37037037,-0.28223865
18,11899,0.59235572,0.00000000,0.78972682,0.41724924,0.01429703,0.98570297,0,0.94024718,0.63000000,2.53968254,-0.35264428
19,11999,0.61971993,0.00000000,0.82851294,0.37659335,0.00524662,0.99475338,0,0.88531418,0.70000000,2.70000000,-0.43028007
20,12099,0.73268267,0.00000000,0.81124390,0.73119655,0.00744906,0.99255094,0,1.04668953,0.70000000,2.60000000,-0.31731733
21,12199,0.80333298,0.00000000,0.82564255,0.54748022,0.00174668,0.99825332,0,1.10045614,0.73000000,2.61643836,-0.29166702
22,12299,0.62950050,0.00000000,0.77581940,0.57506160,0.00440875,0.99559125,0,1.04916750,0.60000000,2.71666667,-0.27049950
23,12399,0.45084630,0.00000000,0.58497496,1.01178745,0.00570182,0.99429818,0,1.32601853,0.34000000,2.52941176,-0.05915370
24,12499,0.28368562,0.00000000,0.46950255,0.88962424,0.01150447,0.98849553,0,1.77303510,0.16000000,2.12500000,0.00000000
25,12599,0.38052647,0.00000000,0.53674228,0.47973639,0.02568585,0.97431415,0,1.46356333,0.26000000,2.30769231,-0.00947353
26,12699,0.32637087,0.00000000,0.56073719,0.47978468,0.00455704,0.99544296,0,1.16561027,0.28000000,2.32142857,-0.09362913
27,12799,0.32669567,0.00000000,0.56188141,0.42550628,0.01177549,0.98822451,0,1.25652180,0.26000000,2.34615385,-0.06330433
28,12899,0.29652412,0.00000000,0.59220875,0.35724065,-0.00116647,1.00116647,0,1.02249696,0.29000000,2.24137931,-0.13847588
29,12999,0.33428653,0.00000000,0.57415142,0.52878361,0.01269006,0.98730994,0,1.33714612,0.25000000,2.32000000,-0.04071347
30,13099,0.99507226,0.00000000,0.79339218,0.65773683,0.01690872,0.98309128,0,1.44213371,0.69000000,2.44927536,-0.03992774
31,13199,0.57454363,0.00000000,0.70487005,0.55487794,-0.00381101,1.00381101,0,1.19696590,0.48000000,2.58333333,-0.14545637
32,13299,0.35504919,0.00000000,0.59755087,0.67514357,0.00882252,0.99117748,0,1.18349730,0.30000000,2.26666667,-0.09495081
33,13399,0.60820679,0.00000000,0.66501032,0.53586542,0.00185971,0.99814029,0,1.48343119,0.41000000,2.31707317,-0.00679321
34,13499,0.57922255,0.00000000,0.69734676,0.47957403,0.00918045,0.99081955,0,1.34702919,0.43000000,2.41860465,-0.06577745
35,13599,0.63460485,0.00000000,0.74515787,0.45022574,-0.00023904,1.00023904,0,1.17519417,0.54000000,2.35185185,-0.17539515
36,13699,0.69431263,0.00000000,0.76615176,0.42988192,0.00299699,0.99700301,0,1.15718772,0.60000000,2.50000000,-0.20568737
37,13799,0.61141367,0.00000000,0.72429700,0.52587618,-0.00471740,1.00471740,0,1.13224754,0.54000000,2.25925926,-0.19858633
38,13899,0.70688465,0.00000000,0.76246338,0.42022208,0.00478129,0.99521871,0,1.12203913,0.63000000,2.36507937,-0.23811535
39,13999,0.95973508,0.00000000,0.76579595,0.55900853,0.01441824,0.98558176,0,1.43244042,0.67000000,2.43283582,-0.04526492
40,14099,0.87528352,0.00000000,0.89678294,0.55970412,-0.00926746,1.00926746,0,1.09410440,0.80000000,2.90000000,-0.32471648
41,14199,0.71725964,0.00000000,0.91170330,0.36002516,0.00554881,0.99445119,0,0.83402284,0.86000000,3.08139535,-0.57274036
42,14299,0.84846518,0.00000000,0.91343367,0.50619227,0.01031004,0.98968996,0,0.96416498,0.88000000,2.84090909,-0.47153482
43,14399,0.71111752,0.00000000,0.81496483,0.61619172,0.00689967,0.99310033,0,1.04576105,0.68000000,2.67647059,-0.30888248
44,14499,0.90632705,0.00000000,0.77217605,0.62941530,0.02616047,0.97383953,0,1.46181782,0.62000000,2.61290323,-0.02367295
45,14599,0.81953009,0.00000000,0.73627408,0.53117681,0.00855931,0.99144069,0,1.43777209,0.57000000,2.57894737,-0.03546991
46,14699,0.74780071,0.00000000,0.77061366,0.34506954,-0.00529647,1.00529647,0,1.13303138,0.66000000,2.56060606,-0.24219929
47,14799,0.80900485,0.00000000,0.78468387,0.51515947,0.00646873,0.99353127,0,1.34834142,0.60000000,2.61666667,-0.09099515
48,14899,0.89628281,0.00000000,0.81660048,0.44215212,0.00127684,0.99872316,0,1.22778467,0.73000000,2.64383562,-0.19871719
49,14999,1.02665567,0.00000000,0.82758974,0.54118614,-0.00057414,1.00057414,0,1.35086273,0.76000000,2.51315789,-0.11334433
50,15099,0.95749528,0.00000000,0.88932314,0.51776983,-0.01754750,1.01754750,0,1.13987534,0.84000000,3.10714286,-0.30250472
51,15199,0.85663426,0.00000000,0.84158919,0.49013701,0.01212789,0.98787211,0,1.08434716,0.79000000,2.69620253,-0.32836574
52,15299,0.81244627,0.00000000,0.89965705,0.38478810,0.00323954,0.99676046,0,0.96719794,0.84000000,2.89285714,-0.44755373
53,15399,0.92022891,0.00000000,0.78131047,0.55489446,0.00713330,0.99286670,0,1.37347599,0.67000000,2.74626866,-0.08477109
54,15499,0.83816195,0.00000000,0.87262449,0.40333416,0.00866132,0.99133868,0,1.04770244,0.80000000,2.76250000,-0.36183805
55,15599,0.76183167,0.00000000,0.84192927,0.38024574,0.00241645,0.99758355,0,1.00241010,0.76000000,2.88157895,-0.37816833
56,15699,0.83252489,0.00000000,0.87080719,0.43521497,0.00586217,0.99413783,0,1.01527425,0.82000000,2.79268293,-0.39747511
57,15799,0.81303948,0.00000000,0.86191643,0.48924497,-0.00360033,1.00360033,0,1.09870200,0.74000000,2.79729730,-0.29696052
58,15899,0.84948420,0.00000000,0.85914621,0.46094051,0.01244994,0.98755006,0,1.10322623,0.77000000,2.81818182,-0.30551580
59,15999,0.93563451,0.00000000,0.90885504,0.42129621,-0.00031499,1.00031499,0,1.05127473,0.89000000,2.88764045,-0.39936549
60,16099,1.01685542,0.00000000,0.91440768,0.76851003,-0.00733224,1.00733224,0,1.16879934,0.87000000,2.98850575,-0.28814458
61,16199,1.07265300,0.00000000,0.95382546,0.48833573,-0.02406356,1.02406356,0,1.11734687,0.96000000,3.17708333,-0.36734700
62,16299,0.88624981,0.00000000,0.96167688,0.36327506,0.00971189,0.99028811,0,0.93289454,0.95000000,3.15789474,-0.53875019
63,16399,1.07038564,0.00000000,0.95039074,0.55273329,0.00204841,0.99795159,0,1.11498504,0.96000000,3.07291667,-0.36961436
64,16499,1.00173486,0.00000000,0.93600833,0.67183893,0.00722320,0.99277680,0,1.10080754,0.91000000,3.03296703,-0.36326514
65,16599,0.95732479,0.00000000,0.94185194,0.38568288,-0.00630542,1.00630542,0,1.02938150,0.93000000,3.29032258,-0.43767521
66,16699,1.08715969,0.00000000,0.93006714,0.55115550,0.00227035,0.99772965,0,1.22152775,0.89000000,3.07865169,-0.24784031
67,16799,0.99792688,0.00000000,0.94089692,0.47363495,0.01084359,0.98915641,0,1.06162434,0.94000000,3.13829787,-0.41207312
68,16899,1.03122128,0.00000000,0.91662113,0.65990227,0.01036221,0.98963779,0,1.17184237,0.88000000,3.06818182,-0.28877872
69,16999,1.00152161,0.00000000,0.88470749,0.63672438,0.00219161,0.99780839,0,1.20665254,0.83000000,2.97590361,-0.24347839
70,17099,0.97975065,0.00000000,0.92324118,0.63332554,0.01222005,0.98777995,0,1.11335301,0.88000000,3.22727273,-0.34024935
71,17199,0.93022185,0.00000000,0.93532235,0.50310319,-0.00622684,1.00622684,0,1.03357983,0.90000000,3.13333333,-0.41977815
72,17299,0.90328341,0.00000000,0.97819803,0.30519364,0.01241469,0.98758531,0,0.91240748,0.99000000,3.42424242,-0.58171659
73,17399,0.92700344,0.00000000,0.97133033,0.49439156,-0.01367521,1.01367521,0,0.96562858,0.96000000,3.36458333,-0.51299656
74,17499,0.94136750,0.00000000,0.94310839,0.53693130,0.00618211,0.99381789,0,1.05771629,0.89000000,3.15730337,-0.39363250
75,17599,1.01576560,0.00000000,0.88666054,0.77900979,-0.01057641,1.01057641,0,1.15427909,0.88000000,3.01136364,-0.30423440
76,17699,0.92566794,0.00000000,0.88188527,0.57237976,0.01097419,0.98902581,0,1.12886335,0.82000000,3.02439024,-0.30433206
77,17799,1.02336715,0.00000000,0.90953177,0.47450058,0.00616515,0.99383485,0,1.18996180,0.86000000,2.89534884,-0.26663285
78,17899,0.95623903,0.00000000,0.89676864,0.39972626,0.00099731,0.99900269,0,1.13837980,0.84000000,2.88095238,-0.30376097
79,17999,0.85706646,0.00000000,0.89511270,0.41291853,-0.00111879,1.00111879,0,1.00831348,0.85000000,2.85882353,-0.41793354
80,18099,1.02218922,0.00000000,0.95165310,0.72085109,-0.01146800,1.01146800,0,1.08743534,0.94000000,3.08510638,-0.38781078
81,18199,1.12627614,0.00000000,0.95177308,0.49412137,0.00439160,0.99560840,0,1.19816610,0.94000000,3.23404255,-0.28372386
82,18299,0.91681629,0.00000000,0.95895139,0.38597381,0.00341005,0.99658995,0,0.97533648,0.94000000,3.28723404,-0.49318371
83,18399,0.86810053,0.00000000,0.97741806,0.37203651,-0.00496231,1.00496231,0,0.90427139,0.96000000,3.34375000,-0.57189947
84,18499,0.96218222,0.00000000,0.95282136,0.88313563,0.00866662,0.99133338,0,1.03460454,0.93000000,3.16129032,-0.43281778
85,18599,0.86646976,0.00000000,0.98299424,0.33775712,-0.00590024,1.00590024,0,0.86646976,1.00000000,3.26000000,-0.63353024
86,18699,0.83699934,0.00000000,0.94145693,0.60162075,0.00140315,0.99859685,0,0.87187431,0.96000000,2.90625000,-0.60300066
87,18799,0.76289832,0.00000000,0.87399681,0.53920866,0.00714744,0.99285256,0,1.00381357,0.76000000,3.05263158,-0.37710168
88,18899,0.83810241,0.00000000,0.90984145,0.49465364,0.00644117,0.99355883,0,0.99774097,0.84000000,3.02380952,-0.42189759
89,18999,1.02896959,0.00000000,0.88622826,0.60226705,0.01534448,0.98465552,0,1.19647627,0.86000000,3.10465116,-0.26103041
90,19099,0.91058622,0.00000000,0.97496802,0.41420626,-0.00610761,1.00610761,0,0.93874868,0.97000000,3.21649485,-0.54441378
91,19199,0.79119205,0.00000000,0.97898205,0.30872549,-0.00261584,1.00261584,0,0.80733882,0.98000000,3.46938776,-0.67880795
92,19299,0.95223746,0.00000000,0.97733990,0.43744553,0.00270129,0.99729871,0,0.97167088,0.98000000,3.35714286,-0.51776254
93,19399,0.85946179,0.00000000,0.99133472,0.33722681,0.00041680,0.99958320,0,0.85946179,1.00000000,3.54000000,-0.64053821
94,19499,0.81962199,0.00000000,0.98940329,0.39600555,0.00118357,0.99881643,0,0.82790100,0.99000000,3.50505051,-0.66537801
95,19599,0.84783167,0.00000000,0.97235044,0.52840850,0.00717326,0.99282674,0,0.87405327,0.97000000,3.32989691,-0.60716833
96,19699,0.81748604,0.00000000,0.98547431,0.47910635,-0.00318397,1.00318397,0,0.82574347,0.99000000,3.23232323,-0.66751396
97,19799,0.71050761,0.00000000,0.97968353,0.34832646,0.00356399,0.99643601,0,0.72500776,0.98000000,3.50000000,-0.75949239
98,19899,0.77408993,0.00000000,0.99599652,0.39875932,-0.00386362,1.00386362,0,0.77408993,1.00000000,3.62000000,-0.72591007
99,19999,0.69160316,0.00000000,0.98623917,0.44333375,0.00633754,0.99366246,0,0.71299295,0.97000000,3.58762887,-0.76339684
100,20099,1.06157583,0.00000000,0.98092296,1.21537349,0.01197744,0.98802256,0,1.08324065,0.98000000,3.37755102,-0.40842417
101,20199,0.88447564,0.00000000,0.98783233,0.35571786,0.00487531,0.99512469,0,0.90252617,0.98000000,3.48979592,-0.58552436
102,20299,1.01460451,0.00000000,0.98871302,0.43057913,-0.00005391,1.00005391,0,1.02485304,0.99000000,3.62626263,-0.47039549
103,20399,0.81850613,0.00000000,0.97130044,0.38729167,-0.00401230,1.00401230,0,0.84382075,0.97000000,3.19587629,-0.63649387
104,20499,0.92911121,0.00000000,0.96958820,0.66073437,-0.00034287,1.00034287,0,0.97801180,0.95000000,3.36842105,-0.49588879
105,20599,0.92807352,0.00000000,0.97807298,0.34846737,-0.00114297,1.00114297,0,0.95677682,0.97000000,3.57731959,-0.52692648
106,20699,0.97107391,0.00000000,0.98983095,0.38056733,0.01127711,0.98872289,0,0.97107391,1.00000000,3.64000000,-0.52892609
107,20799,0.93181681,0.00000000,0.98965593,0.48874433,0.02215487,0.97784513,0,0.94122910,0.99000000,3.51515152,-0.55318319
108,20899,0.97497704,0.00000000,0.95091032,0.75289556,0.00120728,0.99879272,0,1.04836241,0.93000000,3.34408602,-0.42002296
109,20999,1.07145176,0.00000000,0.96316484,0.67018112,0.00047565,0.99952435,0,1.11609558,0.96000000,3.12500000,-0.36854824
110,21099,0.95973396,0.00000000,0.98668534,0.65655800,-0.01105614,1.01105614,0,0.96942825,0.99000000,3.42424242,-0.52526604
111,21199,0.88483270,0.00000000,0.97902150,0.40283316,0.01946742,0.98053258,0,0.92170073,0.96000000,3.52083333,-0.55516730
112,21299,0.95893112,0.00000000,0.92552134,0.65962702,-0.01160936,1.01160936,0,1.06547902,0.90000000,3.24444444,-0.39106888
113,21399,1.02811000,0.00000000,0.96200865,0.49420644,0.00458573,0.99541427,0,1.07094792,0.96000000,3.23958333,-0.41189000
114,21499,1.16622058,0.00000000,0.95197828,0.56245290,0.00302901,0.99697099,0,1.25400062,0.93000000,3.19354839,-0.22877942
115,21599,0.97567394,0.00000000,0.95238267,0.36362112,0.01193247,0.98806753,0,1.04911177,0.93000000,3.22580645,-0.41932606
116,21699,1.10612863,0.00000000,0.93019987,0.48588529,0.00558901,0.99441099,0,1.20231372,0.92000000,3.10869565,-0.27387137
117,21799,1.27228790,0.00000000,0.94499237,0.57910759,0.01212602,0.98787398,0,1.39811857,0.91000000,3.07692308,-0.09271210
118,21899,1.13495426,0.00000000,0.94451729,0.44192551,0.00156583,0.99843417,0,1.22038093,0.93000000,3.11827957,-0.26004574
119,21999,1.38007199,0.09007199,0.90395799,0.64558513,0.00436692,0.99563308,0,1.60473487,0.86000000,2.84883721,0.09007199
120,22099,1.04687963,0.00000000,0.97968418,0.54105802,0.00712054,0.99287946,0,1.09049961,0.96000000,3.43750000,-0.39312037
121,22199,0.93119477,0.00000000,0.98791416,0.32010402,0.00989647,0.99010353,0,0.94060078,0.99000000,3.57575758,-0.55380523
122,22299,0.94641861,0.00000000,0.99606862,0.34950928,-0.00034698,1.00034698,0,0.94641861,1.00000000,3.55000000,-0.55358139
123,22399,0.93850491,0.00000000,0.98954654,0.36922604,0.00338442,0.99661558,0,0.94798475,0.99000000,3.57575758,-0.54649509
124,22499,1.04350298,0.00000000,0.99024451,0.54424375,0.00161147,0.99838853,0,1.05404342,0.99000000,3.53535354,-0.44149702
125,22599,0.90550524,0.00000000,0.99160989,0.37269017,-0.00043034,1.00043034,0,0.91465175,0.99000000,3.65656566,-0.57949476
126,22699,0.95078172,0.00000000,0.98819913,0.33893445,0.01131572,0.98868428,0,0.96038557,0.99000000,3.49494949,-0.53421828
127,22799,1.02793547,0.00000000,0.97339806,0.52155760,-0.00086228,1.00086228,0,1.07076612,0.96000000,3.48958333,-0.41206453
128,22899,1.00281736,0.00000000,0.99105943,0.37348993,0.00588740,0.99411260,0,1.00281736,1.00000000,3.59000000,-0.49718264
129,22999,0.98702716,0.00000000,0.98184946,0.51330356,0.00752946,0.99247054,0,1.01755377,0.97000000,3.60824742,-0.46797284
130,23099,1.09300402,0.00000000,0.97440633,0.83030569,0.01221694,0.98778306,0,1.12680826,0.97000000,3.41237113,-0.36199598
131,23199,1.18895845,0.00000000,0.95091933,0.77360027,-0.00070290,1.00070290,0,1.25153521,0.95000000,3.20000000,-0.23604155
132,23299,1.13445218,0.00000000,0.95926765,0.40097577,0.00788114,0.99211886,0,1.18172102,0.96000000,3.15625000,-0.30554782
133,23399,1.12915568,0.00000000,0.92029181,0.53728856,-0.01040479,1.01040479,0,1.28313145,0.88000000,3.23863636,-0.19084432
134,23499,1.10026672,0.00000000,0.97108140,0.51040703,0.01017709,0.98982291,0,1.14611116,0.96000000,3.22916667,-0.33973328
135,23599,1.13802646,0.00000000,0.97421684,0.48160851,0.01812626,0.98187374,0,1.17322316,0.97000000,3.23711340,-0.31697354
136,23699,1.20442816,0.00000000,0.93745857,0.43585626,-0.00428145,1.00428145,0,1.32354743,0.91000000,3.20879121,-0.16057184
137,23799,1.25969800,0.00000000,0.96334758,0.49430878,0.00010326,0.99989674,0,1.31218542,0.96000000,3.19791667,-0.18030200
138,23899,1.12139989,0.00000000,0.96256081,0.45534588,0.00943571,0.99056429,0,1.16812488,0.96000000,3.16666667,-0.31860011
139,23999,0.97857087,0.00000000,0.97726062,0.37607364,-0.00236672,1.00236672,0,1.00883594,0.97000000,3.35051546,-0.47642913
140,24099,1.26244639,0.00000000,0.99050171,0.81106229,0.00528523,0.99471477,0,1.26244639,1.00000000,3.42000000,-0.23755361
141,24199,1.11001614,0.00000000,0.97896250,0.49382026,0.00572238,0.99427762,0,1.14434653,0.97000000,3.32989691,-0.34498386
142,24299,1.11094487,0.00000000,0.97198364,0.48108352,0.01169427,0.98830573,0,1.14530399,0.97000000,3.31958763,-0.34405513
143,24399,0.96822845,0.00000000,0.97675853,0.48592467,0.00759761,0.99240239,0,1.01918784,0.95000000,3.49473684,-0.45677155
144,24499,0.94945151,0.00000000,0.99559199,0.37239772,0.00004378,0.99995622,0,0.94945151,1.00000000,3.55000000,-0.55054849
145,24599,1.00036693,0.00000000,0.98504431,0.61346903,0.00729339,0.99270661,0,1.02078258,0.98000000,3.53061224,-0.46963307
146,24699,0.95173919,0.00000000,0.99432771,0.37816634,0.02340609,0.97659391,0,0.95173919,1.00000000,3.49000000,-0.54826081
147,24799,1.16502240,0.00000000,0.97552209,0.68596515,-0.00099922,1.00099922,0,1.21356500,0.96000000,3.32291667,-0.27497760
148,24899,1.11321074,0.00000000,0.96497757,0.55166756,0.00936467,0.99063533,0,1.19700080,0.93000000,3.20430108,-0.28178926
149,24999,1.08177770,0.00000000,0.96237823,0.43932708,-0.00210661,1.00210661,0,1.12685177,0.96000000,3.31250000,-0.35822230
150,25099,1.03870251,0.00000000,0.98853808,0.49534345,-0.00163074,1.00163074,0,1.04919445,0.99000000,3.55555556,-0.44629749
151,25199,1.03341670,0.00000000,0.98383220,0.46472931,0.00094472,0.99905528,0,1.05450684,0.98000000,3.51020408,-0.43658330
152,25299,0.84851701,0.00000000,0.99445299,0.33205076,0.00497018,0.99502982,0,0.84851701,1.00000000,3.66000000,-0.65148299
153,25399,0.84494607,0.00000000,0.99773439,0.36573980,0.00573445,0.99426555,0,0.84494607,1.00000000,3.71000000,-0.65505393
154,25499,0.80892786,0.00000000,0.99646580,0.42982845,0.00689285,0.99310715,0,0.80892786,1.00000000,3.62000000,-0.69107214
155,25599,0.90187951,0.00000000,0.98506929,0.31485835,0.00459218,0.99540782,0,0.91098941,0.99000000,3.58585859,-0.58312049
156,25699,0.93290870,0.00000000,0.99628398,0.36290788,0.01210014,0.98789986,0,0.93290870,1.00000000,3.61000000,-0.56709130
157,25799,0.87191028,0.00000000,0.99386849,0.42962598,-0.00547689,1.00547689,0,0.87191028,1.00000000,3.65000000,-0.62808972
158,25899,0.99600323,0.00000000,0.99018702,0.63245984,0.00536478,0.99463522,0,1.01632983,0.98000000,3.55102041,-0.47399677
159,25999,0.86800779,0.00000000,0.98863523,0.45203228,-0.00276639,1.00276639,0,0.87677555,0.99000000,3.50505051,-0.61699221
160,26099,1.06908434,0.00000000,0.99170599,0.81670297,0.01125646,0.98874354,0,1.07988317,0.99000000,3.65656566,-0.41591566
161,26199,0.86402887,0.00000000,0.98789635,0.38796228,0.00613732,0.99386268,0,0.88166211,0.98000000,3.67346939,-0.60597113
162,26299,0.85869053,0.00000000,0.99417729,0.44667584,-0.00387066,1.00387066,0,0.85869053,1.00000000,3.51000000,-0.64130947
163,26399,0.85924732,0.00000000,0.99612529,0.47067707,0.00739833,0.99260167,0,0.85924732,1.00000000,3.68000000,-0.64075268
164,26499,0.89414470,0.00000000,0.99587198,0.41577640,0.00368015,0.99631985,0,0.89414470,1.00000000,3.67000000,-0.60585530
165,26599,0.85858379,0.00000000,0.99347635,0.48886945,-0.00873733,1.00873733,0,0.85858379,1.00000000,3.69000000,-0.64141621
166,26699,0.90558754,0.00000000,0.99837113,0.47614422,0.00557951,0.99442049,0,0.90558754,1.00000000,3.74000000,-0.59441246
167,26799,0.95676014,0.00000000,0.99800003,0.42706079,0.00527440,0.99472560,0,0.95676014,1.00000000,3.71000000,-0.54323986
168,26899,1.04689701,0.00000000,0.99334827,0.55867544,-0.00696074,1.00696074,0,1.05747173,0.99000000,3.68686869,-0.43810299
169,26999,1.08024406,0.00000000,0.99058225,0.57292800,0.00286610,0.99713390,0,1.10228986,0.98000000,3.71428571,-0.38975594
170,27099,1.18008639,0.00000000,0.99406224,1.03576426,0.00435902,0.99564098,0,1.19200645,0.99000000,3.60606061,-0.30491361
171,27199,0.98109932,0.00000000,0.98498281,0.40406068,0.00648951,0.99351049,0,1.00112176,0.98000000,3.76530612,-0.48890068
172,27299,1.00872821,0.00000000,0.99405172,0.33171475,0.00235311,0.99764689,0,1.01891738,0.99000000,3.61616162,-0.47627179
173,27399,1.05879046,0.00000000,0.99915835,0.37826442,0.00486193,0.99513807,0,1.05879046,1.00000000,3.64000000,-0.44120954
174,27499,0.80822376,0.00000000,0.99857078,0.37774396,0.00465105,0.99534895,0,0.80822376,1.00000000,3.61000000,-0.69177624
175,27599,1.04654418,0.00000000,0.99678346,0.56875964,0.00299371,0.99700629,0,1.05711533,0.99000000,3.74747475,-0.43845582
176,27699,0.91775045,0.00000000,0.99728725,0.37771951,0.00708833,0.99291167,0,0.91775045,1.00000000,3.67000000,-0.58224955
177,27799,1.16650911,0.00000000,0.99636557,0.50325217,0.01021893,0.98978107,0,1.17829203,0.99000000,3.74747475,-0.31849089
178,27899,0.97045021,0.00000000,0.99821018,0.38022651,0.00642864,0.99357136,0,0.97045021,1.00000000,3.79000000,-0.52954979
179,27999,1.10357764,0.00000000,0.99893665,0.50133473,-0.00280345,1.00280345,0,1.10357764,1.00000000,3.73000000,-0.39642236
180,28099,0.98025041,0.00000000,0.99185697,0.81730409,0.00273502,0.99726498,0,0.98025041,1.00000000,3.58000000,-0.51974959
181,28199,1.24215763,0.00000000,0.99878794,0.48340601,-0.00123028,1.00123028,0,1.24215763,1.00000000,3.59000000,-0.25784237
182,28299,1.05838744,0.00000000,0.98392692,0.42723963,0.01181372,0.98818628,0,1.06907822,0.99000000,3.60606061,-0.42661256
183,28399,1.11181598,0.00000000,0.98750618,0.49284809,0.01916455,0.98083545,0,1.12304645,0.99000000,3.61616162,-0.37318402
184,28499,1.03565658,0.00000000,0.98845905,0.57303134,0.00535021,0.99464979,0,1.05679243,0.98000000,3.71428571,-0.43434342
185,28599,0.93938685,0.00000000,0.99619511,0.36268046,0.00828255,0.99171745,0,0.93938685,1.00000000,3.74000000,-0.56061315
186,28699,0.91779193,0.00000000,0.99884118,0.54382281,0.00689636,0.99310364,0,0.91779193,1.00000000,3.73000000,-0.58220807
187,28799,0.97759697,0.00000000,0.99627882,0.38806117,-0.00265953,1.00265953,0,0.97759697,1.00000000,3.71000000,-0.52240303
188,28899,1.10625828,0.00000000,0.99201566,0.49399412,0.00443819,0.99556181,0,1.11743260,0.99000000,3.62626263,-0.37874172
189,28999,1.08333896,0.00000000,0.99786758,0.45276720,0.00468678,0.99531322,0,1.08333896,1.00000000,3.76000000,-0.41666104
190,29099,1.11303528,0.00000000,0.99453311,1.02566090,0.00118094,0.99881906,0,1.11303528,1.00000000,3.59000000,-0.38696472
191,29199,1.10762620,0.00000000,0.99713562,0.36255229,0.00956201,0.99043799,0,1.10762620,1.00000000,3.64000000,-0.39237380
192,29299,0.93238152,0.00000000,0.99105994,0.47868231,0.01294677,0.98705323,0,0.95140971,0.98000000,3.69387755,-0.53761848
193,29399,0.91356650,0.00000000,0.99378027,0.33642903,0.00211469,0.99788531,0,0.92279445,0.99000000,3.61616162,-0.57143350
194,29499,1.23836340,0.00000000,0.98748014,1.07076626,-0.00481429,1.00481429,0,1.27666330,0.97000000,3.44329897,-0.21663660
195,29599,1.15930852,0.00000000,0.98900673,0.54692091,0.01125970,0.98874030,0,1.19516343,0.97000000,3.44329897,-0.29569148
196,29699,0.85414526,0.00000000,0.99981007,0.27885834,0.01253985,0.98746015,0,0.85414526,1.00000000,3.68000000,-0.64585474
197,29799,1.14624698,0.00000000,0.99468586,0.63468636,0.01054762,0.98945238,0,1.14624698,1.00000000,3.53000000,-0.35375302
198,29899,1.05966536,0.00000000,0.96798864,0.61332697,-0.00154801,1.00154801,0,1.10381808,0.96000000,3.46875000,-0.38033464
199,29999,0.93377670,0.00000000,0.97661683,0.44416489,0.00614859,0.99385141,0,0.96265639,0.97000000,3.43298969,-0.52122330
200,30099,1.06434676,0.00000000,0.98613590,0.46562869,0.00269173,0.99730827,0,1.08606812,0.98000000,3.60204082,-0.40565324
201,30199,0.87352737,0.00000000,0.99017286,0.40127008,0.01046308,0.98953692,0,0.89135446,0.98000000,3.76530612,-0.59647263
202,30299,0.93102068,0.00000000,0.99815388,0.28013079,0.01925385,0.98074615,0,0.93102068,1.00000000,3.81000000,-0.56897932
203,30399,0.92721310,0.00000000,0.99633278,0.40028150,0.00117050,0.99882950,0,0.93657889,0.99000000,3.84848485,-0.55778690
204,30499,0.89424837,0.00000000,0.99875735,0.34907743,0.01479682,0.98520318,0,0.89424837,1.00000000,3.85000000,-0.60575163
205,30599,0.85656143,0.00000000,0.99481352,0.39446479,-0.00504704,1.00504704,0,0.86521356,0.99000000,3.77777778,-0.62843857
206,30699,0.82623800,0.00000000,0.99996029,0.38215949,0.01311999,0.98688001,0,0.82623800,1.00000000,3.84000000,-0.67376200
207,30799,0.90315727,0.00000000,0.99189481,0.41674776,0.00272680,0.99727320,0,0.92158905,0.98000000,3.81632653,-0.56684273
208,30899,0.92912232,0.00000000,0.99886518,0.42249949,0.00565231,0.99434769,0,0.92912232,1.00000000,3.74000000,-0.57087768
209,30999,0.86699784,0.00000000,0.99623659,0.41458702,0.00619213,0.99380787,0,0.86699784,1.00000000,3.72000000,-0.63300216
210,31099,1.08498519,0.00000000,0.99785588,1.08177108,0.00309900,0.99690100,0,1.08498519,1.00000000,3.70000000,-0.41501481
211,31199,0.91071471,0.00000000,0.99671964,0.23367084,0.01666298,0.98333702,0,0.91071471,1.00000000,3.80000000,-0.58928529
212,31299,0.97734725,0.00000000,0.99876515,0.35300210,0.00123485,0.99876515,0,0.97734725,1.00000000,3.77000000,-0.52265275
213,31399,1.07046463,0.00000000,0.99830271,0.40349230,0.00127289,0.99872711,0,1.07046463,1.00000000,3.73000000,-0.42953537
214,31499,1.00045765,0.00000000,0.99655801,0.49093578,0.00884556,0.99115444,0,1.00045765,1.00000000,3.65000000,-0.49954235
215,31599,0.95180465,0.00000000,0.99235638,0.37664565,0.00222814,0.99777186,0,0.96141884,0.99000000,3.75757576,-0.53319535
216,31699,0.98043666,0.00000000,0.99466773,0.48061033,0.00778744,0.99221256,0,0.98043666,1.00000000,3.53000000,-0.51956334
217,31799,0.97511926,0.00000000,0.99381695,0.43214966,0.00912018,0.99087982,0,0.97511926,1.00000000,3.64000000,-0.52488074
218,31899,1.02759782,0.00000000,0.99172029,0.78776060,-0.01370408,1.01370408,0,1.02759782,1.00000000,3.56000000,-0.47240218
219,31999,1.03023393,0.00000000,0.99431820,0.53177453,0.01636790,0.98363210,0,1.03023393,1.00000000,3.63000000,-0.46976607
220,32099,1.09847108,0.00000000,0.98992451,0.97629331,-0.00124572,1.00124572,0,1.12088886,0.98000000,3.59183673,-0.37152892
221,32199,0.97242820,0.00000000,0.99464722,0.34350459,0.02753450,0.97246550,0,0.97242820,1.00000000,3.68000000,-0.52757180
222,32299,0.94841750,0.00000000,0.99928069,0.41232240,0.00541052,0.99458948,0,0.94841750,1.00000000,3.83000000,-0.55158250
223,32399,0.95499660,0.00000000,0.99012991,0.38169720,0.00604407,0.99395593,0,0.95499660,1.00000000,3.63000000,-0.54500340
224,32499,1.00277289,0.00000000,0.99523064,0.39886046,0.02071442,0.97928558,0,1.01290191,0.99000000,3.73737374,-0.48222711
225,32599,0.90896033,0.00000000,0.99764545,0.35326548,0.02040040,0.97959960,0,0.90896033,1.00000000,3.77000000,-0.59103967
226,32699,1.04472695,0.00000000,0.99191607,0.47790602,0.01226001,0.98773999,0,1.05527974,0.99000000,3.71717172,-0.44027305
227,32799,1.18563142,0.00000000,0.99590019,0.86892696,-0.00126998,1.00126998,0,1.18563142,1.00000000,3.74000000,-0.31436858
228,32899,1.12213532,0.00000000,0.99599885,0.54606666,0.02021860,0.97978140,0,1.12213532,1.00000000,3.65000000,-0.37786468
229,32999,0.93637584,0.00000000,0.99887012,0.36082768,-0.00384662,1.00384662,0,0.93637584,1.00000000,3.81000000,-0.56362416
230,33099,1.24772396,0.00000000,0.99418633,0.84162862,0.00791876,0.99208124,0,1.26032724,0.99000000,3.51515152,-0.23727604
231,33199,1.06836928,0.00000000,0.99378086,0.32011068,0.01868205,0.98131795,0,1.07916089,0.99000000,3.75757576,-0.41663072
232,33299,1.14024704,0.00000000,0.98840035,0.41875969,-0.00011887,1.00011887,0,1.15176469,0.99000000,3.54545455,-0.34475296
233,33399,1.08800262,0.00000000,0.98005170,0.43164694,0.00070556,0.99929444,0,1.11020675,0.98000000,3.62244898,-0.38199738
234,33499,1.09884186,0.00000000,0.99550172,0.42032098,0.01419293,0.98580707,0,1.09884186,1.00000000,3.63000000,-0.40115814
235,33599,0.99667796,0.00000000,0.99890359,0.35741438,0.01424123,0.98575877,0,0.99667796,1.00000000,3.81000000,-0.50332204
236,33699,1.00492712,0.00000000,0.99509900,0.39755279,0.00552223,0.99447777,0,1.01507790,0.99000000,3.82828283,-0.48007288
237,33799,1.19039005,0.00000000,0.99863205,0.53983285,0.01356048,0.98643952,0,1.19039005,1.00000000,3.80000000,-0.30960995
238,33899,1.17800851,0.00000000,0.99852745,0.47520103,0.00914649,0.99085351,0,1.17800851,1.00000000,3.80000000,-0.32199149
239,33999,1.18232143,0.00000000,0.99554104,0.65998015,0.00985087,0.99014913,0,1.18232143,1.00000000,3.69000000,-0.31767857
240,34099,1.08248100,0.00000000,0.98909919,0.52911819,-0.00872070,1.00872070,0,1.09341515,0.99000000,3.58585859,-0.40251900
241,34199,1.26477339,0.00000000,0.97319504,0.71706895,-0.00355017,1.00355017,0,1.30389009,0.97000000,3.36082474,-0.19022661
242,34299,0.99002982,0.00000000,0.99804567,0.35097810,0.00244378,0.99755622,0,0.99002982,1.00000000,3.81000000,-0.50997018
243,34399,0.87758644,0.00000000,0.99938053,0.28483020,0.00903973,0.99096027,0,0.87758644,1.00000000,3.86000000,-0.62241356
244,34499,1.03909607,0.00000000,0.99954516,0.40428902,0.01435800,0.98564200,0,1.03909607,1.00000000,3.84000000,-0.46090393
245,34599,1.23800752,0.00000000,0.99988056,0.45987524,0.00099546,0.99900454,0,1.23800752,1.00000000,3.88000000,-0.26199248
246,34699,1.04508199,0.00000000,0.99975694,0.43366246,0.00435249,0.99564751,0,1.04508199,1.00000000,3.93000000,-0.45491801
247,34799,0.98131493,0.00000000,0.99982706,0.37048235,0.01083903,0.98916097,0,0.98131493,1.00000000,3.87000000,-0.51868507
248,34899,0.96995830,0.00000000,0.99967794,0.38536473,0.01024282,0.98975718,0,0.96995830,1.00000000,3.88000000,-0.53004170
249,34999,0.99856835,0.00000000,0.99714096,0.38810320,0.00597242,0.99402758,0,0.99856835,1.00000000,3.89000000,-0.50143165
250,35099,1.07324125,0.00000000,0.99108923,0.63469089,0.01426492,0.98573508,0,1.08408207,0.99000000,3.80808081,-0.41175875
251,35199,1.04525583,0.00000000,0.99953192,0.37303991,0.00627662,0.99372338,0,1.04525583,1.00000000,3.86000000,-0.45474417
252,35299,1.00481692,0.00000000,0.99990791,0.32204522,0.01654360,0.98345640,0,1.00481692,1.00000000,3.89000000,-0.49518308
253,35399,1.03155646,0.00000000,0.99959416,0.48097921,0.00454718,0.99545282,0,1.03155646,1.00000000,3.84000000,-0.46844354
254,35499,0.94212941,0.00000000,0.99985658,0.29805797,0.02927304,0.97072696,0,0.94212941,1.00000000,3.90000000,-0.55787059
255,35599,1.04883293,0.00000000,0.99887869,0.47437493,0.00629269,0.99370731,0,1.04883293,1.00000000,3.75000000,-0.45116707
256,35699,0.99203892,0.00000000,0.99349417,0.42618087,-0.00534801,1.00534801,0,0.99203892,1.00000000,3.60000000,-0.50796108
257,35799,1.12735173,0.00000000,0.99634888,0.56101592,0.02521365,0.97478635,0,1.12735173,1.00000000,3.66000000,-0.37264827
258,35899,1.14166311,0.00000000,0.99366389,0.32328631,0.01010666,0.98989334,0,1.15319506,0.99000000,3.85858586,-0.34333689
259,35999,1.40150143,0.00000000,0.96627454,1.06457163,-0.02128677,1.02128677,0,1.44484683,0.97000000,3.36082474,-0.05349857
260,36099,1.23805178,0.00000000,0.99527844,0.64980176,0.01137422,0.98862578,0,1.23805178,1.00000000,3.67000000,-0.26194822
261,36199,1.22540255,0.00000000,0.99828383,0.33203610,0.01991706,0.98008294,0,1.22540255,1.00000000,3.79000000,-0.27459745
262,36299,0.97886789,0.00000000,0.99601918,0.30642628,0.02186519,0.97813481,0,0.98875544,0.99000000,3.81818182,-0.50613211
263,36399,0.94875998,0.00000000,0.99893093,0.39201058,0.01177117,0.98822883,0,0.94875998,1.00000000,3.83000000,-0.55124002
264,36499,1.06109860,0.00000000,0.99606456,0.44196465,0.00059885,0.99940115,0,1.07181677,0.99000000,3.68686869,-0.42390140
265,36599,1.02596061,0.00000000,0.99348086,0.39058698,0.00572065,0.99427935,0,1.03632385,0.99000000,3.66666667,-0.45903939
266,36699,0.90793626,0.00000000,0.99814380,0.43742958,0.01679280,0.98320720,0,0.90793626,1.00000000,3.64000000,-0.59206374
267,36799,1.00148888,0.00000000,0.99513430,0.41432984,-0.01163791,1.01163791,0,1.01160493,0.99000000,3.74747475,-0.48351112
268,36899,1.01486429,0.00000000,0.99940631,0.51842923,0.02485794,0.97514206,0,1.01486429,1.00000000,3.85000000,-0.48513571
269,36999,1.14651553,0.00000000,0.99926116,0.38297732,0.00160664,0.99839336,0,1.14651553,1.00000000,3.69000000,-0.35348447
270,37099,1.15077911,0.00000000,0.99905397,1.06539328,0.00517224,0.99482776,0,1.15077911,1.00000000,3.70000000,-0.34922089
271,37199,1.30271497,0.00000000,0.98435788,0.75990752,-0.00030778,1.00030778,0,1.31587371,0.99000000,3.55555556,-0.18228503
272,37299,1.12025218,0.00000000,0.99817460,0.31516959,0.00342308,0.99657692,0,1.12025218,1.00000000,3.72000000,-0.37974782
273,37399,1.31120541,0.00000000,0.99320564,0.39623427,0.00912540,0.99087460,0,1.32444991,0.99000000,3.72727273,-0.17379459
274,37499,1.30891628,0.00000000,0.99345663,0.47707113,0.01475071,0.98524929,0,1.33562886,0.98000000,3.64285714,-0.16108372
275,37599,1.33986032,0.00000000,0.99279428,0.54534865,0.00084214,0.99915786,0,1.35339426,0.99000000,3.54545455,-0.14513968
276,37699,1.11971914,0.00000000,0.99872594,0.35949836,0.01930640,0.98069360,0,1.11971914,1.00000000,3.75000000,-0.38028086
277,37799,1.28007758,0.00000000,0.99182588,0.52318862,0.01248218,0.98751782,0,1.29300765,0.99000000,3.57575758,-0.20492242
278,37899,0.93390864,0.00000000,0.99886760,0.26385217,0.01635748,0.98364252,0,0.93390864,1.00000000,3.82000000,-0.56609136
279,37999,1.00042311,0.00000000,0.99990516,0.41650958,-0.00153882,1.00153882,0,1.00042311,1.00000000,3.77000000,-0.49957689
280,38099,1.02573697,0.00000000,0.99758705,0.93121333,0.01838260,0.98161740,0,1.02573697,1.00000000,3.67000000,-0.47426303
281,38199,1.07577301,0.00000000,0.99839556,0.28540052,0.01392341,0.98607659,0,1.07577301,1.00000000,3.80000000,-0.42422699
282,38299,1.25961385,0.00000000,0.99913290,0.52736286,0.00042357,0.99957643,0,1.25961385,1.00000000,3.73000000,-0.24038615
283,38399,1.17056107,0.00000000,0.99222213,0.48830026,0.00982296,0.99017704,0,1.18238492,0.99000000,3.76767677,-0.31443893
284,38499,1.21177196,0.00000000,0.99774144,0.48311622,0.00646411,0.99353589,0,1.21177196,1.00000000,3.68000000,-0.28822804
285,38599,1.12195932,0.00000000,0.98906718,0.41643786,0.00244474,0.99755526,0,1.13329224,0.99000000,3.49494949,-0.36304068
286,38699,1.07124063,0.00000000,0.98892753,0.44226187,0.01441284,0.98558716,0,1.08206124,0.99000000,3.57575758,-0.41375937
287,38799,1.23176480,0.00000000,0.99218200,0.66092595,0.00809983,0.99190017,0,1.23176480,1.00000000,3.46000000,-0.26823520
288,38899,1.03004220,0.00000000,0.99373952,0.68889774,-0.00359736,1.00359736,0,1.04044667,0.99000000,3.62626263,-0.45495780
289,38999,1.15184743,0.00000000,0.99085118,0.41126583,0.01284212,0.98715788,0,1.17535452,0.98000000,3.62244898,-0.31815257
290,39099,1.10344190,0.00000000,0.99414828,0.48711687,0.01020286,0.98979714,0,1.10344190,1.00000000,3.52000000,-0.39655810
291,39199,1.29894916,0.00000000,0.98525051,0.64803462,-0.01251040,1.01251040,0,1.32545832,0.98000000,3.46938776,-0.17105084
292,39299,1.43804806,0.00000000,0.98650175,0.74534553,0.00515637,0.99484363,0,1.45257379,0.99000000,3.36363636,-0.04695194
293,39399,1.34528162,0.00000000,0.99203002,0.48686588,0.01864224,0.98135776,0,1.34528162,1.00000000,3.39000000,-0.15471838
294,39499,1.14325491,0.00000000,0.99226359,0.33084905,0.00960782,0.99039218,0,1.14325491,1.00000000,3.46000000,-0.35674509
295,39599,1.13762856,0.00000000,0.99177994,0.44978758,0.00894104,0.99105896,0,1.14911976,0.99000000,3.59595960,-0.34737144
296,39699,1.16995011,0.00000000,0.98562709,0.50379653,0.00070539,0.99929461,0,1.20613413,0.97000000,3.61855670,-0.28504989
297,39799,0.94220796,0.00000000,0.99750522,0.55506641,0.03990840,0.96009160,0,0.94220796,1.00000000,3.67000000,-0.55779204
298,39899,1.33091219,0.00000000,0.99167057,0.52686763,-0.00410122,1.00410122,0,1.33091219,1.00000000,3.60000000,-0.16908781
299,39999,1.34527732,0.00000000,0.98759550,0.47458840,0.00562085,0.99437915,0,1.37273196,0.98000000,3.48979592,-0.12472268
300,40099,1.26383563,0.00000000,0.99658441,0.60996538,0.01758884,0.98241116,0,1.26383563,1.00000000,3.58000000,-0.23616437
301,40199,1.47344854,0.00344854,0.98575754,0.54732953,0.00051965,0.99948035,0,1.50351891,0.98000000,3.45918367,0.00344854
302,40299,1.39132037,0.00000000,0.98840614,0.56694827,0.01525978,0.98474022,0,1.43435089,0.97000000,3.46391753,-0.06367963
303,40399,1.30382370,0.00000000,0.99241686,0.36291567,-0.00123526,1.00123526,0,1.30382370,1.00000000,3.56000000,-0.19617630
304,40499,1.39744459,0.00000000,0.99129900,0.52859694,0.01201022,0.98798978,0,1.39744459,1.00000000,3.38000000,-0.10255541
305,40599,1.31262542,0.00000000,0.99386654,0.49060392,0.00097801,0.99902199,0,1.32588427,0.99000000,3.54545455,-0.17237458
306,40699,1.26969038,0.00000000,0.99322687,0.46283404,0.00994784,0.99005216,0,1.28251554,0.99000000,3.47474747,-0.21530962
307,40799,1.06646928,0.00000000,0.95317140,0.74708767,-0.01600502,1.01600502,0,1.14674117,0.93000000,3.32258065,-0.32853072
308,40899,1.00455663,0.00000000,0.94580250,0.52226599,-0.00667304,1.00667304,0,1.09190938,0.92000000,3.21739130,-0.37544337
309,40999,1.18678826,0.00000000,0.96481372,0.58332937,-0.01588576,1.01588576,0,1.24925080,0.95000000,3.12631579,-0.23821174
310,41099,1.27876193,0.00000000,0.98553065,0.55391327,0.01208165,0.98791835,0,1.30485911,0.98000000,3.57142857,-0.19123807
311,41199,1.40993779,0.00000000,0.98225602,0.51527215,0.01795494,0.98204506,0,1.43871203,0.98000000,3.66326531,-0.06006221
312,41299,1.49460011,0.00000000,0.99664567,0.39218664,0.00900864,0.99099136,0,1.49460011,1.00000000,3.62000000,-0.00539989
313,41399,1.59803770,0.11303770,0.99093027,0.65123058,0.00910459,0.99089541,0,1.61417949,0.99000000,3.39393939,0.11303770
314,41499,1.41703456,0.06007225,0.98487634,0.51748718,0.00993773,0.99006227,0,1.44595363,0.98000000,3.30612245,-0.05296544
315,41599,1.40074897,0.00000000,0.98468177,0.48603897,0.03443888,0.96556112,0,1.41489795,0.99000000,3.34343434,-0.08425103
316,41699,1.29815835,0.00000000,0.99901462,0.32876881,0.02094087,0.97905913,0,1.29815835,1.00000000,3.72000000,-0.20184165
317,41799,1.38349283,0.00000000,0.99406847,0.49745208,0.00654961,0.99345039,0,1.39746750,0.99000000,3.69696970,-0.10150717
318,41899,1.38604518,0.00000000,0.99452652,0.46780126,0.00531764,0.99468236,0,1.38604518,1.00000000,3.44000000,-0.11395482
319,41999,1.10098306,0.00000000,0.99422531,0.39740621,0.00298894,0.99701106,0,1.11210410,0.99000000,3.73737374,-0.38401694
320,42099,1.16788712,0.00000000,0.99092290,0.58604003,0.02269470,0.97730530,0,1.17968396,0.99000000,3.65656566,-0.31711288
321,42199,1.16218424,0.00000000,0.98901441,0.57895984,0.00532085,0.99467915,0,1.17392347,0.99000000,3.63636364,-0.32281576
322,42299,1.10511921,0.00000000,0.99479580,0.28888597,0.01456392,0.98543608,0,1.11628203,0.99000000,3.70707071,-0.37988079
323,42399,1.22693154,0.00000000,0.99280556,0.48481073,0.00254105,0.99745895,0,1.23932479,0.99000000,3.62626263,-0.25806846
324,42499,1.22165794,0.00000000,0.99684362,0.40648299,0.02094802,0.97905198,0,1.22165794,1.00000000,3.54000000,-0.27834206
325,42599,1.24910523,0.00000000,0.99418614,0.40591399,0.00678725,0.99321275,0,1.26172245,0.99000000,3.62626263,-0.23589477
326,42699,1.24792330,0.00000000,0.99586222,0.52826747,0.01379289,0.98620711,0,1.24792330,1.00000000,3.64000000,-0.25207670
327,42799,1.23977440,0.00000000,0.99345167,0.62872124,0.00096517,0.99903483,0,1.25229737,0.99000000,3.56565657,-0.24522560
328,42899,1.11436149,0.00000000,0.99820778,0.29109016,0.03413712,0.96586288,0,1.11436149,1.00000000,3.75000000,-0.38563851
329,42999,1.32594857,0.00000000,0.99509220,0.48153499,0.00817977,0.99182023,0,1.32594857,1.00000000,3.59000000,-0.17405143
330,43099,1.20726105,0.00000000,0.99634097,0.69263630,-0.00145498,1.00145498,0,1.21945560,0.99000000,3.69696970,-0.27773895
331,43199,1.22613793,0.00000000,0.99607902,0.46252495,0.00925869,0.99074131,0,1.22613793,1.00000000,3.52000000,-0.27386207
332,43299,1.07582102,0.00000000,0.99418628,0.38418187,0.01001249,0.98998751,0,1.08668789,0.99000000,3.63636364,-0.40917898
333,43399,1.13870725,0.00000000,0.99620636,0.67356637,0.01139580,0.98860420,0,1.13870725,1.00000000,3.62000000,-0.36129275
334,43499,1.32324805,0.00000000,0.99878259,0.50043356,0.02073558,0.97926442,0,1.32324805,1.00000000,3.50000000,-0.17675195
335,43599,1.31524696,0.00000000,0.98513832,0.46604842,0.02312933,0.97687067,0,1.34208874,0.98000000,3.40816327,-0.15475304
336,43699,1.44991865,0.05491865,0.93650079,0.68769098,-0.02057651,1.02057651,0,1.55905231,0.93000000,3.20430108,0.05491865
337,43799,1.45149674,0.11141539,0.95724982,0.76864549,-0.01096371,1.01096371,0,1.56074918,0.93000000,3.15053763,0.05649674
338,43899,1.15868205,0.00000000,0.95643974,0.39636297,0.00821433,0.99178567,0,1.24589468,0.93000000,3.34408602,-0.23631795
339,43999,1.14095749,0.00000000,0.94954079,0.51450141,0.00115491,0.99884509,0,1.22683601,0.93000000,3.36559140,-0.25404251
340,44099,1.23982808,0.00000000,0.99915429,0.49308662,0.03770007,0.96229993,0,1.23982808,1.00000000,3.69000000,-0.26017192
341,44199,1.13059692,0.00000000,0.99918209,0.38902313,0.02093138,0.97906862,0,1.13059692,1.00000000,3.74000000,-0.36940308
342,44299,1.30802050,0.00000000,0.99993792,0.37915969,0.00999864,0.99000136,0,1.30802050,1.00000000,3.78000000,-0.19197950
343,44399,1.27408597,0.00000000,0.99926018,0.42379456,0.01022467,0.98977533,0,1.27408597,1.00000000,3.82000000,-0.22591403
344,44499,1.05154175,0.00000000,0.99790089,0.32930542,0.01056306,0.98943694,0,1.05154175,1.00000000,3.88000000,-0.44845825
345,44599,1.00695397,0.00000000,0.99961901,0.38714862,0.00516878,0.99483122,0,1.00695397,1.00000000,3.90000000,-0.49304603
346,44699,1.01251527,0.00000000,0.99999000,0.39916128,0.00705555,0.99294445,0,1.01251527,1.00000000,3.96000000,-0.48748473
347,44799,0.95172128,0.00000000,0.99984958,0.48348036,0.00614504,0.99385496,0,0.95172128,1.00000000,3.86000000,-0.54827872
348,44899,1.14670205,0.00000000,0.99838817,0.62907986,-0.00523599,1.00523599,0,1.14670205,1.00000000,3.74000000,-0.35329795
349,44999,0.99117006,0.00000000,0.99970949,0.37765679,0.00419001,0.99580999,0,0.99117006,1.00000000,3.86000000,-0.50882994
350,45099,1.07990635,0.00000000,0.99243516,0.63762115,0.00748424,0.99251576,0,1.10194525,0.98000000,3.75510204,-0.39009365
351,45199,1.20688444,0.00000000,0.98166333,0.71827667,-0.01331075,1.01331075,0,1.24421076,0.97000000,3.44329897,-0.24811556
352,45299,1.18627786,0.00000000,0.97263431,0.46687581,0.00791345,0.99208655,0,1.23570610,0.96000000,3.33333333,-0.25372214
353,45399,1.36602077,0.00000000,0.96523528,0.62843056,-0.00947370,1.00947370,0,1.43791660,0.95000000,3.17894737,-0.05897923
354,45499,1.17146874,0.00000000,0.96727307,0.45918362,-0.00329510,1.00329510,0,1.22027994,0.96000000,3.29166667,-0.26853126
355,45599,1.23717091,0.00000000,0.97648946,0.49261907,0.00687444,0.99312556,0,1.24966759,0.99000000,3.37373737,-0.24782909
356,45699,1.06290838,0.00000000,0.98256661,0.47248401,0.00083249,0.99916751,0,1.07364482,0.99000000,3.45454545,-0.42209162
357,45799,1.25166607,0.00000000,0.98572114,0.51356434,0.00668560,0.99331440,0,1.25166607,1.00000000,3.26000000,-0.24833393
358,45899,1.23118529,0.00000000,0.98644152,0.48661189,0.00006127,0.99993873,0,1.24362151,0.99000000,3.39393939,-0.25381471
359,45999,1.25729660,0.00000000,0.95594746,0.57880015,-0.00503480,1.00503480,0,1.36662674,0.92000000,3.44565217,-0.12270340
360,46099,1.07707671,0.00000000,0.99837782,0.53343522,0.01269825,0.98730175,0,1.07707671,1.00000000,3.69000000,-0.42292329
361,46199,0.89957304,0.00000000,0.99939149,0.26687984,0.03965083,0.96034917,0,0.89957304,1.00000000,3.92000000,-0.60042696
362,46299,0.78370625,0.00000000,0.99986396,0.30686780,0.01349090,0.98650910,0,0.78370625,1.00000000,3.95000000,-0.71629375
363,46399,0.85089487,0.00000000,0.99999804,0.32642352,0.01183043,0.98816957,0,0.85089487,1.00000000,3.96000000,-0.64910513
364,46499,0.78861214,0.00000000,0.99999243,0.39973116,0.01362233,0.98637767,0,0.78861214,1.00000000,3.99000000,-0.71138786
365,46599,0.87003193,0.00000000,0.99997771,0.44240688,-0.00454719,1.00454719,0,0.87003193,1.00000000,3.91000000,-0.62996807
366,46699,1.01743157,0.00000000,0.99991867,0.41992121,0.01661222,0.98338778,0,1.01743157,1.00000000,3.86000000,-0.48256843
367,46799,1.11486092,0.00000000,0.99991104,0.53803615,0.00715614,0.99284386,0,1.11486092,1.00000000,3.84000000,-0.38513908
368,46899,0.94823781,0.00000000,0.99915438,0.43916020,0.00250972,0.99749028,0,0.94823781,1.00000000,3.88000000,-0.55176219
369,46999,1.05270238,0.00000000,0.99926371,0.51223314,0.00190902,0.99809098,0,1.05270238,1.00000000,3.83000000,-0.44729762
370,47099,0.91085119,0.00000000,0.99972762,0.47053095,0.00276918,0.99723082,0,0.91085119,1.00000000,3.84000000,-0.58914881
371,47199,1.01485734,0.00000000,0.99887228,0.44324628,-0.00493944,1.00493944,0,1.01485734,1.00000000,3.76000000,-0.48514266
372,47299,1.07783570,0.00000000,0.99841542,0.50657180,0.00042609,0.99957391,0,1.07783570,1.00000000,3.70000000,-0.42216430
373,47399,0.94568376,0.00000000,0.99860668,0.45892979,0.00883245,0.99116755,0,0.94568376,1.00000000,3.80000000,-0.55431624
374,47499,0.95645974,0.00000000,0.99967918,0.39328856,0.00931529,0.99068471,0,0.95645974,1.00000000,3.89000000,-0.54354026
375,47599,0.90328780,0.00000000,0.99973767,0.49858715,0.02945495,0.97054505,0,0.90328780,1.00000000,3.88000000,-0.59671220
376,47699,1.00709078,0.00000000,0.99900926,0.54103119,-0.00150876,1.00150876,0,1.00709078,1.00000000,3.81000000,-0.49290922
377,47799,1.08997504,0.00000000,0.99966462,0.46337961,0.01053946,0.98946054,0,1.08997504,1.00000000,3.85000000,-0.41002496
378,47899,1.17847030,0.00000000,0.99860560,0.57912742,-0.00815073,1.00815073,0,1.17847030,1.00000000,3.85000000,-0.32152970
379,47999,1.05057721,0.00000000,0.99305564,0.86757826,0.00459582,0.99540418,0,1.06118910,0.99000000,3.80808081,-0.43442279
380,48099,1.06470164,0.00000000,0.99804288,0.39672835,0.02440644,0.97559356,0,1.06470164,1.00000000,3.74000000,-0.43529836
381,48199,1.07432486,0.00000000,0.99670647,0.46087598,0.01029591,0.98970409,0,1.07432486,1.00000000,3.71000000,-0.42567514
382,48299,1.14168935,0.00000000,0.99728100,0.53552843,0.00236249,0.99763751,0,1.14168935,1.00000000,3.64000000,-0.35831065
383,48399,1.11509259,0.00000000,0.99123569,0.56235029,0.01347280,0.98652720,0,1.12635615,0.99000000,3.55555556,-0.36990741
384,48499,1.36076590,0.00000000,0.97663577,0.77374576,-0.00378417,1.00378417,0,1.41746448,0.96000000,3.30208333,-0.07923410
385,48599,1.06386232,0.00000000,0.99956711,0.55842950,0.02796578,0.97203422,0,1.06386232,1.00000000,3.77000000,-0.43613768
386,48699,1.52445346,0.08445346,0.95971535,0.61793490,-0.00928127,1.00928127,0,1.58797235,0.96000000,3.14583333,0.08445346
387,48799,1.40288943,0.07734289,0.95911041,0.54313070,0.00197915,0.99802085,0,1.49243556,0.94000000,3.22340426,-0.00711057
388,48899,1.21248887,0.00000000,0.97274544,0.45995998,-0.00323730,1.00323730,0,1.26300924,0.96000000,3.38541667,-0.22751113
389,48999,1.47363550,0.06363550,0.95352780,0.66657201,-0.01128091,1.01128091,0,1.56769734,0.94000000,3.24468085,0.06363550
390,49099,1.30964949,0.00000000,0.99595476,0.44201881,0.03325012,0.96674988,0,1.30964949,1.00000000,3.61000000,-0.19035051
391,49199,1.26945029,0.00000000,0.98895223,0.66423673,-0.00533613,1.00533613,0,1.28227302,0.99000000,3.37373737,-0.21554971
392,49299,1.19336543,0.00000000,0.99681742,0.69783423,0.02359440,0.97640560,0,1.19336543,1.00000000,3.63000000,-0.30663457
393,49399,1.44105783,0.00000000,0.99195658,0.46626179,0.00950128,0.99049872,0,1.45561397,0.99000000,3.50505051,-0.04394217
394,49499,1.33718122,0.00000000,0.99961531,0.41722841,0.04142844,0.95857156,0,1.33718122,1.00000000,3.59000000,-0.16281878
395,49599,1.52418801,0.06918801,0.98325833,0.49501450,-0.00480584,1.00480584,0,1.57132785,0.97000000,3.53608247,0.06918801
396,49699,1.20175241,0.00000000,0.99982505,0.41094317,-0.00370742,1.00370742,0,1.20175241,1.00000000,3.62000000,-0.29824759
397,49799,1.14443910,0.00000000,0.99981884,0.42330235,-0.00405614,1.00405614,0,1.14443910,1.00000000,3.66000000,-0.35556090
398,49899,1.25010966,0.00000000,0.99976939,0.48798733,0.01012501,0.98987499,0,1.25010966,1.00000000,3.57000000,-0.24989034
399,49999,1.19236337,0.00000000,0.99128739,0.55696095,0.00573485,0.99426515,0,1.21669732,0.98000000,3.69387755,-0.27763663
400,50099,1.06561661,0.00000000,0.99190177,1.91871936,-0.00854586,1.00854586,0,1.07638042,0.99000000,3.62626263,-0.41938339
401,50199,1.70757876,0.23757876,0.98399697,1.02819632,0.00210584,0.99789416,0,1.74242730,0.98000000,3.36734694,0.23757876
402,50299,1.23264736,0.00000000,0.99498269,0.81769849,-0.05291489,1.05291489,0,1.24509835,0.99000000,3.62626263,-0.25235264
403,50399,1.06557629,0.00000000,0.99818201,0.65262712,0.07567140,0.92432860,0,1.06557629,1.00000000,3.74000000,-0.43442371
404,50499,1.76388373,0.33888373,0.96635227,0.86453700,-0.00497271,1.00497271,0,1.85671972,0.95000000,3.25263158,0.33888373
405,50599,1.29524197,0.13412571,0.99373253,0.80135824,-0.02112685,1.02112685,0,1.29524197,1.00000000,3.54000000,-0.20475803
406,50699,1.38128531,0.07541101,0.96434651,0.79564592,0.01355542,0.98644458,0,1.43883886,0.96000000,3.35416667,-0.05871469
407,50799,1.10008100,0.00000000,0.98380133,0.50105211,0.02022894,0.97977106,0,1.13410412,0.97000000,3.44329897,-0.35491900
408,50899,1.06607352,0.00000000,0.99946096,0.54534103,-0.00011842,1.00011842,0,1.06607352,1.00000000,3.64000000,-0.43392648
409,50999,1.09819517,0.00000000,0.98797149,0.54280929,0.00733524,0.99266476,0,1.13215997,0.97000000,3.56701031,-0.35680483
410,51099,1.54022249,0.07022249,0.98462108,0.92249368,-0.03348452,1.03348452,0,1.57165560,0.98000000,3.60204082,0.07022249
411,51199,1.49977407,0.06999656,0.99465411,0.78923299,0.01795970,0.98204030,0,1.49977407,1.00000000,3.45000000,-0.00022593
412,51299,0.94679099,0.00000000,0.99929256,0.52865525,0.04451032,0.95548968,0,0.94679099,1.00000000,3.80000000,-0.55320901
413,51399,0.85177594,0.00000000,0.99951196,0.44994968,0.02245347,0.97754653,0,0.85177594,1.00000000,3.90000000,-0.64822406
414,51499,0.82707535,0.00000000,0.99995202,0.47557388,0.03408695,0.96591305,0,0.82707535,1.00000000,3.80000000,-0.67292465
415,51599,0.66693202,0.00000000,0.99979066,0.39403101,-0.01438298,1.01438298,0,0.66693202,1.00000000,3.82000000,-0.83306798
416,51699,0.70589308,0.00000000,0.99986981,0.51272519,0.01097394,0.98902606,0,0.70589308,1.00000000,3.89000000,-0.79410692
417,51799,0.76114559,0.00000000,0.98356033,0.45980550,-0.00376128,1.00376128,0,0.80120588,0.95000000,3.73684211,-0.66385441
418,51899,0.90277642,0.00000000,0.99972067,0.59175980,0.01324002,0.98675998,0,0.90277642,1.00000000,3.78000000,-0.59722358
419,51999,0.98543714,0.00000000,0.99982617,0.51354244,0.00512581,0.99487419,0,0.98543714,1.00000000,3.82000000,-0.51456286
420,52099,0.81071687,0.00000000,0.99993979,0.71359863,0.02698381,0.97301619,0,0.81071687,1.00000000,3.72000000,-0.68928313
421,52199,0.84797712,0.00000000,0.99999838,0.39638346,0.03635509,0.96364491,0,0.84797712,1.00000000,3.90000000,-0.65202288
422,52299,0.77506663,0.00000000,0.99946122,0.44534208,0.02773591,0.97226409,0,0.77506663,1.00000000,3.90000000,-0.72493337
423,52399,0.87454379,0.00000000,0.99999302,0.46025337,0.00520886,0.99479114,0,0.87454379,1.00000000,3.92000000,-0.62545621
424,52499,0.87805125,0.00000000,0.99996404,0.53432031,0.00201228,0.99798772,0,0.87805125,1.00000000,3.82000000,-0.62194875
425,52599,0.95712343,0.00000000,0.99924726,0.47479316,-0.00586116,1.00586116,0,0.95712343,1.00000000,3.78000000,-0.54287657
426,52699,1.17254514,0.00000000,0.99953210,0.46457297,0.00509532,0.99490468,0,1.17254514,1.00000000,3.81000000,-0.32745486
427,52799,1.11040065,0.00000000,0.99379395,0.55962326,-0.00067127,1.00067127,0,1.12161682,0.99000000,3.73737374,-0.37459935
428,52899,1.02322686,0.00000000,0.98189201,0.97965285,0.00564013,0.99435987,0,1.05487305,0.97000000,3.43298969,-0.43177314
429,52999,1.13414108,0.00000000,0.99590715,0.46399086,0.02463757,0.97536243,0,1.13414108,1.00000000,3.63000000,-0.36585892
430,53099,1.01110008,0.00000000,0.99925796,0.77433007,0.00156768,0.99843232,0,1.01110008,1.00000000,3.68000000,-0.48889992
431,53199,0.83179162,0.00000000,0.99734442,0.37298538,0.03464151,0.96535849,0,0.83179162,1.00000000,3.60000000,-0.66820838
432,53299,0.73646824,0.00000000,0.99117817,0.47323494,0.00783033,0.99216967,0,0.74390731,0.99000000,3.47474747,-0.74853176
433,53399,0.85331832,0.00000000,0.98963640,0.50831369,0.00021868,0.99978132,0,0.87073298,0.98000000,3.41836735,-0.61668168
434,53499,0.86500724,0.00000000,0.98268582,0.74249532,-0.00190348,1.00190348,0,0.88266045,0.98000000,3.41836735,-0.60499276
435,53599,1.25731249,0.00000000,0.98750885,0.91651912,-0.03449160,1.03449160,0,1.28297193,0.98000000,3.29591837,-0.21268751
436,53699,1.50057753,0.00057753,0.99701956,0.99127122,-0.00959604,1.00959604,0,1.50057753,1.00000000,3.57000000,0.00057753
437,53799,1.10227804,0.00000000,0.99370009,0.63480603,0.04610674,0.95389326,0,1.11341216,0.99000000,3.70707071,-0.38272196
438,53899,0.76231243,0.00000000,0.99963060,0.41047646,0.01471600,0.98528400,0,0.76231243,1.00000000,3.81000000,-0.73768757
439,53999,0.78652798,0.00000000,0.99797729,0.46315574,0.02667828,0.97332172,0,0.79447271,0.99000000,3.67676768,-0.69847202
440,54099,1.14975223,0.00000000,0.99941886,1.15412901,-0.00618830,1.00618830,0,1.14975223,1.00000000,3.68000000,-0.35024777
441,54199,0.82723228,0.00000000,0.99732959,0.46766088,0.03363691,0.96636309,0,0.82723228,1.00000000,3.83000000,-0.67276772
442,54299,0.69555162,0.00000000,0.99930989,0.49093916,0.03387293,0.96612707,0,0.69555162,1.00000000,3.87000000,-0.80444838
443,54399,0.93415568,0.00000000,0.99493884,0.56150916,0.01778060,0.98221940,0,0.94359159,0.99000000,3.75757576,-0.55084432
444,54499,0.88218012,0.00000000,0.99987358,0.37766915,0.01610369,0.98389631,0,0.88218012,1.00000000,3.79000000,-0.61781988
445,54599,1.08023730,0.00000000,0.99951782,0.58401206,0.01031396,0.98968604,0,1.08023730,1.00000000,3.74000000,-0.41976270
446,54699,0.92629624,0.00000000,0.99945705,0.42335831,0.01093813,0.98906187,0,0.92629624,1.00000000,3.74000000,-0.57370376
447,54799,1.06975055,0.00000000,0.99949403,0.47658392,0.01742430,0.98257570,0,1.06975055,1.00000000,3.80000000,-0.43024945
448,54899,0.78449898,0.00000000,0.99997297,0.40036904,0.01973446,0.98026554,0,0.78449898,1.00000000,3.89000000,-0.71550102
449,54999,0.99778002,0.00000000,0.99987266,0.52445640,0.00733798,0.99266202,0,0.99778002,1.00000000,3.84000000,-0.50221998
450,55099,0.97252246,0.00000000,0.99890836,0.91262069,0.01571956,0.98428044,0,0.97252246,1.00000000,3.59000000,-0.52747754
451,55199,1.02030869,0.00000000,0.99925608,0.53928286,0.05100026,0.94899974,0,1.02030869,1.00000000,3.56000000,-0.47969131
452,55299,1.08358695,0.00000000,0.99708280,0.45387474,0.01598054,0.98401946,0,1.09453227,0.99000000,3.81818182,-0.40141305
453,55399,1.00380556,0.00000000,0.99998641,0.47617675,0.01774350,0.98225650,0,1.00380556,1.00000000,3.77000000,-0.49619444
454,55499,1.02718027,0.00000000,0.99919576,0.51337261,0.02674126,0.97325874,0,1.02718027,1.00000000,3.77000000,-0.47281973
455,55599,1.15803542,0.00000000,0.99751944,0.54229312,0.00239306,0.99760694,0,1.15803542,1.00000000,3.73000000,-0.34196458
456,55699,1.22519807,0.00000000,0.98740719,0.56486280,-0.00065816,1.00065816,0,1.25020211,0.98000000,3.59183673,-0.24480193
457,55799,1.12479380,0.00000000,0.98653017,1.08459258,-0.05349597,1.05349597,0,1.14774877,0.98000000,3.53061224,-0.34520620
458,55899,1.19286523,0.00000000,0.99799057,0.67301955,0.04382250,0.95617750,0,1.19286523,1.00000000,3.56000000,-0.30713477
459,55999,1.32721383,0.00000000,0.99331046,0.75786827,-0.01110657,1.01110657,0,1.34062003,0.99000000,3.59595960,-0.15778617
460,56099,1.19527749,0.00000000,0.98820059,0.63290267,0.04951144,0.95048856,0,1.21967090,0.98000000,3.57142857,-0.27472251
461,56199,1.54326278,0.05826278,0.97863293,0.93718777,-0.01415884,1.01415884,0,1.55885129,0.99000000,3.40404040,0.05826278
462,56299,1.55122926,0.22949203,0.95536043,0.73103524,0.01609639,0.98390361,0,1.68611876,0.92000000,3.43478261,0.17122926
463,56399,1.37715448,0.16664652,0.98366636,0.45714598,0.01747430,0.98252570,0,1.43453592,0.96000000,3.58333333,-0.06284552
464,56499,1.32592004,0.00756656,0.99483732,0.60777553,0.00768228,0.99231772,0,1.33931317,0.99000000,3.47474747,-0.15907996
465,56599,1.57018833,0.13775489,0.97492044,0.61761564,0.03711459,0.96288541,0,1.63561285,0.96000000,3.29166667,0.13018833
466,56699,1.12493813,0.00000000,0.99808682,0.32125664,0.04003847,0.95996153,0,1.12493813,1.00000000,3.77000000,-0.37506187
467,56799,1.04486827,0.00000000,0.99966245,0.47056425,0.01465729,0.98534271,0,1.04486827,1.00000000,3.82000000,-0.45513173
468,56899,1.01821575,0.00000000,0.99967614,0.56696768,-0.00178926,1.00178926,0,1.01821575,1.00000000,3.68000000,-0.48178425
469,56999,1.08688864,0.00000000,0.99795440,0.47009232,0.02358509,0.97641491,0,1.08688864,1.00000000,3.80000000,-0.41311136
470,57099,1.06268389,0.00000000,0.99137558,0.74255714,0.02790915,0.97209085,0,1.07341807,0.99000000,3.63636364,-0.42231611
471,57199,1.14125482,0.00000000,0.99072766,0.67188267,-0.00567102,1.00567102,0,1.14125482,1.00000000,3.56000000,-0.35874518
472,57299,0.93395378,0.00000000,0.99930373,0.38933493,0.03964089,0.96035911,0,0.93395378,1.00000000,3.89000000,-0.56604622
473,57399,0.98442888,0.00000000,0.99904955,0.58937719,0.02889737,0.97110263,0,0.98442888,1.00000000,3.80000000,-0.51557112
474,57499,0.81409715,0.00000000,0.99998230,0.38117694,0.00288048,0.99711952,0,0.81409715,1.00000000,3.94000000,-0.68590285
475,57599,0.78787529,0.00000000,0.99999924,0.44568267,0.00612840,0.99387160,0,0.78787529,1.00000000,3.94000000,-0.71212471
476,57699,0.92574500,0.00000000,0.99909986,0.60312886,0.00837171,0.99162829,0,0.92574500,1.00000000,3.91000000,-0.57425500
477,57799,0.81380682,0.00000000,0.99930003,0.43271949,0.03364591,0.96635409,0,0.81380682,1.00000000,3.84000000,-0.68619318
478,57899,0.87843612,0.00000000,0.99984576,0.50962360,0.02993949,0.97006051,0,0.87843612,1.00000000,3.79000000,-0.62156388
479,57999,0.84157571,0.00000000,0.99657109,0.53634194,0.00894614,0.99105386,0,0.85007648,0.99000000,3.82828283,-0.64342429
480,58099,0.89709311,0.00000000,0.99848227,0.61418658,0.01495597,0.98504403,0,0.89709311,1.00000000,3.78000000,-0.60290689
481,58199,0.92081268,0.00000000,0.99984799,0.45059697,0.00666231,0.99333769,0,0.92081268,1.00000000,3.88000000,-0.57918732
482,58299,1.02417315,0.00000000,0.99284992,0.50263701,0.02606038,0.97393962,0,1.03451834,0.99000000,3.77777778,-0.46082685
483,58399,0.91395232,0.00000000,0.99783614,0.60488280,0.01760394,0.98239606,0,0.91395232,1.00000000,3.84000000,-0.58604768
