step,bucket_id,prediction_error,trust_distance,baseline_error_mean,baseline_error_std,z_score,L_t
15268,2146,0.06753633,0.78333284,0.00902621,0.00100000,58.51012484,5.00000000
16120,2146,0.06739098,0.74912567,0.00902621,0.00100000,58.36477120,5.00000000
20012,2146,0.14018313,0.97114113,0.00902621,0.00100000,131.15692007,5.00000000
20057,2146,0.08004880,0.84219955,0.00902621,0.00100000,71.02258827,5.00000000
23105,2146,0.27784346,0.93520910,0.00943521,0.00100000,268.40824946,5.00000000
23187,2146,0.13645200,0.80350627,0.00943521,0.00100000,127.01679024,5.00000000
23193,2114,0.06211497,0.89913674,0.00847939,0.00100000,53.63558364,5.00000000
23224,2146,0.02889607,0.90906617,0.00943521,0.00100000,19.46086584,5.00000000
26887,3313,0.03447954,1.00874439,0.00661384,0.00100000,27.86569636,5.00000000
28456,3313,0.10290055,1.27790887,0.00661384,0.00100000,96.28670380,5.00000000
28782,3313,0.16988804,1.20981184,0.00661384,0.00100000,163.27419320,5.00000000
28994,3313,0.07522729,1.16826220,0.00661384,0.00100000,68.61345052,5.00000000
31867,5052,0.57180111,1.05001904,0.00917698,0.00100000,562.62413306,5.00000000
31911,5052,0.02526136,0.82515136,0.00917698,0.00100000,16.08438773,5.00000000
31916,5052,0.06245427,0.90480333,0.00917698,0.00100000,53.27728963,5.00000000
31952,4908,0.03474634,0.93726130,0.00970993,0.00100000,25.03640694,5.00000000
32714,4910,0.04078849,0.84417288,0.00650123,0.00100000,34.28725557,5.00000000
32720,3313,0.38090605,1.16882577,0.00457551,0.00100000,376.33053417,5.00000000
32792,4910,0.12857915,1.06999706,0.00650123,0.00100000,122.07791916,5.00000000
32849,3313,0.15082662,1.25589733,0.00457551,0.00100000,146.25110566,5.00000000
34124,4876,0.01421842,0.56288878,0.00650482,0.00100000,7.71359744,4.71359744
34213,4876,0.12022964,0.97314211,0.00650482,0.00100000,113.72482472,5.00000000
34256,4910,0.07254539,0.72710133,0.00901580,0.00100000,63.52958554,5.00000000
34354,4910,0.04169002,0.89724941,0.00901580,0.00100000,32.67422278,5.00000000
34816,4876,0.01692310,0.89104688,0.00761015,0.00100000,9.31295184,5.00000000
34889,4876,0.04577604,0.84019918,0.00761015,0.00100000,38.16588862,5.00000000
34921,4876,0.02269461,0.75911405,0.00761015,0.00100000,15.08445817,5.00000000
34925,4910,0.02478693,0.87821640,0.00498495,0.00100000,19.80197980,5.00000000
35503,4908,0.04664422,0.96633611,0.00663126,0.00100000,40.01296354,5.00000000
35574,4908,0.04919023,0.98406325,0.00663126,0.00100000,42.55897380,5.00000000
35606,4908,0.01234710,0.92434609,0.00663126,0.00100000,5.71584516,2.71584516
35647,4908,0.05905085,1.17961884,0.00663126,0.00100000,52.41959838,5.00000000
36281,7409,0.15048840,0.99867082,0.00944139,0.00100000,141.04701475,5.00000000
36366,3793,0.03478889,1.06110775,0.00955714,0.00100000,25.23174791,5.00000000
36396,4876,0.01505998,1.37759640,0.00944164,0.00100000,5.61834046,2.61834046
36472,7409,0.03694800,0.87558456,0.00944139,0.00100000,27.50661408,5.00000000
36987,4876,0.04102233,0.93424247,0.00883445,0.00100000,32.18787886,5.00000000
36999,4876,0.11544580,0.89387761,0.00883445,0.00100000,106.61135719,5.00000000
37048,4876,0.09943165,0.86551310,0.00883445,0.00100000,90.59720549,5.00000000
37090,4876,0.02085142,0.72854793,0.00883445,0.00100000,12.01696948,5.00000000
37374,4398,0.02801781,0.75406697,0.00864306,0.00100000,19.37475508,5.00000000
37414,6958,0.09736579,0.82526048,0.00905934,0.00100000,88.30644751,5.00000000
37536,4398,0.02921904,0.99258965,0.00864306,0.00100000,20.57597865,5.00000000
37555,6958,0.11699093,0.79202416,0.00905934,0.00100000,107.93158218,5.00000000
38081,7709,0.07404816,1.02573703,0.00986216,0.00100000,64.18599956,5.00000000
38090,7709,0.04155010,0.94479254,0.00986216,0.00100000,31.68793272,5.00000000
38450,7709,0.05143242,0.78623851,0.00986216,0.00100000,41.57026017,5.00000000
38587,7709,0.01928462,0.70800467,0.00986216,0.00100000,9.42246165,5.00000000
39074,4398,0.03165532,1.55971660,0.00599857,0.00100000,25.65674513,5.00000000
39100,4398,0.00799070,1.17346149,0.00609818,0.00100000,1.99212946,-1.00787054
39127,4398,0.04231542,1.18162080,0.00609818,0.00100000,36.21724206,5.00000000
39150,4398,0.04681333,0.92991402,0.00609818,0.00100000,40.71515361,5.00000000
39215,4398,0.16481013,0.90783633,0.00609818,0.00100000,158.71195063,5.00000000
39306,7709,0.08606421,0.72999090,0.00425545,0.00100000,81.80875856,5.00000000
39367,7709,0.02613015,0.72429590,0.00425545,0.00100000,21.87469958,5.00000000
39428,7709,0.07461951,0.72365295,0.00425545,0.00100000,70.36406444,5.00000000
39453,7709,0.02394227,0.69639707,0.00425545,0.00100000,19.68681903,5.00000000
39743,7709,0.05693983,0.66061165,0.00833361,0.00100000,48.60621993,5.00000000
39757,4910,0.01806270,1.14255934,0.00210264,0.00100000,15.96006489,5.00000000
39809,7709,0.06980822,0.75431993,0.00833361,0.00100000,61.47460769,5.00000000
39816,4910,0.05384598,0.74380166,0.00210264,0.00100000,51.74334615,5.00000000
40132,4876,0.12053243,1.07521478,0.00638631,0.00100000,114.14612409,5.00000000
40218,4876,0.01825027,0.93071386,0.00638631,0.00100000,11.86395760,5.00000000
40310,4876,0.01531476,0.74204064,0.00638631,0.00100000,8.92845471,5.00000000
40344,4910,0.02527319,0.76059266,0.00840726,0.00100000,16.86593176,5.00000000
40713,8177,0.02466118,1.03682881,0.00308104,0.00100000,21.58013707,5.00000000
40887,8177,0.02532257,0.69398468,0.00308104,0.00100000,22.24152434,5.00000000
40907,8185,0.05615681,0.83564321,0.00994038,0.00100000,46.21642593,5.00000000
40960,5053,0.08657182,0.90922221,0.00595317,0.00100000,80.61864265,5.00000000
41462,7709,0.09129340,0.82185815,0.00940692,0.00100000,81.88648015,5.00000000
41478,7709,0.03121733,0.79635970,0.00940692,0.00100000,21.81040143,5.00000000
41802,4910,0.01405919,1.09197011,0.00577346,0.00100000,8.28572557,5.00000000
41847,7948,0.17579108,0.89536270,0.00772741,0.00100000,168.06366988,5.00000000
42254,4892,0.11891617,0.89930910,0.00945487,0.00100000,109.46129502,5.00000000
42269,4892,0.10399709,0.79953124,0.00945487,0.00100000,94.54221817,5.00000000
42317,4892,0.03279529,0.89572619,0.00945487,0.00100000,23.34041293,5.00000000
42346,4892,0.01081327,0.76460728,0.00952279,0.00100000,1.35839908,-1.64160092
42386,4108,0.13825629,0.89559083,0.00587375,0.00100000,132.38254242,5.00000000
42609,4364,0.01091968,0.76491505,0.00625865,0.00100000,4.66102133,1.66102133
42659,7709,0.03711805,0.82347549,0.00478091,0.00100000,32.33713793,5.00000000
42663,7709,0.03933027,0.78313814,0.00478091,0.00100000,34.54935687,5.00000000
42691,4364,0.06231858,0.93596405,0.00625865,0.00100000,56.05992602,5.00000000
43962,7897,0.02025278,0.69574950,0.00882007,0.00100000,11.43271233,5.00000000
43990,4876,0.07821191,1.00628753,0.00737829,0.00100000,70.83362058,5.00000000
43994,7897,0.01943604,0.80862672,0.00882007,0.00100000,10.61596931,5.00000000
44090,7897,0.05517165,0.77037979,0.00882007,0.00100000,46.35158580,5.00000000
44176,7389,0.01516693,0.68483063,0.00997317,0.00100000,5.19375808,2.19375808
44194,8153,0.06406726,1.14520336,0.00589128,0.00100000,58.17598465,5.00000000
44238,4876,0.02117452,0.85450160,0.00969842,0.00100000,11.47610109,5.00000000
44270,8153,0.02819015,0.92112726,0.00589128,0.00100000,22.29887080,5.00000000
44358,7897,0.08285465,0.79849680,0.00883718,0.00100000,74.01747249,5.00000000
44373,7897,0.02951881,0.72911286,0.00883718,0.00100000,20.68163265,5.00000000
44393,4908,0.02599324,1.02490078,0.00589010,0.00100000,20.10314332,5.00000000
44496,7897,0.03794560,0.97901524,0.00883718,0.00100000,29.10842094,5.00000000
44615,7897,0.03828915,1.03014794,0.00796048,0.00100000,30.32867326,5.00000000
44635,7897,0.09126068,1.04983146,0.00796048,0.00100000,83.30020006,5.00000000
44680,7897,0.11258647,0.95089602,0.00796048,0.00100000,104.62598793,5.00000000
44701,7897,0.01937471,0.94243776,0.00796048,0.00100000,11.41423479,5.00000000
44833,7897,0.03686009,0.67971689,0.00587855,0.00100000,30.98153970,5.00000000
44926,7773,0.02762766,0.75338991,0.00569058,0.00100000,21.93708473,5.00000000
44950,7897,0.05446763,0.75404375,0.00587855,0.00100000,48.58907876,5.00000000
44975,7897,0.01066447,0.95764172,0.00587855,0.00100000,4.78592445,1.78592445
45144,7897,0.02464895,0.83354254,0.00954717,0.00100000,15.10177348,5.00000000
45179,7897,0.02405322,0.65748648,0.00954717,0.00100000,14.50604610,5.00000000
45206,7897,0.03473553,1.03372087,0.00954717,0.00100000,25.18835817,5.00000000
45211,7897,0.09670203,0.81648338,0.00954717,0.00100000,87.15485762,5.00000000
45440,7385,0.14967266,0.43231359,0.00953673,0.00100000,140.13593065,5.00000000
45571,7385,0.00944047,0.73716682,0.00953192,0.00100000,-0.09626350,-3.09626350
45607,7385,0.06439034,0.97970315,0.00953192,0.00100000,54.85841488,5.00000000
45685,4398,0.07821913,0.91298333,0.00910117,0.00100000,69.11796681,5.00000000
45744,7385,0.04571223,0.64678404,0.00953192,0.00100000,36.18030651,5.00000000
46170,3289,0.04331479,0.87031523,0.00686036,0.00100000,36.45443469,5.00000000
46183,3289,0.04133583,0.62820830,0.00686036,0.00100000,34.47547481,5.00000000
46252,3289,0.07264980,0.72201724,0.00686036,0.00100000,65.78943971,5.00000000
46266,3289,0.09615374,0.64559801,0.00686036,0.00100000,89.29338018,5.00000000
46661,8177,0.03541051,0.80092560,0.00854903,0.00100000,26.86148374,5.00000000
46720,8177,0.04960879,1.06128587,0.00854903,0.00100000,41.05976633,5.00000000
46729,7897,0.09751778,0.82871226,0.00865795,0.00100000,88.85982297,5.00000000
46756,8153,0.05699959,0.92314254,0.00692823,0.00100000,50.07136059,5.00000000
46879,7897,0.07801701,0.83780584,0.00565138,0.00100000,72.36563486,5.00000000
46883,8153,0.05224839,0.76737595,0.00714960,0.00100000,45.09878746,5.00000000
46917,8153,0.01650170,0.71551454,0.00714960,0.00100000,9.35210615,5.00000000
46926,7897,0.02369980,0.62459738,0.00565138,0.00100000,18.04842779,5.00000000
46997,7897,0.02196831,0.74529815,0.00420208,0.00100000,17.76622924,5.00000000
47037,1217,0.06267869,0.51121267,0.00645546,0.00100000,56.22322906,5.00000000
47042,1217,0.05406406,0.76949128,0.00645546,0.00100000,47.60860259,5.00000000
47043,1217,0.26795140,0.78260209,0.00645546,0.00100000,261.49594219,5.00000000
47183,3273,0.01904931,0.96137505,0.00973410,0.00100000,9.31521117,5.00000000
47308,8177,0.02602833,1.03409620,0.00730275,0.00100000,18.72558293,5.00000000
47340,8177,0.04523453,1.19531541,0.00730275,0.00100000,37.93178532,5.00000000
47360,4364,0.07618201,0.66200329,0.00807814,0.00100000,68.10387301,5.00000000
47427,7901,0.04016436,0.91053886,0.00889243,0.00100000,31.27193322,5.00000000
47477,4396,0.05150225,0.89160271,0.00936557,0.00100000,42.13668731,5.00000000
47532,4396,0.02282209,1.00424471,0.00936557,0.00100000,13.45652599,5.00000000
47565,4396,0.01093049,1.26631413,0.00944381,0.00100000,1.56492231,-1.43507769
47575,7901,0.06546348,1.30496523,0.00889243,0.00100000,56.57105651,5.00000000
47608,7901,0.01820664,0.80665425,0.00628430,0.00100000,11.92234065,5.00000000
47628,7901,0.00813976,0.80784445,0.00637707,0.00100000,1.85546240,-1.14453760
47806,8185,0.08850144,0.62720558,0.00840749,0.00100000,80.09395565,5.00000000
47835,7901,0.02611468,0.73869681,0.00637707,0.00100000,19.73760722,5.00000000
47885,8153,0.13872552,1.18881281,0.00670411,0.00100000,132.02140398,5.00000000
47918,4396,0.03458599,0.65728326,0.00976861,0.00100000,24.81737861,5.00000000
47940,4876,0.09418022,1.00176777,0.00998602,0.00100000,84.19420437,5.00000000
48120,4364,0.04372579,1.03399968,0.00577257,0.00100000,37.95322511,5.00000000
48145,7897,0.02930997,0.69715159,0.00468214,0.00100000,24.62782247,5.00000000
48344,4364,0.09988019,0.98926746,0.00645637,0.00100000,93.42382220,5.00000000
48397,4364,0.02343816,0.79819301,0.00645637,0.00100000,16.98179361,5.00000000
48516,4396,0.11079904,0.75050007,0.00185863,0.00100000,108.94041389,5.00000000
48544,4364,0.07389248,0.94125702,0.00645637,0.00100000,67.43611268,5.00000000
48687,4396,0.01938221,0.68984783,0.00803081,0.00100000,11.35140003,5.00000000
48692,6924,0.01599961,0.74782943,0.00832052,0.00100000,7.67909585,4.67909585
48718,3289,0.03159589,0.79931639,0.00861386,0.00100000,22.98203143,5.00000000
48723,8153,0.05464351,0.57387483,0.00533880,0.00100000,49.30471020,5.00000000
48944,7901,0.00996687,0.76892000,0.00473319,0.00100000,5.23368393,2.23368393
49023,193,0.01838664,0.29394567,0.00811184,0.00100000,10.27480430,5.00000000
49138,7389,0.00708165,0.79643909,0.00441546,0.00100000,2.80652260,-0.19347740
49155,4876,0.01698823,0.87843393,0.00289974,0.00100000,14.08849214,5.00000000
49272,7385,0.07579704,0.94267575,0.00760796,0.00100000,68.18908725,5.00000000
49345,8177,0.10220943,0.79861796,0.00872190,0.00100000,93.48753733,5.00000000
49352,7773,0.01387204,0.85946345,0.00886262,0.00100000,5.00941825,2.00941825
49386,8177,0.02353637,0.97026870,0.00872190,0.00100000,14.81446947,5.00000000
49389,8153,0.10647669,0.93336858,0.00307035,0.00100000,103.40633922,5.00000000
49456,4109,0.06824063,1.02672234,0.00727883,0.00100000,60.96179271,5.00000000
49514,8185,0.03656560,0.83805757,0.00887240,0.00100000,27.69320184,5.00000000
49516,4109,0.07797397,1.08428864,0.00727883,0.00100000,70.69514176,5.00000000
49526,7897,0.01484654,0.86563941,0.00929665,0.00100000,5.54988701,2.54988701
49565,4399,0.01765703,0.84220612,0.00952740,0.00100000,8.12962194,5.00000000
49675,7889,0.05291322,0.77718647,0.00834797,0.00100000,44.56524945,5.00000000
49707,7889,0.02310406,0.96857683,0.00834797,0.00100000,14.75609594,5.00000000
49719,7897,0.05911616,0.76073576,0.00354403,0.00100000,55.57213252,5.00000000
49844,7901,0.14655689,0.94312391,0.00929387,0.00100000,137.26302213,5.00000000
49857,7901,0.04882295,1.00611531,0.00929387,0.00100000,39.52908263,5.00000000
49917,7897,0.01879021,0.68786599,0.00727368,0.00100000,11.51653603,5.00000000
49921,3801,0.01570253,0.82349356,0.00947276,0.00100000,6.22976943,3.22976943
50325,4910,0.58423170,1.09847319,0.00611012,0.00100000,578.12158205,5.00000000
50462,4910,0.06846236,1.40942029,0.00611012,0.00100000,62.35224545,5.00000000
50851,4910,0.03898987,1.46625205,0.00611012,0.00100000,32.87975427,5.00000000
50860,4910,0.06116360,1.11618371,0.00611012,0.00100000,55.05348823,5.00000000
