block_index,step,E_k,W_k,mean_pseudo_count,mean_count_reference,mean_count_ratio,mean_familiarity,mean_surprise,mean_conditional_surprise,mean_conditional_support,conditional_valid_fraction,conditional_z,conditional_run_length,conditional_baseline_n,conditional_baseline_mean,conditional_baseline_std,mean_conditional_leverage,mean_conditional_trust_fraction,mean_gradient_coherence,mean_gradient_novelty,regime_change
0,10099,0.13736971,0.00000000,0.27000000,0.10532318,2.03287417,0.24000000,0.74491574,nan,0.00000000,0.00000000,nan,0,0,0.00000000,nan,23.37686257,0.00000000,0.00196626,0.99803374,0
1,10199,0.25375213,0.00000000,1.15000000,0.45878461,2.48493774,0.60793754,0.52813919,nan,0.00000000,0.00000000,nan,0,0,0.00000000,nan,19.75299831,0.00000000,-0.00055122,1.00055122,0
2,10299,0.20453461,0.00000000,1.87000000,0.90898087,2.07328381,0.54826162,0.46991648,nan,0.00000000,0.00000000,nan,0,0,0.00000000,nan,18.37106371,0.00000000,0.00311898,0.99688102,0
3,10399,0.22958838,0.00000000,2.56000000,1.26298507,2.01918942,0.57283609,0.54187334,nan,0.00000000,0.00000000,nan,0,0,0.00000000,nan,19.50464645,0.00000000,0.00830925,0.99169075,0
4,10499,0.11398427,0.00000000,2.54000000,1.55103137,1.63262304,0.45403849,0.43146867,nan,0.00000000,0.00000000,nan,0,0,0.00000000,nan,19.28918856,0.00000000,0.00962176,0.99037824,0
5,10599,0.21732562,0.00000000,3.86000000,1.86433193,2.07595222,0.63406226,0.42171823,nan,0.00000000,0.00000000,nan,0,0,0.00000000,nan,16.07781952,0.00000000,0.00963957,0.99036043,0
6,10699,0.21893872,0.00000000,6.02000000,2.29557419,2.60963783,0.70806815,0.39309846,nan,0.00000000,0.00000000,nan,0,0,0.00000000,nan,12.79001620,0.00000000,-0.01016723,1.01016723,0
7,10799,0.18289692,0.00000000,6.18000000,2.82580232,2.18660718,0.64164632,0.41158733,nan,0.00000000,0.00000000,nan,0,0,0.00000000,nan,13.01666576,0.00000000,-0.00222617,1.00222617,0
8,10899,0.19772778,0.00000000,6.20000000,3.22504733,1.92269796,0.56117698,0.56129967,nan,0.00000000,0.00000000,nan,0,0,0.00000000,nan,15.69566796,0.00000000,-0.00070092,1.00070092,0
9,10999,0.16941046,0.00000000,5.63000000,3.52886270,1.59836383,0.47005441,0.49016894,nan,0.00000000,0.00000000,nan,0,0,0.00000000,nan,16.21579191,0.00000000,-0.01303905,1.01303905,0
10,11099,0.29157671,0.00000000,7.38000000,3.80994337,1.94127447,0.55435348,0.78434134,nan,0.00000000,0.00000000,nan,0,0,0.00000000,nan,16.66628742,0.00000000,0.00875386,0.99124614,0
11,11199,0.23754460,0.00000000,8.65000000,4.16553805,2.07834505,0.64586945,0.44330057,nan,0.00000000,0.00000000,nan,0,0,0.00000000,nan,11.84529921,0.00000000,0.00348782,0.99651218,0
12,11299,0.22863574,0.00000000,6.27000000,4.46536061,1.40789619,0.39354001,0.82342833,nan,0.00000000,0.00000000,nan,0,0,0.00000000,nan,19.35969006,0.00000000,0.00773632,0.99226368,0
13,11399,0.13386722,0.00000000,9.58000000,4.67277899,2.04808662,0.63054139,0.34943719,nan,0.00000000,0.00000000,nan,0,0,0.00000000,nan,12.39466752,0.00000000,-0.00256854,1.00256854,0
14,11499,0.24446979,0.00000000,10.08000000,5.06891270,1.99466624,0.65482827,0.49108892,nan,0.00000000,0.00000000,nan,0,0,0.00000000,nan,11.75438893,0.00000000,-0.00001475,1.00001475,0
15,11599,0.17525692,0.00000000,11.79000000,5.42445860,2.17543041,0.60981308,0.41731591,nan,0.00000000,0.00000000,nan,0,0,0.00000000,nan,10.74178626,0.00000000,-0.00117313,1.00117313,0
16,11699,0.17634353,0.00000000,12.88000000,5.83923924,2.20676086,0.62646395,0.34292459,nan,0.00000000,0.00000000,nan,0,0,0.00000000,nan,9.16704712,0.00000000,-0.00583383,1.00583383,0
17,11799,0.23376424,0.00000000,13.97000000,6.28352178,2.22630188,0.68730441,0.44180841,nan,0.00000000,0.00000000,nan,0,0,0.00000000,nan,8.52609212,0.00000000,0.00144130,0.99855870,0
18,11899,0.20255176,0.00000000,12.30000000,6.63067045,1.85363086,0.57307900,0.50655141,nan,0.00000000,0.00000000,nan,0,0,0.00000000,nan,10.86415814,0.00750000,0.00790646,0.99209354,0
19,11999,0.21596507,0.00000000,14.02000000,7.00434269,2.00591294,0.61190572,0.49752247,nan,0.00000000,0.00000000,nan,0,0,0.00000000,nan,9.15802651,0.00500000,0.00123776,0.99876224,0
20,12099,0.22943679,0.00000000,11.29000000,7.24318629,1.55792530,0.44074574,0.71706588,nan,0.00000000,0.00000000,nan,0,0,0.00000000,nan,11.75389362,0.00750000,-0.00672168,1.00672168,0
21,12199,0.25326740,0.00000000,13.51000000,7.51261920,1.80053659,0.48349881,0.64179461,nan,0.00000000,0.00000000,nan,0,0,0.00000000,nan,9.57087988,0.00500000,0.00322646,0.99677354,0
22,12299,0.28122001,0.00000000,15.85000000,7.82033512,2.02806205,0.61907214,0.57267416,nan,0.00000000,0.00000000,nan,0,0,0.00000000,nan,8.89277681,0.00250000,-0.00128623,1.00128623,0
23,12399,0.24936044,0.00000000,15.62000000,8.16143311,1.91543420,0.58449499,0.64405393,nan,0.00000000,0.00000000,nan,0,0,0.00000000,nan,9.26739255,0.00500000,0.00785968,0.99214032,0
24,12499,0.24926190,0.00000000,19.26000000,8.49107807,2.26323824,0.65311604,0.45834282,nan,0.00000000,0.00000000,nan,0,0,0.00000000,nan,6.38237322,0.02000000,0.01437158,0.98562842,0
25,12599,0.21494775,0.00000000,17.01000000,8.90260840,1.91057528,0.59097961,0.57440124,nan,0.00000000,0.00000000,nan,0,0,0.00000000,nan,7.55696974,0.02000000,-0.00938124,1.00938124,0
26,12699,0.19115274,0.00000000,17.69000000,9.22936870,1.91749392,0.52766927,0.61515773,nan,0.00000000,0.00000000,nan,0,0,0.00000000,nan,9.48594590,0.03250000,0.00675306,0.99324694,0
27,12799,0.15406423,0.00000000,15.60000000,9.47522765,1.64515888,0.50593550,0.41533416,0.80835508,33.00000000,0.01000000,nan,0,0,0.00000000,nan,8.73318324,0.03500000,0.01520294,0.98479706,0
28,12899,0.21220743,0.00000000,18.60000000,9.75692479,1.90617474,0.57040141,0.52633825,0.43672709,45.00000000,0.01000000,nan,0,0,0.00000000,nan,7.67273489,0.06000000,-0.00540223,1.00540223,0
29,12999,0.15723345,0.00000000,18.21000000,10.05162889,1.81161559,0.52379561,0.38752805,1.15945495,40.50000000,0.01000000,nan,0,0,0.00000000,nan,7.27464266,0.04250000,0.00847642,0.99152358,0
30,13099,0.21313188,0.00000000,19.26000000,10.34589259,1.86234712,0.58381474,0.54254085,0.90657255,48.75000000,0.02000000,nan,0,0,0.00000000,nan,5.76026434,0.04500000,0.00551039,0.99448961,0
31,13199,0.36059016,0.00000000,22.71000000,10.68445275,2.12670331,0.61825196,0.67761073,1.31333894,58.70000000,0.05000000,nan,0,0,0.00000000,nan,5.78327103,0.09250000,0.00067449,0.99932551,0
32,13299,0.27709106,0.00000000,23.78000000,11.06258769,2.14981605,0.64915701,0.50979756,1.25044831,45.92857143,0.07000000,nan,0,0,0.00000000,nan,4.92657970,0.11500000,0.01106221,0.98893779,0
33,13399,0.25641636,0.00000000,24.54000000,11.45022664,2.14310341,0.66334586,0.53954809,1.38170072,51.15000000,0.10000000,nan,0,0,0.00000000,nan,5.04882190,0.11250000,0.00625414,0.99374586,0
34,13499,0.24239568,0.00000000,17.57000000,11.72829408,1.49793822,0.49616810,0.72152450,0.54657314,46.00000000,0.01000000,nan,0,0,0.00000000,nan,9.57150909,0.05250000,0.00623776,0.99376224,0
35,13599,0.08803789,0.00000000,15.33000000,11.83990520,1.29419937,0.34838754,0.42587504,0.68332935,58.25000000,0.02000000,nan,0,0,0.00000000,nan,10.88682035,0.06750000,0.00684130,0.99315870,0
36,13699,0.20071818,0.00000000,19.81000000,12.02011609,1.64805741,0.48839996,0.52723829,0.67511027,49.66666667,0.03000000,nan,0,0,0.00000000,nan,7.89412670,0.06500000,0.00163298,0.99836702,0
37,13799,0.19055108,0.00000000,23.48000000,12.29463250,1.91113508,0.64009984,0.40753417,0.90254348,52.90000000,0.05000000,nan,0,0,0.00000000,nan,5.88503809,0.09000000,-0.00121104,1.00121104,0
38,13899,0.17466554,0.00000000,24.37000000,12.57972413,1.93733356,0.61015124,0.49266212,0.93838513,51.68181818,0.11000000,nan,0,0,0.00000000,nan,6.36986053,0.13500000,0.00187967,0.99812033,0
39,13999,0.19254682,0.00000000,27.55000000,12.91073324,2.13335357,0.65682965,0.41815322,0.81650079,54.14285714,0.14000000,nan,0,0,0.00000000,nan,4.62632156,0.16750000,0.00633113,0.99366887,0
40,14099,0.30375716,0.05325619,25.35000000,13.27016524,1.91168208,0.54740907,0.73218410,1.28429495,58.58823529,0.17000000,nan,0,0,0.00000000,nan,8.62184032,0.15750000,0.01052578,0.98947422,0
41,14199,0.23910151,0.00000000,34.84000000,13.66801809,2.55050856,0.78120946,0.41514952,0.67776254,57.68000000,0.25000000,nan,0,0,0.00000000,nan,3.38107793,0.23000000,0.00213227,0.99786773,0
42,14299,0.22588255,0.00000000,31.88000000,14.12166182,2.25771484,0.68227887,0.42891756,0.95944171,56.89130435,0.23000000,nan,0,0,0.00000000,nan,3.83634737,0.20750000,0.00327017,0.99672983,0
43,14399,0.22620039,0.00000000,29.16000000,14.50091669,2.01119614,0.61337156,0.46797046,1.12263785,59.64285714,0.14000000,nan,0,0,0.00000000,nan,5.60496257,0.18250000,0.00565540,0.99434460,0
44,14499,0.19328645,0.00000000,29.67000000,14.83917248,1.99988159,0.66012979,0.42622528,0.72331827,56.64285714,0.14000000,nan,0,0,0.00000000,nan,4.99163818,0.18000000,0.00255261,0.99744739,0
45,14599,0.17432326,0.00000000,34.30000000,15.21057587,2.25519129,0.64763343,0.36144145,0.62989709,59.40384615,0.26000000,nan,0,0,0.00000000,nan,3.48634709,0.23500000,0.00457071,0.99542929,0
46,14699,0.27291833,0.00000000,30.16000000,15.58702042,1.93563243,0.64938711,0.56481296,0.82903392,57.83333333,0.15000000,nan,0,0,0.00000000,nan,4.97592995,0.19000000,0.00381257,0.99618743,0
47,14799,0.17997830,0.00000000,33.42000000,15.91933969,2.09954275,0.64043575,0.42408906,0.71161264,57.34482759,0.29000000,nan,0,0,0.00000000,nan,4.16551455,0.24500000,-0.00068050,1.00068050,0
48,14899,0.20658941,0.00000000,31.07000000,16.24802674,1.91191903,0.61231735,0.47773980,0.76709301,55.90909091,0.22000000,nan,0,0,0.00000000,nan,4.66430124,0.24750000,0.01260862,0.98739138,0
49,14999,0.18501311,0.00000000,32.77000000,16.54905742,1.97899464,0.55279288,0.49095767,0.98405787,65.77500000,0.20000000,nan,0,0,0.00000000,nan,4.88594763,0.24000000,0.00786849,0.99213151,0
50,15099,0.16639721,0.00863074,23.17000000,16.84458882,1.37664352,0.40073571,0.67476447,1.35415080,58.27272727,0.11000000,nan,0,0,0.00000000,nan,10.33471546,0.14000000,-0.00221509,1.00221509,0
51,15199,0.18453608,0.00000000,36.70000000,17.06063714,2.15186385,0.63337426,0.40034534,0.69349354,59.67647059,0.34000000,nan,0,0,0.00000000,nan,3.15959716,0.27250000,0.00964661,0.99035339,0
52,15299,0.21454991,0.00000000,36.68000000,17.42721967,2.10497165,0.65262736,0.42111184,0.84264468,61.43750000,0.32000000,nan,0,0,0.00000000,nan,3.80728980,0.27750000,-0.00382877,1.00382877,0
53,15399,0.21467338,0.00000000,36.81000000,17.80230845,2.06876073,0.61876163,0.53287611,0.74931606,63.98437500,0.32000000,nan,0,0,0.00000000,nan,4.42358923,0.26500000,0.00683941,0.99316059,0
54,15499,0.17912470,0.00000000,40.50000000,18.14757052,2.23036280,0.67812899,0.45562362,0.69864310,62.62500000,0.44000000,nan,0,0,0.00000000,nan,3.65507906,0.36000000,-0.00309232,1.00309232,0
55,15599,0.18934285,0.00000000,36.93000000,18.55368292,1.99124608,0.65227672,0.44844304,0.78345663,60.62121212,0.33000000,nan,0,0,0.00000000,nan,4.30335620,0.31000000,0.00310997,0.99689003,0
56,15699,0.21100546,0.00000000,41.44000000,18.90172068,2.19233719,0.66402544,0.42284772,0.61720234,69.15789474,0.38000000,nan,0,0,0.00000000,nan,3.46734462,0.32000000,0.00940626,0.99059374,0
57,15799,0.20398217,0.00000000,38.39000000,19.26957946,1.99229060,0.60665158,0.53662282,0.89384831,63.17105263,0.38000000,nan,0,0,0.00000000,nan,3.67177719,0.32000000,0.00065636,0.99934364,0
58,15899,0.18313710,0.00000000,42.16000000,19.60914082,2.14897118,0.60179573,0.41514661,0.74178626,71.12500000,0.40000000,nan,0,0,0.00000000,nan,3.47561350,0.33750000,0.01840082,0.98159918,0
59,15999,0.23364852,0.00000000,45.08000000,20.03249290,2.25046689,0.70804411,0.46892023,0.70568104,70.56410256,0.39000000,nan,0,0,0.00000000,nan,2.69406808,0.34500000,-0.00832034,1.00832034,0
60,16099,0.19225930,0.00000000,37.06000000,20.34279832,1.82034714,0.51339578,0.55295112,0.72733614,72.48275862,0.29000000,nan,0,0,0.00000000,nan,4.81066412,0.28000000,-0.00204417,1.00204417,0
61,16199,0.20636933,0.00000000,48.70000000,20.73619538,2.34808521,0.68544756,0.42441456,0.86260477,69.85454545,0.55000000,nan,0,1,0.86260477,nan,2.88685733,0.41750000,-0.01361112,1.01361112,0
62,16299,0.27961287,0.00000000,49.80000000,21.18795482,2.34961260,0.75393274,0.46100380,0.97439383,69.23529412,0.51000000,nan,0,2,0.91849930,0.07904680,2.24343935,0.39500000,0.00960347,0.99039653,0
63,16399,0.18308072,0.00000000,50.71000000,21.63524255,2.34253135,0.66565702,0.40635016,0.71834371,74.76415094,0.53000000,nan,0,3,0.85178077,0.12836777,2.86750531,0.40250000,0.01751200,0.98248800,0
64,16499,0.26030797,0.00000000,52.68000000,22.12912142,2.38098438,0.69731156,0.56376749,0.73665962,74.66363636,0.55000000,nan,0,4,0.82300048,0.11957735,2.87368592,0.40000000,0.00625591,0.99374409,0
65,16599,0.21348859,0.00000000,49.97000000,22.55280592,2.21484798,0.65796383,0.41678719,0.65122518,73.98113208,0.53000000,nan,0,5,0.78864542,0.12893955,3.24854137,0.40500000,-0.00061878,1.00061878,0
66,16699,0.22242295,0.00000000,53.19000000,23.00599414,2.31210217,0.67193748,0.40911068,0.83224374,79.56122449,0.49000000,nan,0,5,0.78864542,0.12893955,2.06093534,0.41250000,0.00969436,0.99030564,0
67,16799,0.22567192,0.00000000,55.67000000,23.47487630,2.37174086,0.74345944,0.38327558,0.58815573,74.28813559,0.59000000,nan,0,6,0.75523047,0.14142022,1.67782762,0.46000000,-0.00248751,1.00248751,0
68,16899,0.26401766,0.00000000,51.95000000,23.91254824,2.17246681,0.67445879,0.51346272,1.03674938,75.36538462,0.52000000,nan,0,7,0.79544746,0.16729687,3.07068936,0.41000000,-0.00071465,1.00071465,0
69,16999,0.24684170,0.00000000,51.97000000,24.29800349,2.13797343,0.63632865,0.54543764,0.88901294,76.89000000,0.50000000,nan,0,8,0.80714314,0.15838003,2.96231524,0.37750000,-0.00874091,1.00874091,0
70,17099,0.22588561,0.05260957,37.12000000,24.62699083,1.50774322,0.44821613,0.70521702,1.41668381,67.92307692,0.26000000,nan,0,8,0.80714314,0.15838003,5.23919238,0.26500000,0.00876620,0.99123380,0
71,17199,0.14279225,0.00000000,42.84000000,24.81714555,1.72616277,0.51222854,0.53387502,0.82304176,74.52702703,0.37000000,nan,0,8,0.80714314,0.15838003,4.61015418,0.31000000,0.00337618,0.99662382,0
72,17299,0.18115700,0.00000000,52.21000000,25.12496448,2.07770968,0.60493155,0.42265080,0.88176903,78.32000000,0.50000000,nan,0,9,0.81543491,0.15022478,2.49537630,0.36750000,0.00816046,0.99183954,0
73,17399,0.16591099,0.00000000,45.44000000,25.45750359,1.78501395,0.55137173,0.37932238,0.78666922,74.31707317,0.41000000,nan,0,9,0.81543491,0.15022478,3.95801863,0.30750000,-0.00815682,1.00815682,0
74,17499,0.15903095,0.00000000,43.06000000,25.74269648,1.67366346,0.46164679,0.55253149,0.89939810,79.33783784,0.37000000,nan,0,9,0.81543491,0.15022478,4.76164022,0.33750000,0.00378491,0.99621509,0
75,17599,0.20997187,0.00000000,51.63000000,25.97409954,1.98701933,0.62635987,0.42831114,0.88055789,78.47959184,0.49000000,nan,0,9,0.81543491,0.15022478,3.59371796,0.37000000,0.00072336,0.99927664,0
76,17699,0.26279308,0.00000000,54.42000000,26.33457982,2.06599245,0.65099564,0.50775627,0.85979299,78.20754717,0.53000000,nan,0,10,0.81987072,0.14232621,2.56747380,0.40750000,0.00369377,0.99630623,0
77,17799,0.22258397,0.00000000,58.68000000,26.73706474,2.19476175,0.66316478,0.45705570,0.68070348,83.53636364,0.55000000,nan,0,11,0.80721915,0.14139222,2.67993157,0.41500000,-0.00070240,1.00070240,0
78,17899,0.22963951,0.00000000,64.86000000,27.17804529,2.38630645,0.74786091,0.42950413,0.64028682,83.85384615,0.65000000,nan,0,12,0.79330812,0.14316608,1.83308865,0.50500000,-0.00408042,1.00408042,0
79,17999,0.26267410,0.00000000,62.17000000,27.64326151,2.24921290,0.67743894,0.53626187,0.83020908,84.96666667,0.60000000,nan,0,13,0.79614666,0.13745264,2.72796995,0.44250000,-0.00388616,1.00388616,0
80,18099,0.23152568,0.02800288,47.12000000,27.96358871,1.68476300,0.51544824,0.62567856,1.70297590,76.69512195,0.41000000,nan,0,13,0.79614666,0.13745264,4.10917137,0.35250000,0.00377083,0.99622917,0
81,18199,0.13243138,0.03617592,32.90000000,28.15141391,1.16888364,0.29151337,0.68405284,1.47055356,72.16000000,0.25000000,nan,0,13,0.79614666,0.13745264,8.15232303,0.23250000,0.00225955,0.99774045,0
82,18299,0.16167689,0.00000000,51.72000000,28.30079250,1.82769141,0.56982954,0.38303852,0.71370773,78.84000000,0.50000000,nan,0,14,0.79025816,0.13388556,3.01439667,0.36500000,0.00466843,0.99533157,0
83,18399,0.15741558,0.00000000,51.39000000,28.56754805,1.79874961,0.53366980,0.47260266,0.63847099,81.86170213,0.47000000,nan,0,14,0.79025816,0.13388556,3.30978038,0.37750000,0.00090817,0.99909183,0
84,18499,0.16603728,0.00000000,56.12000000,28.88050919,1.94349219,0.59579479,0.41889369,0.70645027,80.46551724,0.58000000,nan,0,15,0.78467097,0.13081748,3.04787572,0.45750000,0.00786306,0.99213694,0
85,18599,0.17680944,0.00000000,50.91000000,29.15741750,1.74600296,0.53265937,0.48520354,0.83742936,79.98979592,0.49000000,nan,0,15,0.78467097,0.13081748,3.81279570,0.39750000,-0.00122916,1.00122916,0
86,18699,0.21071176,0.00000000,57.19000000,29.46972737,1.94136227,0.61241509,0.48547122,0.88646330,82.17592593,0.54000000,nan,0,16,0.79103299,0.12891833,2.97458337,0.43500000,0.00111511,0.99888489,0
87,18799,0.13272814,0.00000000,54.79000000,29.70456341,1.84321670,0.53817321,0.45061247,0.81620290,85.40625000,0.48000000,nan,0,16,0.79103299,0.12891833,3.07337645,0.40750000,0.00971217,0.99028783,0
88,18899,0.18374345,0.00000000,54.00000000,30.04282638,1.79781396,0.55497056,0.48242858,1.05360900,79.27272727,0.55000000,nan,0,17,0.80647864,0.14013153,3.77815986,0.41250000,0.00967256,0.99032744,0
89,18999,0.26674724,0.00000000,63.19000000,30.33085418,2.08275779,0.69178509,0.53395406,0.87556927,82.16666667,0.66000000,nan,0,18,0.81031701,0.13691944,2.47697930,0.47500000,0.01288534,0.98711466,0
90,19099,0.19258606,0.00434993,50.92000000,30.66401946,1.66104227,0.46290616,0.66825475,1.99640209,84.57142857,0.42000000,nan,0,18,0.81031701,0.13691944,4.70873231,0.33250000,0.01594349,0.98405651,0
91,19199,0.16638124,0.00000000,68.74000000,30.93573177,2.22102207,0.65767615,0.38004638,0.69997432,95.20833333,0.60000000,nan,0,19,0.80450950,0.13544834,1.76580734,0.50750000,0.01236900,0.98763100,0
92,19299,0.20313863,0.00000000,65.46000000,31.38265885,2.08690401,0.67330851,0.45995378,0.73373396,84.43750000,0.64000000,nan,0,20,0.80097072,0.13278223,1.48863958,0.49250000,-0.00646525,1.00646525,0
93,19399,0.22141200,0.00000000,62.85000000,31.71570693,1.98205781,0.63196387,0.44648007,0.78642036,84.93750000,0.64000000,nan,0,21,0.80027785,0.12945905,2.40009917,0.47750000,-0.00126816,1.00126816,0
94,19499,0.22539441,0.00000000,63.46000000,32.04400883,1.98064399,0.63088634,0.48267090,0.70472721,84.88281250,0.64000000,nan,0,22,0.79593463,0.12797095,2.28267845,0.47250000,-0.00031941,1.00031941,0
95,19599,0.20411789,0.00000000,69.16000000,32.35393905,2.13618674,0.64647134,0.42538298,0.73485978,91.88461538,0.65000000,nan,0,23,0.79327921,0.12567559,2.05522933,0.50500000,-0.00910979,1.00910979,0
96,19699,0.22922892,0.00000000,73.05000000,32.80214982,2.22722185,0.70787554,0.43173205,0.71277863,86.67532468,0.77000000,nan,0,24,0.78992502,0.12400668,1.45078063,0.54000000,0.01322973,0.98677027,0
97,19799,0.22139981,0.00000000,73.41000000,33.19551821,2.21088855,0.70699285,0.40711474,0.68595167,85.70512821,0.78000000,nan,0,25,0.78576608,0.12316388,1.05651522,0.56000000,-0.00337061,1.00337061,0
98,19899,0.22451900,0.00000000,78.16000000,33.63341099,2.32354856,0.67168744,0.53762541,0.64724114,97.75694444,0.72000000,nan,0,26,0.78043820,0.12369564,1.71017997,0.55000000,0.01098941,0.98901059,0
99,19999,0.24306219,0.00000000,80.46000000,34.08686336,2.35986825,0.71376818,0.47392881,0.77096505,96.67763158,0.76000000,nan,0,27,0.78008734,0.12130725,1.50110019,0.57000000,0.00995924,0.99004076,0
100,20099,0.19967367,0.04426116,48.11000000,34.42273463,1.39785766,0.41027466,0.67779673,1.88318129,74.81521739,0.46000000,nan,0,27,0.78008734,0.12130725,4.40779569,0.36500000,-0.00761097,1.00761097,0
101,20199,0.14552952,0.01456817,54.93000000,34.53626188,1.58993874,0.42904624,0.62412830,1.19849373,91.57446809,0.47000000,nan,0,27,0.78008734,0.12130725,5.08896850,0.39250000,0.01964794,0.98035206,0
102,20299,0.20193866,0.00000000,69.26000000,34.83864709,1.98800653,0.59542901,0.45370752,0.87705502,91.53076923,0.65000000,nan,0,28,0.78355047,0.12044187,1.92102145,0.49750000,0.00047295,0.99952705,0
103,20399,0.21858503,0.00000000,76.17000000,35.19668535,2.16386187,0.65636922,0.44269098,0.81768995,96.33098592,0.71000000,nan,0,29,0.78472770,0.11844136,1.99463447,0.52250000,-0.00533896,1.00533896,0
104,20499,0.23794693,0.00000000,74.47000000,35.59139337,2.09244886,0.60349336,0.54682150,1.09996717,99.37878788,0.66000000,nan,0,30,0.79523568,0.12983508,2.24167587,0.51750000,0.00129626,0.99870374,0
105,20599,0.19447036,0.00000000,67.62000000,35.91292800,1.88260965,0.55314116,0.46354075,0.82279264,97.70689655,0.58000000,0.21224590,0,31,0.79523568,0.12983508,2.74139315,0.49750000,0.01567356,0.98432644,0
106,20699,0.31638335,0.00000000,93.49000000,36.36178439,2.57192267,0.78387242,0.46929223,0.96537852,104.44767442,0.86000000,1.32489688,0,32,0.79612461,0.12774874,1.44814577,0.63750000,0.00505182,0.99494818,0
107,20799,0.17130309,0.00000000,63.59000000,36.69819235,1.73202366,0.51909169,0.59978318,1.19596559,92.14655172,0.58000000,3.05418405,1,32,0.80141380,0.12918403,3.54185784,0.45500000,-0.00035627,1.00035627,0
108,20899,0.20794368,0.00000000,72.91000000,37.02835211,1.96906929,0.61439904,0.45470375,0.90203997,92.63235294,0.68000000,0.77893665,0,33,0.80141380,0.12918403,1.76307985,0.52000000,0.00310975,0.99689025,0
109,20999,0.17818688,0.00000000,63.77000000,37.30840430,1.70917814,0.53508520,0.49009155,1.06022419,83.31343284,0.67000000,1.99267826,0,34,0.80446308,0.12835043,2.70535103,0.49500000,0.00328754,0.99671246,0
110,21099,0.23777581,0.03202337,64.34000000,37.57934594,1.71259603,0.48267160,0.67718909,2.13893758,101.43137255,0.51000000,9.91850468,1,34,0.81198546,0.13378550,4.03543497,0.42250000,0.00500223,0.99499777,0
111,21199,0.21800059,0.04248491,62.43000000,37.75175819,1.65309820,0.50433578,0.69476352,2.10505057,90.38596491,0.57000000,9.66521109,2,34,0.81198546,0.13378550,2.99477420,0.43500000,0.00428010,0.99571990,0
112,21299,0.18855192,0.00000000,71.99000000,38.05174573,1.89198777,0.55529979,0.49650923,1.50215186,94.35384615,0.65000000,5.15875332,3,34,0.81198546,0.13378550,1.91022846,0.48000000,0.01593480,0.98406520,1
113,21399,0.21905648,0.00000000,0.44000000,0.15349342,2.52514539,0.33995233,0.70533355,nan,0.00000000,0.00000000,nan,0,0,0.00000000,nan,18.90705729,0.00000000,0.01308372,0.98691628,0
114,21499,0.37958574,0.00000000,1.34000000,0.57863321,2.18765900,0.55434919,0.87895844,nan,0.00000000,0.00000000,nan,0,0,0.00000000,nan,19.94352399,0.00000000,0.00955121,0.99044879,0
115,21599,0.25367146,0.00000000,1.09000000,0.96459041,1.14115947,0.32137557,1.06818265,nan,0.00000000,0.00000000,nan,0,0,0.00000000,nan,24.51643766,0.00000000,-0.01505228,1.01505228,0
116,21699,0.35220924,0.00000000,1.14000000,0.94836151,1.19915275,0.30258790,1.18303671,nan,0.00000000,0.00000000,nan,0,0,0.00000000,nan,23.97769831,0.00000000,0.01394771,0.98605229,0
117,21799,0.44944452,0.00000000,1.73000000,1.06146262,1.62567135,0.49617409,1.07187883,nan,0.00000000,0.00000000,nan,0,0,0.00000000,nan,21.51044648,0.00000000,0.01389521,0.98610479,0
118,21899,0.40362426,0.00000000,2.49000000,1.25205647,1.98776514,0.56237571,0.92775972,nan,0.00000000,0.00000000,nan,0,0,0.00000000,nan,19.55022460,0.00000000,0.00727159,0.99272841,0
119,21999,0.48542432,0.00000000,3.89000000,1.53499289,2.52699102,0.65801507,0.81364215,nan,0.00000000,0.00000000,nan,0,0,0.00000000,nan,17.54274031,0.00000000,0.01264917,0.98735083,0
120,22099,0.39022222,0.00000000,3.80000000,1.83453231,2.05989857,0.62792813,0.79521963,nan,0.00000000,0.00000000,nan,0,0,0.00000000,nan,20.92139595,0.00000000,0.00493651,0.99506349,0
121,22199,0.48663337,0.00000000,6.82000000,2.23847393,3.04036187,0.82247863,0.68717538,nan,0.00000000,0.00000000,nan,0,0,0.00000000,nan,12.87589800,0.00000000,0.00983685,0.99016315,0
122,22299,0.49715379,0.00000000,9.53000000,2.88616113,3.32324590,0.86484326,0.65628346,nan,0.00000000,0.00000000,nan,0,0,0.00000000,nan,8.44001394,0.00000000,0.00373940,0.99626060,0
123,22399,0.27737798,0.00000000,5.75000000,3.31679046,1.72987294,0.47783325,0.94315837,nan,0.00000000,0.00000000,nan,0,0,0.00000000,nan,16.66517193,0.00000000,0.00555728,0.99444272,0
124,22499,0.30204090,0.00000000,6.13000000,3.56557242,1.72025811,0.52214678,0.79652043,nan,0.00000000,0.00000000,nan,0,0,0.00000000,nan,16.03466279,0.00000000,0.02453208,0.97546792,0
125,22599,0.39460504,0.00000000,7.12000000,3.79025313,1.87516620,0.57934369,0.76716498,nan,0.00000000,0.00000000,nan,0,0,0.00000000,nan,13.79805324,0.00000000,0.01694885,0.98305115,0
126,22699,0.25452858,0.00000000,7.94000000,4.07620703,1.94735527,0.55406423,0.66114506,nan,0.00000000,0.00000000,nan,0,0,0.00000000,nan,14.08473462,0.00000000,0.00393869,0.99606131,0
127,22799,0.31463202,0.00000000,7.83000000,4.33771663,1.80424859,0.55945207,0.64103756,nan,0.00000000,0.00000000,nan,0,0,0.00000000,nan,13.99474057,0.00000000,-0.00492798,1.00492798,0
128,22899,0.24199806,0.00000000,8.48000000,4.58969479,1.84788079,0.57844162,0.52924247,nan,0.00000000,0.00000000,nan,0,0,0.00000000,nan,11.72865492,0.00000000,-0.00517200,1.00517200,0
129,22999,0.33390041,0.00000000,11.68000000,4.92801354,2.37326246,0.69708591,0.56801216,nan,0.00000000,0.00000000,nan,0,0,0.00000000,nan,8.82245745,0.00000000,-0.00156262,1.00156262,0
130,23099,0.23086939,0.00000000,9.78000000,5.23496736,1.86550871,0.54463147,0.76142658,nan,0.00000000,0.00000000,nan,0,0,0.00000000,nan,13.61331372,0.00000000,-0.01440107,1.01440107,0
131,23199,0.24672834,0.00000000,11.45000000,5.54192755,2.06642645,0.61424965,0.48910071,nan,0.00000000,0.00000000,nan,0,0,0.00000000,nan,9.62664009,0.00000000,0.00471463,0.99528537,0
132,23299,0.25219747,0.00000000,13.41000000,5.89055232,2.27625461,0.67866504,0.45823449,nan,0.00000000,0.00000000,nan,0,0,0.00000000,nan,8.58834360,0.00000000,0.00551414,0.99448586,0
133,23399,0.23112118,0.00000000,12.87000000,6.24268682,2.06093310,0.63513682,0.47433365,nan,0.00000000,0.00000000,nan,0,0,0.00000000,nan,8.73009072,0.00000000,-0.00530252,1.00530252,0
134,23499,0.19110869,0.00000000,11.54000000,6.51882930,1.76961348,0.51863673,0.50226284,nan,0.00000000,0.00000000,nan,0,0,0.00000000,nan,9.10240481,0.00000000,-0.00022587,1.00022587,0
135,23599,0.29291547,0.00000000,15.67000000,6.83721894,2.29199193,0.70970666,0.53496457,nan,0.00000000,0.00000000,nan,0,0,0.00000000,nan,7.37658906,0.00250000,-0.01566527,1.01566527,0
136,23699,0.25544156,0.00000000,16.46000000,7.22081461,2.27807810,0.71541282,0.42607175,nan,0.00000000,0.00000000,nan,0,0,0.00000000,nan,6.65716465,0.01250000,0.00069009,0.99930991,0
137,23799,0.30498503,0.00000000,16.76000000,7.62846837,2.19970539,0.63780387,0.63684792,nan,0.00000000,0.00000000,nan,0,0,0.00000000,nan,7.78870421,0.01000000,-0.01112567,1.01112567,0
138,23899,0.19470361,0.00000000,15.86000000,7.94691049,1.99491143,0.63705883,0.43988435,nan,0.00000000,0.00000000,nan,0,0,0.00000000,nan,7.22247387,0.01500000,-0.00928100,1.00928100,0
139,23999,0.24942540,0.00000000,20.85000000,8.36054982,2.49694298,0.76695116,0.39665868,nan,0.00000000,0.00000000,nan,0,0,0.00000000,nan,4.81005911,0.03250000,0.00070292,0.99929708,0
140,24099,0.27608619,0.00000000,15.31000000,8.70213583,1.75951822,0.58077345,0.93482867,nan,0.00000000,0.00000000,nan,0,0,0.00000000,nan,11.99575488,0.02500000,-0.00511983,1.00511983,0
141,24199,0.17343944,0.00000000,20.29000000,8.99021394,2.25312131,0.68298836,0.30940319,1.00912309,48.75000000,0.02000000,nan,0,0,0.00000000,nan,5.43109673,0.06250000,0.01131455,0.98868545,0
142,24299,0.20359712,0.00000000,19.25000000,9.38324417,2.05160908,0.64701994,0.41073909,1.09713009,45.66666667,0.03000000,nan,0,0,0.00000000,nan,5.53676674,0.06500000,0.01232392,0.98767608,0
143,24399,0.23122514,0.00000000,20.54000000,9.73274131,2.11106629,0.69492110,0.39969967,1.48905794,41.75000000,0.02000000,nan,0,0,0.00000000,nan,5.34667358,0.04250000,-0.00343941,1.00343941,0
144,24499,0.25248263,0.00000000,20.32000000,10.10371240,2.01490706,0.61024872,0.54908797,nan,0.00000000,0.00000000,nan,0,0,0.00000000,nan,6.17006726,0.05250000,-0.00685073,1.00685073,0
145,24599,0.23720922,0.00000000,22.37000000,10.41418487,2.14821871,0.63905073,0.46790482,2.08844664,49.33333333,0.03000000,nan,0,0,0.00000000,nan,5.42004539,0.07750000,-0.01012822,1.01012822,0
146,24699,0.22144339,0.00000000,22.20000000,10.77255127,2.06130580,0.62090835,0.51795127,1.74676672,47.37500000,0.04000000,nan,0,0,0.00000000,nan,5.64057342,0.08500000,-0.00216572,1.00216572,0
147,24799,0.22659655,0.00000000,23.79000000,11.11740811,2.13948890,0.70211245,0.39520000,0.85190500,45.50000000,0.04000000,nan,0,0,0.00000000,nan,5.01660595,0.08250000,-0.00692634,1.00692634,0
148,24899,0.25456136,0.00000000,24.50000000,11.48156103,2.13322335,0.70705813,0.41405576,0.68121290,57.37500000,0.04000000,nan,0,0,0.00000000,nan,4.23532512,0.11250000,0.00155090,0.99844910,0
149,24999,0.23218765,0.00000000,24.56000000,11.84286096,2.07366327,0.62891834,0.48102441,0.76953735,52.25000000,0.10000000,nan,0,0,0.00000000,nan,5.32704938,0.13000000,-0.00380497,1.00380497,0
150,25099,0.27523460,0.00000000,23.06000000,12.18856185,1.89382325,0.53729930,0.71660331,0.72235373,61.64285714,0.07000000,nan,0,0,0.00000000,nan,8.43475195,0.11250000,-0.00705091,1.00705091,0
151,25199,0.24579778,0.00000000,31.66000000,12.55880526,2.52116272,0.80600795,0.38263423,0.80790990,52.52272727,0.22000000,nan,0,0,0.00000000,nan,2.76496458,0.17750000,-0.00197929,1.00197929,0
152,25299,0.19822555,0.00000000,27.21000000,12.97408226,2.09633264,0.60489877,0.44633391,0.96835057,57.75000000,0.14000000,nan,0,0,0.00000000,nan,4.23304048,0.15250000,0.00048415,0.99951585,0
153,25399,0.20519484,0.00000000,26.46000000,13.32359218,1.98568392,0.59371512,0.42475515,0.93039909,51.97500000,0.20000000,nan,0,0,0.00000000,nan,5.37083024,0.16750000,0.00113206,0.99886794,0
154,25499,0.22517720,0.00000000,30.34000000,13.70117977,2.21543050,0.69651879,0.41177669,0.75493689,56.17647059,0.17000000,nan,0,0,0.00000000,nan,3.62870331,0.19000000,-0.00680171,1.00680171,0
155,25599,0.28329660,0.00000000,33.37000000,14.13438454,2.36264026,0.73758216,0.45221443,0.75341042,58.97500000,0.20000000,nan,0,0,0.00000000,nan,3.29119099,0.20000000,-0.00762286,1.00762286,0
156,25699,0.18186396,0.00000000,26.64000000,14.49415250,1.83865292,0.52152563,0.52463830,0.89231182,54.31578947,0.19000000,nan,0,0,0.00000000,nan,5.01134777,0.18750000,0.00968585,0.99031415,0
157,25799,0.24185124,0.00000000,30.46000000,14.82694548,2.05639239,0.62667162,0.45804827,0.89840555,51.75000000,0.24000000,nan,0,0,0.00000000,nan,4.12026779,0.22250000,0.00054316,0.99945684,0
158,25899,0.19426807,0.00000000,26.69000000,15.12092588,1.76604758,0.55991833,0.46362406,0.69304793,51.40625000,0.16000000,nan,0,0,0.00000000,nan,4.43198929,0.19500000,0.00924010,0.99075990,0
159,25999,0.24557371,0.00000000,36.08000000,15.45493379,2.33492533,0.72661539,0.40061237,0.82487685,59.55172414,0.29000000,nan,0,0,0.00000000,nan,2.62161586,0.27000000,-0.00973360,1.00973360,0
160,26099,0.18440243,0.06779007,15.92000000,15.68995212,1.01477855,0.24731422,1.05170187,2.14034595,61.62500000,0.04000000,nan,0,0,0.00000000,nan,14.58640085,0.07500000,-0.00202505,1.00202505,0
161,26199,0.18569143,0.00000000,28.80000000,15.78635084,1.82303889,0.57533202,0.36881916,1.32937918,57.97058824,0.17000000,nan,0,0,0.00000000,nan,4.21533340,0.18250000,-0.00068036,1.00068036,0
162,26299,0.19482451,0.00000000,30.66000000,16.10024537,1.90477729,0.56213478,0.39147915,0.91170253,60.38636364,0.22000000,nan,0,0,0.00000000,nan,4.41044796,0.22250000,0.01141322,0.98858678,0
163,26399,0.21546873,0.00000000,31.70000000,16.38055093,1.93459445,0.63842204,0.42590549,0.88937091,56.90476190,0.21000000,nan,0,0,0.00000000,nan,3.02639990,0.22750000,-0.00739334,1.00739334,0
164,26499,0.19719668,0.00000000,32.63000000,16.70306655,1.95387128,0.63346955,0.45773544,0.93703902,60.15909091,0.22000000,nan,0,0,0.00000000,nan,3.93941766,0.22750000,0.00531775,0.99468225,0
165,26599,0.20925697,0.00000000,31.86000000,16.97692032,1.87580118,0.60508147,0.45712411,0.93011559,56.08333333,0.24000000,nan,0,0,0.00000000,nan,3.74109398,0.22000000,0.00561378,0.99438622,0
166,26699,0.18487310,0.00000000,33.45000000,17.27542540,1.93573429,0.59586385,0.47717649,0.74068650,65.12500000,0.24000000,nan,0,0,0.00000000,nan,4.10133054,0.23750000,0.00476696,0.99523304,0
167,26799,0.27845601,0.00000000,36.69000000,17.60659941,2.08357781,0.64257060,0.51037161,1.09991886,66.54000000,0.25000000,nan,0,0,0.00000000,nan,3.45804027,0.26500000,-0.00141334,1.00141334,0
168,26899,0.20316391,0.00000000,37.53000000,17.92559180,2.09139910,0.63577175,0.42606553,0.82859108,63.16666667,0.33000000,nan,0,0,0.00000000,nan,2.80439729,0.28750000,-0.00607591,1.00607591,0
169,26999,0.20430702,0.00000000,39.93000000,18.34650030,2.17750815,0.68494240,0.37765364,0.71888830,66.94285714,0.35000000,nan,0,0,0.00000000,nan,2.66697581,0.29250000,-0.00847781,1.00847781,0
170,27099,0.17527259,0.00000000,27.87000000,18.55948490,1.50055000,0.43243539,0.65200587,1.51092437,60.97368421,0.19000000,nan,0,0,0.00000000,nan,7.82632350,0.20500000,0.00034791,0.99965209,0
171,27199,0.23316645,0.00000000,48.09000000,18.95202406,2.53916649,0.80729559,0.32519721,0.77593995,67.30208333,0.48000000,nan,0,0,0.00000000,nan,1.50159011,0.36000000,-0.01435040,1.01435040,0
172,27299,0.24170626,0.00000000,41.29000000,19.36429710,2.13226117,0.65386866,0.47930228,0.97426884,67.41666667,0.36000000,nan,0,0,0.00000000,nan,2.70137477,0.31250000,0.01407533,0.98592467,0
173,27399,0.31331099,0.00000000,45.50000000,19.74938489,2.30306689,0.75270224,0.45832803,1.23614940,66.90000000,0.40000000,nan,0,0,0.00000000,nan,2.02008737,0.34500000,-0.00747473,1.00747473,0
174,27499,0.25031340,0.00000000,47.86000000,20.20702062,2.36905495,0.72822299,0.41666223,0.76529747,66.97058824,0.51000000,nan,0,1,0.76529747,nan,1.90148199,0.38500000,-0.00259366,1.00259366,0
175,27599,0.24605138,0.00000000,49.21000000,20.68717515,2.38114400,0.71778049,0.44754018,0.97852149,72.64893617,0.47000000,nan,0,1,0.76529747,nan,1.94770660,0.39500000,-0.00457517,1.00457517,0
176,27699,0.29851446,0.00000000,46.29000000,21.11432326,2.19437863,0.67382469,0.53870309,1.06021781,70.36170213,0.47000000,nan,0,1,0.76529747,nan,2.60874531,0.37250000,0.00695002,0.99304998,0
177,27799,0.23292209,0.00000000,43.42000000,21.45969133,2.02388018,0.65742905,0.46286813,0.72889109,62.80851064,0.47000000,nan,0,1,0.76529747,nan,2.04752042,0.34000000,0.00032462,0.99967538,0
178,27899,0.24410807,0.00000000,47.49000000,21.81810581,2.17686470,0.66764616,0.42873094,0.89957455,68.19607843,0.51000000,nan,0,2,0.83243601,0.09494823,2.41102211,0.40000000,0.00323450,0.99676550,0
179,27999,0.31239546,0.00000000,49.63000000,22.22076457,2.23375935,0.72126725,0.50286341,0.93226559,67.71818182,0.55000000,nan,0,3,0.86571254,0.08848483,1.71635388,0.39500000,-0.00631071,1.00631071,0
180,28099,0.14907212,0.00000000,34.32000000,22.46185123,1.52683037,0.44073964,0.67660964,1.03363343,66.57407407,0.27000000,nan,0,3,0.86571254,0.08848483,6.47745777,0.23500000,0.00819807,0.99180193,0
181,28199,0.26858342,0.00000000,50.01000000,22.81217556,2.19311724,0.72285319,0.45905776,1.15079988,70.47959184,0.49000000,nan,0,3,0.86571254,0.08848483,1.67452558,0.40250000,-0.01435870,1.01435870,0
182,28299,0.21329977,0.00000000,51.12000000,23.23972344,2.20200270,0.69521221,0.39054081,0.91333112,70.76363636,0.55000000,nan,0,4,0.87761718,0.07606966,1.83762415,0.39500000,0.01013858,0.98986142,0
183,28399,0.37421078,0.00000000,56.46000000,23.62042659,2.38985474,0.74399036,0.56873790,1.14179735,74.14516129,0.62000000,nan,0,5,0.93045322,0.13527075,1.75288931,0.45250000,-0.01200969,1.01200969,0
184,28499,0.25158078,0.00000000,57.48000000,24.09192356,2.38570605,0.78430439,0.37271833,0.76532692,74.74166667,0.60000000,nan,0,6,0.90293217,0.13850267,1.56923393,0.44000000,0.00026501,0.99973499,0
185,28599,0.28061374,0.00000000,57.04000000,24.55420701,2.32315690,0.72690234,0.47401801,0.81931958,74.78571429,0.63000000,nan,0,7,0.89098751,0.13032478,1.78724096,0.47750000,0.00150512,0.99849488,0
186,28699,0.31275009,0.00000000,56.27000000,24.99567589,2.25154244,0.71759411,0.52527113,0.88905958,73.65573770,0.61000000,nan,0,8,0.89074652,0.12065923,1.56475440,0.45250000,-0.00413509,1.00413509,0
187,28799,0.26227941,0.00000000,56.65000000,25.43349919,2.22845676,0.70706081,0.45585409,0.73030871,77.19642857,0.56000000,nan,0,9,0.87292010,0.12489536,1.58220662,0.43500000,-0.00242618,1.00242618,0
188,28899,0.21970576,0.00000000,52.72000000,25.78856485,2.04388791,0.66145816,0.44800524,0.79204282,73.18181818,0.55000000,nan,0,10,0.86483237,0.12049796,1.89491216,0.43000000,-0.00415475,1.00415475,0
189,28999,0.25154552,0.00000000,58.19000000,26.18556073,2.22217547,0.71044041,0.38209087,0.89210189,72.38235294,0.68000000,nan,0,11,0.86731142,0.11460971,1.34975650,0.48000000,-0.00403565,1.00403565,0
190,29099,0.19823898,0.00000000,46.19000000,26.47940200,1.74320458,0.51587861,0.71921300,1.08547288,78.54761905,0.42000000,nan,0,11,0.86731142,0.11460971,5.35478863,0.34250000,-0.00679830,1.00679830,0
191,29199,0.27421532,0.00000000,61.07000000,26.86991042,2.27297294,0.68300520,0.52657105,0.95566449,84.27500000,0.60000000,nan,0,12,0.87467417,0.11221311,2.04245861,0.46750000,-0.01348320,1.01348320,0
192,29299,0.25967246,0.00000000,60.88000000,27.31709317,2.22958185,0.75042138,0.42369069,0.69123118,76.86718750,0.64000000,nan,0,13,0.86056317,0.11887401,1.31926421,0.48250000,-0.00190317,1.00190317,0
193,29399,0.26519498,0.00000000,54.84000000,27.68726026,1.98107878,0.63491873,0.51495943,0.99233080,75.15740741,0.54000000,nan,0,14,0.86997515,0.11951661,1.53454453,0.45750000,0.00691610,0.99308390,0
194,29499,0.22867716,0.00000000,52.05000000,27.98510744,1.85970098,0.58345288,0.51572333,0.91330069,75.25000000,0.52000000,nan,0,15,0.87286352,0.11571111,2.33418136,0.41000000,-0.00559998,1.00559998,0
195,29599,0.26515573,0.00000000,61.42000000,28.35883269,2.16658926,0.71170197,0.45819924,1.07757847,76.69117647,0.68000000,nan,0,16,0.88565820,0.12294600,1.39637768,0.46750000,0.00723378,0.99276622,0
196,29699,0.23670335,0.00000000,57.70000000,28.71593734,2.00942218,0.57638089,0.49872921,0.82446126,80.45833333,0.60000000,nan,0,17,0.88205838,0.11996368,1.83655014,0.45000000,0.00243323,0.99756677,0
197,29799,0.23906842,0.00000000,57.16000000,29.04908943,1.96753489,0.65375157,0.45910557,1.09769367,75.08730159,0.63000000,nan,0,18,0.89403812,0.12699603,1.89616634,0.47000000,0.00297366,0.99702634,0
198,29899,0.22803872,0.00000000,65.16000000,29.43352653,2.21400977,0.68954869,0.38913545,0.74249235,85.96875000,0.64000000,nan,0,19,0.88606203,0.12822144,1.84534366,0.50000000,-0.00225315,1.00225315,0
199,29999,0.24400095,0.00000000,57.06000000,29.79772884,1.91497816,0.58860906,0.51138089,1.03519203,77.67241379,0.58000000,nan,0,20,0.89351853,0.12917981,1.67666902,0.43500000,-0.01115567,1.01115567,0
200,30099,0.20156423,0.00000000,49.14000000,30.03866874,1.63540080,0.52384346,0.55356161,0.92125804,77.73404255,0.47000000,nan,0,20,0.89351853,0.12917981,4.35115647,0.36750000,0.00897117,0.99102883,0
201,30199,0.23308775,0.00000000,63.39000000,30.32766935,2.08912649,0.61898824,0.44594020,1.01263540,92.72222222,0.54000000,nan,0,21,0.89919076,0.12856403,2.46464179,0.43250000,0.01365397,0.98634603,0
202,30299,0.25660778,0.00000000,66.19000000,30.74358928,2.15304316,0.63254590,0.41691498,0.86650078,91.20000000,0.60000000,nan,0,22,0.89770485,0.12565907,1.51201621,0.49750000,-0.00355051,1.00355051,0
203,30399,0.30934168,0.00000000,79.79000000,31.19444652,2.55713359,0.86177731,0.40532348,0.69481898,86.64204545,0.88000000,nan,0,23,0.88888373,0.12985433,0.73803968,0.63500000,-0.00382695,1.00382695,0
204,30499,0.28836819,0.00000000,63.34000000,31.64421013,2.00142505,0.69531999,0.51594303,0.95552648,79.80303030,0.66000000,nan,0,24,0.89166051,0.12772652,1.32947446,0.49750000,0.00560047,0.99439953,0
205,30599,0.22775776,0.00000000,71.96000000,32.04778674,2.24576589,0.67286537,0.39991726,0.73619844,91.68115942,0.69000000,nan,0,25,0.88544202,0.12884506,1.13185992,0.54750000,0.00965014,0.99034986,0
206,30699,0.22558174,0.00000000,61.96000000,32.41196047,1.91162930,0.58295591,0.50249120,0.75000400,82.24218750,0.64000000,nan,0,26,0.88023287,0.12900591,1.82146571,0.48000000,-0.00307614,1.00307614,0
207,30799,0.21930473,0.00000000,60.82000000,32.71935406,1.85883931,0.61293745,0.48649223,0.73733945,78.27941176,0.68000000,nan,0,27,0.87494052,0.12945528,1.87249951,0.50000000,0.00150186,0.99849814,0
208,30899,0.19801809,0.00000000,65.29000000,33.00648453,1.97719490,0.67734387,0.35676731,0.63215943,79.79166667,0.72000000,nan,0,28,0.86626977,0.13506692,1.48034634,0.52000000,0.01217735,0.98782265,0
209,30999,0.23862659,0.00000000,75.78000000,33.43096491,2.26698884,0.73012686,0.43423568,0.65949888,90.12666667,0.75000000,nan,0,29,0.85913974,0.13807902,0.73511369,0.57000000,0.00370792,0.99629208,0
210,31099,0.43237940,0.17461626,58.60000000,33.73936084,1.73614428,0.53707130,1.07936076,3.88154844,91.66304348,0.46000000,nan,0,29,0.85913974,0.13807902,4.19997699,0.36750000,0.01981849,0.98018151,0
211,31199,0.29790546,0.27167837,47.52000000,34.00589392,1.39787727,0.43374042,0.83083393,3.91446364,90.10937500,0.32000000,nan,0,29,0.85913974,0.13807902,6.87717872,0.26500000,0.00146202,0.99853798,0
212,31299,0.18345926,0.12818788,72.22000000,34.21629869,2.11034040,0.65509529,0.33204703,0.91236985,93.55223881,0.67000000,nan,0,30,0.86091407,0.13602508,1.45346269,0.50000000,-0.01199730,1.01199730,0
213,31399,0.21010972,0.04092937,68.15000000,34.59564164,1.97018811,0.61780123,0.39708695,0.81818718,87.84375000,0.64000000,-0.31411038,0,31,0.86091407,0.13602508,1.08011813,0.51750000,0.00040057,0.99959943,0
214,31499,0.22997575,0.00000000,77.10000000,34.95240706,2.20561247,0.72571607,0.38945318,0.67861481,90.39240506,0.79000000,-1.35057212,0,32,0.85953579,0.13395877,1.33931557,0.54500000,-0.00051706,1.00051706,0
215,31599,0.26455637,0.00000000,77.26000000,35.39336305,2.18362100,0.71313071,0.48348830,0.77863574,91.61842105,0.76000000,-0.55488919,0,33,0.85388201,0.13560594,1.28030482,0.58250000,0.00725494,0.99274506,0
216,31699,0.22702309,0.00000000,73.21000000,35.73368947,2.04810459,0.64403294,0.47017990,0.78013392,93.49285714,0.70000000,-0.53289917,0,34,0.85160182,0.13411149,1.66056329,0.55000000,-0.00266823,1.00266823,0
217,31799,0.24114819,0.00000000,78.63000000,36.14096112,2.17566713,0.69735419,0.42023593,0.79202160,95.47368421,0.76000000,-0.43336807,0,35,0.84949982,0.13263140,1.71655043,0.56750000,-0.00580649,1.00580649,0
218,31899,0.28094522,0.00000000,81.63000000,36.54265301,2.23331883,0.74717245,0.49327759,0.77287886,95.62658228,0.79000000,-0.57223836,0,36,0.84785758,0.13102709,1.11594377,0.61250000,0.00803006,0.99196994,0
219,31999,0.28463155,0.00000000,81.23000000,36.98636900,2.19644414,0.75033147,0.47012508,0.78090890,90.81547619,0.84000000,-0.49994982,0,37,0.84577484,0.12974491,0.92591491,0.63500000,0.01221752,0.98778248,0
220,32099,0.21096037,0.14201205,35.68000000,37.18394467,0.95957235,0.19969994,1.32894548,2.88858189,58.50000000,0.28000000,nan,0,37,0.84402171,0.12837389,7.71302820,0.25000000,0.03416395,0.96583605,0
221,32199,0.27503268,0.29672745,39.44000000,37.19096501,1.06052122,0.26728101,1.22575717,5.22526009,91.26086957,0.23000000,nan,0,37,0.84402171,0.12837389,9.83267920,0.22750000,-0.00095027,1.00095027,0
222,32299,0.18001769,0.33433123,43.45000000,37.23057461,1.16710451,0.33025325,0.75392046,3.15779609,79.12500000,0.28000000,nan,0,37,0.84402171,0.12837389,5.69806307,0.28500000,0.01342838,0.98657162,0
223,32399,0.14922117,0.26338151,58.65000000,37.32479070,1.57102298,0.45771056,0.53471703,1.91168944,93.11458333,0.48000000,nan,0,37,0.84402171,0.12837389,6.12473676,0.38250000,0.00226127,0.99773873,0
224,32499,0.17527851,0.06703621,88.49000000,37.66213263,2.34927251,0.74570273,0.27668787,0.78710975,100.87951807,0.83000000,-0.44332973,0,38,0.84402171,0.12837389,1.07048656,0.61500000,-0.01083508,1.01083508,0
225,32599,0.20023957,0.00000000,83.63000000,38.09572147,2.19509717,0.70675294,0.34344008,0.81294932,100.59868421,0.76000000,-0.23293890,0,39,0.84252403,0.12696334,1.12623437,0.58500000,0.01003493,0.98996507,0
226,32699,0.23647184,0.00000000,83.71000000,38.50010858,2.17420278,0.69746376,0.42120315,0.72422401,99.09615385,0.78000000,-0.93755001,0,40,0.84176570,0.12537111,1.01479229,0.60250000,-0.00110556,1.00110556,0
227,32799,0.28132740,0.00000000,85.75000000,38.90322593,2.20410080,0.70441949,0.51005361,0.86511058,104.65333333,0.75000000,0.21003032,0,41,0.83882716,0.12514109,1.19373747,0.59000000,0.00184636,0.99815364,0
228,32899,0.22050638,0.00000000,84.99000000,39.32576260,2.16169084,0.70375784,0.39295211,0.62772754,103.83108108,0.74000000,-1.71262610,0,42,0.83946822,0.12363509,0.96020399,0.61500000,-0.00437665,1.00437665,0
229,32999,0.27744678,0.00000000,77.97000000,39.67920440,1.96522319,0.64360526,0.51779552,1.00557110,95.89864865,0.74000000,1.35384872,0,43,0.83442677,0.12641319,1.35383956,0.55500000,0.00501483,0.99498517,0
230,33099,0.22519952,0.00000000,61.44000000,39.88329201,1.53992729,0.50549532,0.53042041,1.12559858,96.50000000,0.54000000,2.25077243,0,44,0.83840687,0.12759695,3.21377878,0.44500000,0.00358038,0.99641962,0
231,33199,0.21010575,0.00000000,81.43000000,40.20947750,2.02559941,0.64015754,0.47750833,0.97419906,99.72972973,0.74000000,0.96951275,0,45,0.84493396,0.13332996,2.03489571,0.56750000,0.00102313,0.99897687,0
232,33299,0.19779673,0.00000000,76.31000000,40.52111914,1.88333780,0.58704108,0.44735532,0.80381479,95.03472222,0.72000000,-0.33025015,0,46,0.84780651,0.13320728,1.77330774,0.52750000,0.00222163,0.99777837,0
233,33399,0.18284992,0.00000000,72.25000000,40.81816078,1.77045917,0.57829347,0.44389843,0.82576529,89.11111111,0.72000000,-0.15988112,0,47,0.84685017,0.13187849,1.51467702,0.51250000,0.00021407,0.99978593,0
234,33499,0.19980626,0.00000000,78.20000000,41.07589249,1.90372158,0.59370292,0.41550227,0.84941439,94.48701299,0.77000000,0.02309156,0,48,0.84640156,0.13047341,1.47086710,0.56250000,0.00221130,0.99778870,0
235,33599,0.21475215,0.00000000,78.86000000,41.37742366,1.90571628,0.58485980,0.46869088,0.84315101,98.51388889,0.72000000,-0.02566895,0,49,0.84646433,0.12907866,1.58648246,0.54000000,-0.00207563,1.00207563,0
236,33699,0.22093261,0.00000000,76.93000000,41.68674868,1.84557051,0.56946707,0.49074267,0.99724342,98.30281690,0.71000000,1.18100059,0,50,0.84639671,0.12772789,2.09385338,0.53500000,-0.01431552,1.01431552,0
237,33799,0.23145869,0.00000000,82.55000000,41.99621864,1.96589356,0.62587681,0.49073237,0.83737466,103.45833333,0.72000000,-0.09390405,0,51,0.84941364,0.12820516,1.50902956,0.57250000,-0.00338938,1.00338938,0
238,33899,0.31186354,0.00000000,92.49000000,42.34422304,2.18413016,0.69010063,0.50050908,1.07679750,108.85443038,0.79000000,1.79330195,0,52,0.84917758,0.12692782,0.78032661,0.64250000,0.01635439,0.98364561,0
239,33999,0.26377736,0.00000000,106.39000000,42.80234361,2.48573088,0.76891567,0.39512868,0.72172508,120.45238095,0.84000000,-1.01735736,0,53,0.85355489,0.12958063,0.73109444,0.65500000,0.00111615,0.99888385,0
240,34099,0.19238383,0.02072319,57.53000000,43.07624157,1.33531983,0.38105755,0.72044256,1.70899311,94.61224490,0.49000000,nan,0,53,0.85106753,0.12959992,4.53002848,0.41000000,0.02155291,0.97844709,0
241,34199,0.22470757,0.00000000,90.88000000,43.36993901,2.09599527,0.65069163,0.40629172,0.75855329,104.94444444,0.81000000,-0.71384487,0,54,0.85106753,0.12959992,0.93265055,0.61250000,-0.00831964,1.00831964,0
242,34299,0.26504950,0.00000000,96.17000000,43.75174921,2.19851724,0.66038382,0.45940602,0.84171841,105.26966292,0.89000000,-0.05919884,0,55,0.84935431,0.12898732,0.95838029,0.62500000,-0.00614114,1.00614114,0
243,34399,0.25848171,0.00000000,89.58000000,44.12605579,2.03041060,0.64931947,0.55667793,0.90742003,109.13636364,0.77000000,0.45546477,0,56,0.84921547,0.12779156,1.34364503,0.59750000,0.00053866,0.99946134,0
244,34499,0.27377368,0.00000000,91.33000000,44.45987136,2.05409478,0.63082481,0.51757772,1.02378327,109.78205128,0.78000000,1.36783954,0,57,0.85025484,0.12686315,1.29687402,0.60250000,0.00215111,0.99784889,0
245,34599,0.26301815,0.00000000,88.13000000,44.82445095,1.96649116,0.65703845,0.46893824,0.94467896,101.52439024,0.82000000,0.71497120,0,58,0.85329920,0.12780901,0.86363174,0.62750000,0.01281344,0.98718656,0
246,34699,0.26882637,0.00000000,101.84000000,45.17536442,2.25415317,0.67069605,0.49818241,1.00061177,120.79012346,0.81000000,1.14528252,0,59,0.85487471,0.12724988,1.75554586,0.62750000,-0.00690326,1.00690326,0
247,34799,0.27712550,0.00000000,98.62000000,45.57289471,2.16353094,0.68093533,0.46815325,0.84553344,108.38636364,0.88000000,-0.09258969,0,60,0.85734483,0.12756700,0.86226429,0.67000000,-0.00143502,1.00143502,0
248,34899,0.32956487,0.00000000,92.57000000,45.95791903,2.01416674,0.68961571,0.58342218,1.13006883,108.35000000,0.80000000,2.15763933,0,61,0.85714797,0.12649049,1.03962061,0.61250000,0.00609196,0.99390804,0
249,34999,0.20569969,0.00000000,97.60000000,46.35100269,2.10641880,0.67255291,0.44121310,0.70806477,117.13924051,0.79000000,-1.17931854,0,62,0.86162209,0.13020852,1.65523220,0.63500000,0.00809733,0.99190267,0
250,35099,0.14437219,0.00000000,67.07000000,46.54309415,1.44067478,0.42898467,0.49086875,0.86545582,102.64035088,0.57000000,0.04831865,0,63,0.85914536,0.13060107,2.61140138,0.46000000,0.00156050,0.99843950,0
251,35199,0.20323553,0.00000000,85.25000000,46.78611033,1.82194526,0.59493108,0.46063178,0.92071343,104.65333333,0.75000000,0.47448710,0,64,0.85924552,0.12954600,1.90050567,0.58750000,0.00552173,0.99447827,0
252,35299,0.22676454,0.00000000,92.91000000,47.09356063,1.97276727,0.61552797,0.44689000,0.85364716,109.23750000,0.80000000,-0.05094483,0,65,0.86020596,0.12874322,1.23634976,0.61500000,0.00599137,0.99400863,0
253,35399,0.21499542,0.00000000,98.21000000,47.45436791,2.06980412,0.63590758,0.44102347,0.70298488,112.16867470,0.83000000,-1.23003782,0,66,0.86010505,0.12773605,0.82818326,0.65000000,0.00513662,0.99486338,0
254,35499,0.35617663,0.00000000,112.23000000,47.87404279,2.34490998,0.75271829,0.52193396,0.86910349,126.99418605,0.86000000,0.08874856,0,67,0.85772444,0.12821668,1.18495322,0.65750000,0.00027153,0.99972847,0
255,35599,0.32204479,0.00000000,123.67000000,48.34671278,2.55810202,0.79728820,0.46325020,0.72890757,135.30337079,0.89000000,-1.01365423,0,68,0.85789428,0.12724923,0.71605893,0.72750000,-0.00250547,1.00250547,0
256,35699,0.23392661,0.00000000,99.92000000,48.80153026,2.04781016,0.69067548,0.47389551,0.76305027,118.63750000,0.80000000,-0.73036642,0,69,0.85599742,0.12726099,1.04207091,0.66250000,-0.00097243,1.00097243,0
257,35799,0.25283958,0.00000000,102.12000000,49.16224804,2.07752508,0.69103750,0.44615662,0.66711397,120.59375000,0.80000000,-1.47880242,0,70,0.85465036,0.12681639,0.90686722,0.65250000,-0.00331456,1.00331456,0
258,35899,0.32167478,0.00000000,120.47000000,49.56908354,2.43019649,0.80172727,0.43514749,0.57907708,131.97191011,0.89000000,-2.13408752,0,71,0.85197127,0.12787395,0.60487727,0.73500000,0.00433105,0.99566895,0
259,35999,0.35564737,0.00000000,119.84000000,50.06011969,2.39404260,0.76444370,0.55801332,0.71986396,131.43820225,0.89000000,-0.97894019,0,72,0.84812769,0.13102305,0.66792809,0.71500000,-0.01614190,1.01614190,0
260,36099,0.17470231,0.00000000,83.14000000,50.35377259,1.65046547,0.51353720,0.59169732,0.96430152,120.63934426,0.61000000,0.90061230,0,73,0.84634625,0.13097231,4.38682620,0.51500000,0.01586397,0.98413603,0
261,36199,0.23540646,0.00000000,119.09000000,50.77559893,2.34620544,0.73881420,0.43344487,0.64121377,126.60869565,0.92000000,-1.58076214,0,74,0.84796207,0.13079027,0.60382997,0.70000000,-0.00448128,1.00448128,0
262,36299,0.24239883,0.00000000,117.01000000,51.20020357,2.28545049,0.72387179,0.40402659,0.64904449,131.33139535,0.86000000,-1.48470384,0,75,0.84516818,0.13209617,0.76034546,0.69000000,-0.00058350,1.00058350,0
263,36399,0.26925649,0.00000000,117.45000000,51.65209605,2.27429572,0.71440012,0.48402714,0.76927484,126.17582418,0.91000000,-0.55038270,0,76,0.84255319,0.13314073,0.55556225,0.68250000,0.00196175,0.99803825,0
264,36499,0.19935187,0.00000000,100.44000000,52.02076323,1.93088926,0.62454717,0.44427685,0.73040093,108.97752809,0.89000000,-0.83904764,0,77,0.84158900,0.13251700,0.71984493,0.65500000,-0.00122173,1.00122173,0
265,36599,0.20806005,0.00000000,96.12000000,52.32414105,1.83711940,0.61931531,0.47719690,0.92061268,110.25301205,0.83000000,0.60844803,0,78,0.84014500,0.13225070,1.15479980,0.64500000,0.00973600,0.99026400,0
266,36699,0.20744173,0.00000000,92.65000000,52.59028504,1.76172109,0.56760542,0.48214521,0.75507942,110.60897436,0.78000000,-0.65371429,0,79,0.84117664,0.13170466,0.95220965,0.60750000,-0.00356724,1.00356724,0
267,36799,0.18790103,0.00000000,95.44000000,52.86271356,1.80548790,0.55381849,0.43321463,0.78957985,118.36000000,0.75000000,-0.38491546,0,80,0.84008680,0.13121571,1.02795880,0.59750000,0.00595689,0.99404311,0
268,36899,0.27678522,0.00000000,107.91000000,53.14798637,2.02988449,0.66226462,0.51042536,0.83053033,120.35465116,0.86000000,-0.06838931,0,81,0.83945546,0.13050481,0.86044200,0.64500000,0.00677491,0.99322509,0
269,36999,0.24639589,0.00000000,101.23000000,53.50060127,1.89211432,0.60858516,0.54436649,0.74700047,118.70987654,0.81000000,-0.71204055,0,82,0.83934528,0.12969038,0.98773875,0.64000000,0.00592113,0.99407887,0
270,37099,0.08661121,0.00601207,49.95000000,53.63016938,0.93142017,0.21571259,0.94168438,2.36544915,82.82954545,0.44000000,nan,0,82,0.83821912,0.12929014,7.11871871,0.32750000,-0.00680538,1.00680538,0
271,37199,0.14219303,0.00000000,113.80000000,53.82968508,2.11430709,0.58767770,0.33758256,0.72465631,135.51250000,0.80000000,-0.87835635,0,83,0.83821912,0.12929014,1.05015550,0.65500000,0.01311307,0.98688693,0
272,37299,0.20560871,0.00000000,103.91000000,54.19211307,1.91789359,0.66839229,0.41855433,0.70955050,116.97674419,0.86000000,-0.98604093,0,84,0.83685090,0.12910254,0.88086841,0.68000000,0.00182149,0.99817851,0
273,37399,0.22479476,0.00000000,119.64000000,54.51763957,2.19440531,0.68135354,0.40196557,0.57988658,138.43373494,0.83000000,-1.97911922,0,85,0.83533541,0.12907198,0.88205093,0.69000000,0.00505921,0.99494079,0
274,37499,0.21920705,0.00000000,103.93000000,54.86899697,1.89400377,0.62277882,0.46980377,0.81885021,119.69047619,0.84000000,-0.10269710,0,86,0.83233013,0.13125907,1.14730494,0.62500000,0.00192417,0.99807583,0
275,37599,0.18533344,0.00000000,100.65000000,55.16364316,1.82447876,0.57192992,0.46422429,0.79440806,118.35185185,0.81000000,-0.28940557,0,87,0.83217339,0.13049277,1.23276694,0.60500000,0.01085039,0.98914961,0
276,37699,0.31390079,0.00000000,112.86000000,55.49655177,2.03384691,0.69016565,0.50231999,0.82800543,129.14285714,0.84000000,-0.02876752,0,88,0.83173931,0.12979503,0.70749482,0.66000000,0.00546996,0.99453004,0
277,37799,0.29751232,0.00000000,118.82000000,55.85194374,2.12740911,0.68418146,0.48895974,0.69954177,131.40340909,0.88000000,-1.02408077,0,89,0.83169688,0.12904754,0.61675792,0.69750000,0.00178752,0.99821248,0
278,37899,0.25227576,0.00000000,110.78000000,56.19801689,1.97107060,0.64157213,0.46574494,0.73766515,128.06626506,0.83000000,-0.71700250,0,90,0.83021199,0.12907464,0.94291029,0.65750000,0.00099639,0.99900361,0
279,37999,0.15884078,0.00000000,98.20000000,56.49438143,1.73816711,0.56105162,0.38089660,0.64093231,111.56024096,0.83000000,-1.46251407,0,91,0.82918369,0.12871765,0.74134341,0.62000000,0.00872542,0.99127458,0
280,38099,0.13325614,0.00000000,68.69000000,56.64606151,1.21257701,0.35506935,0.79057847,1.37272200,95.50793651,0.63000000,4.21276354,1,91,0.82711499,0.12951285,3.09719907,0.46250000,-0.00611141,1.00611141,0
281,38199,0.28200868,0.00000000,131.72000000,56.92777670,2.31405787,0.70482580,0.44995832,0.73868392,142.35555556,0.90000000,-0.68279769,0,92,0.82711499,0.12951285,0.41552079,0.73250000,0.01058620,0.98941380,0
282,38299,0.19449341,0.00000000,96.84000000,57.26926384,1.69112231,0.51657557,0.47167989,0.71784459,116.49358974,0.78000000,-0.83876851,0,93,0.82615378,0.12912883,1.15029670,0.61500000,-0.00363982,1.00363982,0
283,38399,0.24728245,0.00000000,131.36000000,57.61461545,2.28055922,0.68101609,0.42790363,0.70977842,145.62068966,0.87000000,-0.89369351,0,94,0.82498917,0.12891528,0.54977047,0.69750000,-0.00101770,1.00101770,0
284,38499,0.25909388,0.00000000,114.59000000,57.98611952,1.97642650,0.62427920,0.48444401,0.72170453,130.50000000,0.84000000,-0.79256946,0,95,0.82376352,0.12876978,0.64245382,0.69000000,-0.00390636,1.00390636,0
285,38599,0.28359880,0.00000000,124.15000000,58.32616862,2.12854579,0.69640780,0.50962761,0.82815664,133.74725275,0.91000000,0.04254463,0,96,0.82268922,0.12851031,0.73519031,0.72500000,0.00379887,0.99620113,0
286,38699,0.26610168,0.00000000,113.60000000,58.68077166,1.93598288,0.66973400,0.46189890,0.74468382,128.26744186,0.86000000,-0.61065707,0,97,0.82274617,0.12783337,0.80143116,0.67250000,0.00229955,0.99770045,0
287,38799,0.27443265,0.00000000,128.50000000,59.03070711,2.17679559,0.72711877,0.41911586,0.76036701,141.34269663,0.89000000,-0.48326770,0,98,0.82194140,0.12741259,0.56702578,0.72000000,0.01316000,0.98684000,0
288,38899,0.27233895,0.00000000,125.00000000,59.41347448,2.10380720,0.70173736,0.48112429,0.69555887,135.32967033,0.91000000,-0.99091913,0,99,0.82131309,0.12690664,0.61744714,0.73250000,0.00175635,0.99824365,0
289,38999,0.22954995,0.00000000,123.96000000,59.76597482,2.07371575,0.63022633,0.46429233,0.68108637,138.64367816,0.87000000,-1.09510682,0,100,0.82004285,0.12688851,0.61676501,0.71000000,0.01021835,0.98978165,0
290,39099,0.33258153,0.10902616,98.98000000,60.10623327,1.64705618,0.49335659,0.87055172,2.33360264,124.39189189,0.74000000,11.92793986,1,100,0.81865328,0.12700847,3.09123485,0.54750000,-0.00039357,1.00039357,0
291,39199,0.18641152,0.00000000,122.96000000,60.36412935,2.03699391,0.60532648,0.42943383,0.83708192,137.24712644,0.87000000,0.14509767,0,101,0.81865328,0.12700847,1.07207538,0.68250000,0.00335765,0.99664235,0
292,39299,0.20007756,0.00000000,117.87000000,60.69366457,1.94197929,0.62220001,0.41227013,0.73170344,130.27840909,0.88000000,-0.68941895,0,102,0.81883575,0.12638513,0.75963146,0.69250000,0.01374845,0.98625155,0
293,39399,0.21167805,0.00000000,120.13000000,61.02769589,1.96856276,0.57864994,0.44984334,0.81589060,129.91111111,0.90000000,-0.01658749,0,103,0.81798151,0.12605349,0.67019748,0.68500000,-0.00008286,1.00008286,0
294,39499,0.23764734,0.00000000,112.33000000,61.34861556,1.83133081,0.57280888,0.57911936,0.96719998,129.07228916,0.83000000,1.18977708,0,104,0.81796121,0.12543423,0.89166411,0.67000000,-0.00479498,1.00479498,0
295,39599,0.20126102,0.00000000,113.67000000,61.60576131,1.84509305,0.58843762,0.46692330,0.81138161,131.34523810,0.84000000,-0.06377039,0,105,0.81939620,0.12567875,1.11872132,0.65500000,0.00051492,0.99948508,0
296,39699,0.21968896,0.00000000,119.06000000,61.94027039,1.92268562,0.59944549,0.51000571,0.82422482,140.76219512,0.82000000,0.03921592,0,106,0.81931987,0.12507551,1.29821394,0.64750000,0.01831428,0.98168572,0
297,39799,0.14054003,0.00000000,114.61000000,62.22772793,1.84211067,0.53001906,0.40745366,0.76267635,133.08433735,0.83000000,-0.45541507,0,107,0.81936614,0.12447940,0.98108164,0.64750000,-0.01483544,1.01483544,0
298,39899,0.25711875,0.00000000,127.09000000,62.52981885,2.03263138,0.64323465,0.49435195,0.76061614,139.69662921,0.89000000,-0.46947224,0,108,0.81883633,0.12401199,0.62067480,0.71000000,0.00775766,0.99224234,0
299,39999,0.31372289,0.00000000,145.42000000,62.92923609,2.31114325,0.72186679,0.49854325,0.81587927,154.10752688,0.93000000,-0.01956960,0,109,0.81829725,0.12355821,0.32460343,0.77750000,0.00018736,0.99981264,0
300,40099,0.21536737,0.00000000,108.19000000,63.22389044,1.71086200,0.56195625,0.60143324,1.15913706,134.46103896,0.77000000,2.77157214,0,110,0.81827507,0.12298507,3.61764674,0.60250000,0.00358378,0.99641622,0
301,40199,0.28913193,0.00000000,122.37000000,63.53515421,1.92606481,0.60449745,0.55287266,0.85947637,139.65882353,0.85000000,0.30082497,0,111,0.82137382,0.12666020,0.91427495,0.65000000,-0.01479737,1.01479737,0
302,40299,0.21135935,0.00000000,126.67000000,63.87008656,1.98350031,0.56566841,0.47073454,0.92727790,141.79885057,0.87000000,0.83688753,0,112,0.82171708,0.12613502,0.86421448,0.67000000,0.00667393,0.99332607,0
303,40399,0.24192770,0.00000000,111.88000000,64.17769507,1.74366988,0.55132381,0.59938584,0.96373570,137.31410256,0.78000000,1.11999739,0,113,0.82265959,0.12596111,1.72039972,0.61500000,0.00679028,0.99320972,0
304,40499,0.21788888,0.00000000,116.14000000,64.39935016,1.80335527,0.61611642,0.47768387,1.00189453,134.72891566,0.83000000,1.41149502,0,114,0.82390805,0.12609784,0.90403011,0.65250000,0.00972604,0.99027396,0
305,40599,0.23706790,0.00000000,122.84000000,64.69313508,1.89883400,0.60260277,0.49970878,1.07890303,133.09340659,0.91000000,2.00120427,0,115,0.82546933,0.12664059,0.99086212,0.67250000,0.01191489,0.98808511,0
306,40699,0.23957039,0.00000000,146.46000000,65.06015622,2.25128936,0.70375651,0.38660038,0.81294087,151.60416667,0.96000000,-0.11484467,0,116,0.82767311,0.12827964,0.44604723,0.78000000,0.01574986,0.98425014,0
307,40799,0.24912633,0.00000000,129.87000000,65.42179796,1.98501417,0.64030989,0.56417772,0.94843958,145.60344828,0.87000000,0.94649146,0,117,0.82754610,0.12772801,1.12975805,0.69000000,0.01462543,0.98537457,0
308,40899,0.25520841,0.00000000,131.61000000,65.76934824,2.00118462,0.65801103,0.46222344,0.85942764,145.82386364,0.88000000,0.24163166,0,118,0.82857938,0.12766644,0.56381370,0.70750000,0.00470961,0.99529039,0
309,40999,0.24150408,0.00000000,135.01000000,66.11855429,2.04212653,0.69486369,0.46534014,0.73504940,144.76086957,0.92000000,-0.73763564,0,119,0.82884081,0.12715140,0.53289353,0.74500000,0.00568196,0.99431804,0
310,41099,0.23021130,0.01382695,101.65000000,66.34623720,1.53192007,0.46582470,0.72674726,1.13970881,131.52112676,0.71000000,2.45585990,0,120,0.82805264,0.12690307,3.67074511,0.57000000,0.00316876,0.99683124,0
311,41199,0.24337100,0.00000000,142.32000000,66.67251522,2.13498599,0.68312108,0.42422997,0.85231238,154.26373626,0.91000000,0.16723777,0,121,0.83064978,0.12953174,0.66675356,0.73500000,0.01720502,0.98279498,0
312,41299,0.27112309,0.00000000,148.38000000,67.05978874,2.21291675,0.72374596,0.43739392,0.89296511,157.62365591,0.93000000,0.48165465,0,122,0.83082881,0.12900593,0.64859213,0.73750000,0.01584279,0.98415721,0
313,41399,0.23632277,0.00000000,137.13000000,67.43918227,2.03363586,0.65802132,0.43697650,0.78754893,150.91011236,0.89000000,-0.34052056,0,123,0.83133812,0.12859485,0.61931946,0.72250000,-0.00689060,1.00689060,0
314,41499,0.28990780,0.00000000,136.89000000,67.76840530,2.01997113,0.69636375,0.48919120,0.85506613,158.30952381,0.84000000,0.18796899,0,124,0.83098211,0.12812758,1.03850582,0.69250000,0.00350090,0.99649910,0
315,41599,0.27861622,0.00000000,151.75000000,68.16478189,2.22655750,0.75577939,0.41467494,0.76546206,160.93548387,0.93000000,-0.51490530,0,125,0.83117634,0.12762401,0.45231898,0.78000000,-0.00867022,1.00867022,0
316,41699,0.26672822,0.00000000,133.82000000,68.50943247,1.95325404,0.65028329,0.49952585,0.87723311,147.21910112,0.89000000,0.36608737,0,126,0.83065062,0.12724417,0.67106900,0.71000000,0.00491368,0.99508632,0
317,41799,0.24640414,0.00000000,136.56000000,68.83738359,1.98378326,0.60795744,0.47808264,0.74867681,145.01612903,0.93000000,-0.64938605,0,127,0.83102033,0.12680210,0.74242868,0.71500000,0.00764683,0.99235317,0
318,41899,0.27776153,0.00000000,150.20000000,69.19404946,2.17058142,0.68313243,0.46139790,0.74002757,158.73655914,0.93000000,-0.71413343,0,128,0.83037195,0.12650910,0.34690594,0.75750000,0.00448240,0.99551760,0
319,41999,0.28823076,0.00000000,143.97000000,69.57008884,2.06929061,0.66188755,0.51925490,0.74305043,155.21739130,0.92000000,-0.68599538,0,129,0.82966614,0.12626282,1.29690451,0.75000000,0.01491269,0.98508731,0
320,42099,0.15880793,0.00000000,108.44000000,69.80422717,1.55311580,0.47642172,0.43343814,1.12046518,140.34722222,0.72000000,2.31326455,0,130,0.82899470,0.12599963,1.89281822,0.60500000,-0.00133763,1.00133763,0
321,42199,0.27090713,0.00000000,132.57000000,70.09386420,1.89131276,0.59997441,0.51525498,0.74409479,151.31176471,0.85000000,-0.68033312,0,131,0.83123678,0.12808723,0.85013004,0.68750000,0.01135437,0.98864563,0
322,42299,0.23420406,0.00000000,139.29000000,70.41484170,1.97821514,0.61519322,0.49137885,0.78606803,149.26630435,0.92000000,-0.34817190,0,132,0.83057157,0.12782059,0.71681340,0.73750000,0.00151663,0.99848337,0
323,42399,0.25117234,0.00000000,150.47000000,70.74982310,2.12658773,0.69478152,0.41387667,0.61975205,163.04395604,0.91000000,-1.65225860,0,133,0.83023442,0.12739070,0.54363856,0.74500000,-0.00115099,1.00115099,0
324,42499,0.26270010,0.00000000,162.17000000,71.17567955,2.27860630,0.73084779,0.41561259,0.59447208,171.08510638,0.94000000,-1.82649129,0,134,0.82865185,0.12821291,0.37565566,0.80000000,0.00539382,0.99460618,0
325,42599,0.27448089,0.00000000,156.24000000,71.59050120,2.18257640,0.64697830,0.48478054,0.63697507,169.19230769,0.91000000,-1.46865201,0,135,0.82690424,0.12932211,0.65585981,0.73000000,0.00024706,0.99975294,0
326,42699,0.26740071,0.00000000,175.28000000,72.02779399,2.43361321,0.80559406,0.40199264,0.66752852,179.98969072,0.97000000,-1.21634714,0,136,0.82549736,0.12987151,0.29609900,0.83000000,0.01111933,0.98888067,0
327,42799,0.29153840,0.00000000,170.44000000,72.48474273,2.35125119,0.77803729,0.47995753,0.62985631,178.26315789,0.95000000,-1.49488406,0,137,0.82433582,0.13009672,0.56482614,0.79500000,-0.00150203,1.00150203,0
328,42899,0.28480516,0.00000000,160.74000000,72.91862629,2.20428033,0.73614048,0.47631316,0.69028904,170.70967742,0.93000000,-1.01491500,0,138,0.82291626,0.13067816,0.36657505,0.75250000,-0.00075792,1.00075792,0
329,42999,0.25646337,0.00000000,157.36000000,73.33908908,2.14591607,0.66509492,0.46558445,0.74034204,165.98404255,0.94000000,-0.62448409,0,139,0.82195520,0.13068894,0.49454677,0.73750000,0.00580844,0.99419156,0
330,43099,0.28587032,0.03900287,113.65000000,73.63762996,1.54359053,0.52215686,0.78568835,3.62428487,146.26027397,0.73000000,21.49501917,1,139,0.82136805,0.13039843,3.82079552,0.53750000,0.00316323,0.99683677,0
331,43199,0.25605617,0.00000000,152.05000000,73.88190522,2.05805836,0.63671284,0.51374140,0.83211308,169.46590909,0.88000000,0.08240150,0,140,0.82136805,0.13039843,1.26016699,0.71750000,0.01255190,0.98744810,0
332,43299,0.23129059,0.00000000,166.64000000,74.27695231,2.24363988,0.69991822,0.38875201,0.70264924,175.72340426,0.94000000,-0.91429237,0,141,0.82144480,0.12993170,0.49077317,0.75500000,0.00766627,0.99233373,0
333,43399,0.25673924,0.00000000,165.54000000,74.70275973,2.21628116,0.70385632,0.48407796,0.66917449,179.65934066,0.91000000,-1.16614965,0,142,0.82060228,0.12985279,0.73244475,0.74000000,-0.00176609,1.00176609,0
334,43499,0.28083295,0.00000000,184.86000000,75.16373145,2.45992478,0.80026880,0.43631529,0.62852767,195.29255319,0.94000000,-1.46913568,0,143,0.81953589,0.13001401,0.59759889,0.80500000,0.00549159,0.99450841,0
335,43599,0.26625322,0.00000000,160.39000000,75.58268552,2.12213413,0.69900253,0.47721536,0.78476710,170.66129032,0.93000000,-0.25612075,0,144,0.81820017,0.13053634,0.61393913,0.75500000,0.00055898,0.99944102,0
336,43699,0.25936668,0.00000000,168.06000000,75.98665684,2.21191803,0.72512646,0.43719515,0.63664378,175.48421053,0.95000000,-1.39363363,0,145,0.81796799,0.13010895,0.43857082,0.77250000,0.01131739,0.98868261,0
337,43799,0.24724412,0.00000000,174.03000000,76.41981854,2.27768264,0.70497172,0.43177098,0.67055356,183.42021277,0.94000000,-1.11979072,0,146,0.81671748,0.13052789,0.36797459,0.78500000,-0.00032737,1.00032737,0
338,43899,0.25567087,0.00000000,176.47000000,76.82817529,2.29682584,0.76375180,0.44077718,0.71664510,178.39393939,0.99000000,-0.75836324,0,147,0.81571636,0.13063827,0.34941647,0.81000000,-0.00363920,1.00363920,0
339,43999,0.28934244,0.00000000,176.22000000,77.28850730,2.28027051,0.70224510,0.50684317,0.98260624,185.74468085,0.94000000,1.28454278,0,148,0.81504240,0.13044629,0.60468846,0.79250000,0.01596179,0.98403821,0
340,44099,0.36131393,0.17156533,112.81000000,77.56970905,1.45430702,0.43233555,1.22541458,3.90398716,145.28169014,0.71000000,23.61986835,1,148,0.81617459,0.13072946,3.58781559,0.51750000,0.01765364,0.98234636,0
341,44199,0.18131748,0.13567473,116.88000000,77.69227990,1.50414372,0.45720364,0.66550093,2.45468223,161.92537313,0.67000000,12.53357642,2,148,0.81617459,0.13072946,4.60852611,0.55000000,-0.00256667,1.00256667,0
342,44299,0.23240811,0.00000000,181.29000000,78.04996364,2.32285176,0.74553905,0.37473042,0.68370088,191.24468085,0.94000000,-1.01334244,0,149,0.81617459,0.13072946,0.42855453,0.81500000,0.00788875,0.99211125,0
343,44399,0.28065472,0.00000000,199.08000000,78.53061511,2.53508188,0.75308343,0.39242366,0.64740739,204.45876289,0.97000000,-1.28407780,0,150,0.81528551,0.13073828,0.26717709,0.84250000,0.01058940,0.98941060,0
344,44499,0.30913601,0.00000000,195.30000000,79.05992274,2.47060300,0.79518539,0.42420627,0.53368408,201.02061856,0.97000000,-2.14079458,0,151,0.81416632,0.13101782,0.31225837,0.83000000,-0.00563263,1.00563263,0
345,44599,0.19659231,0.00000000,186.84000000,79.52825073,2.34941558,0.75190230,0.29800666,0.43682085,188.71717172,0.99000000,-2.83258286,0,152,0.81230882,0.13256028,0.29441775,0.82000000,0.01573988,0.98426012,0
346,44699,0.27085848,0.00000000,175.31000000,79.98226293,2.19220774,0.65539655,0.49037093,0.70970225,184.57446809,0.94000000,-0.73854693,0,153,0.80983850,0.13558550,0.47198325,0.74250000,-0.00209079,1.00209079,0
347,44799,0.24498431,0.00000000,191.74000000,80.40809611,2.38471084,0.75501403,0.42007055,0.66121089,195.11734694,0.98000000,-1.09301233,0,154,0.80918402,0.13538103,0.27579094,0.82500000,0.02169311,0.97830689,0
348,44899,0.35540342,0.01088740,175.44000000,80.84076545,2.17021295,0.74340934,0.54982827,0.72129730,181.76041667,0.96000000,-0.64169113,0,155,0.80822315,0.13546370,0.41813394,0.80250000,0.00302907,0.99697093,0
349,44999,0.25031028,0.00000000,187.24000000,81.26659727,2.30406304,0.72756521,0.47205664,0.65496713,191.09183673,0.98000000,-1.12937270,0,156,0.80766234,0.13520357,0.37482836,0.81750000,0.00832067,0.99167933,0
350,45099,0.04184413,0.01674342,48.64000000,81.44368715,0.59713091,0.07610602,0.77359617,4.73884905,92.08108108,0.37000000,nan,0,156,0.80668353,0.13532010,6.17965099,0.33250000,-0.00156599,1.00156599,0
351,45199,0.14104189,0.07004638,75.30000000,81.32920415,0.92589458,0.20657932,0.90649629,3.88373911,129.52222222,0.45000000,nan,0,156,0.80668353,0.13532010,5.90267390,0.35500000,0.02025494,0.97974506,0
352,45299,0.19476785,0.00000000,154.86000000,81.42072304,1.90135329,0.56308041,0.49010522,1.37978320,196.86184211,0.76000000,4.23514084,1,156,0.80668353,0.13532010,2.28099508,0.66500000,-0.00062092,1.00062092,0
