step,surprise_raw,surprise_clipped,state_action_pseudo_count,familiarity,e_t,block_E_k,W_k,block_completed,warmup_remaining,regime_change,mean_total_var,mean_epistemic_var,gradient_coherence,gradient_novelty,predictor_nll
0,2.24152279,2.24152279,0,0.00000000,0.00000000,nan,0.00000000,0,9999,0,1.00030839,0.00001033,nan,nan,36.70994873
100,4.92879248,4.92879248,0,0.00000000,0.00000000,nan,0.00000000,0,9899,0,2.02097440,0.08398070,-0.01215706,1.01215706,74.67256292
200,0.20478837,0.20478837,0,0.00000000,0.00000000,nan,0.00000000,0,9799,0,42.00268173,0.43620008,-0.00058761,1.00058761,24.11175156
300,0.99642181,0.99642181,0,0.00000000,0.00000000,nan,0.00000000,0,9699,0,24.88005638,0.23717465,0.01423969,0.98576031,30.46968937
400,0.58245826,0.58245826,0,0.00000000,0.00000000,nan,0.00000000,0,9599,0,27.70998192,0.21766268,0.00259292,0.99740708,27.61535263
500,0.81032538,0.81032538,0,0.00000000,0.00000000,nan,0.00000000,0,9499,0,16.93787193,0.13599020,0.00253297,0.99746703,28.68995953
600,0.84079796,0.84079796,0,0.00000000,0.00000000,nan,0.00000000,0,9399,0,8.85818863,0.09426587,0.05498537,0.94501463,28.71335506
700,0.72062397,0.72062397,0,0.00000000,0.00000000,nan,0.00000000,0,9299,0,49.44066620,0.29258016,-0.01733337,1.01733337,28.60645648
800,1.22489130,1.22489130,0,0.00000000,0.00000000,nan,0.00000000,0,9199,0,7.81925297,0.06472425,0.08103597,0.91896403,31.07205636
900,1.11365318,1.11365318,0,0.00000000,0.00000000,nan,0.00000000,0,9099,0,4.06403637,0.03063126,0.00607518,0.99392482,28.75591437
1000,1.65511048,1.65511048,0,0.00000000,0.00000000,nan,0.00000000,0,8999,0,1.12058508,0.00157563,0.23605216,0.76394784,32.27736359
1100,0.97290927,0.97290927,0,0.00000000,0.00000000,nan,0.00000000,0,8899,0,21.63780785,0.08471969,0.03379261,0.96620739,31.25053558
1200,0.60773790,0.60773790,0,0.00000000,0.00000000,nan,0.00000000,0,8799,0,24.59322929,0.06907068,-0.01394632,1.01394632,26.26657568
1300,0.30773959,0.30773959,0,0.00000000,0.00000000,nan,0.00000000,0,8699,0,36.10469437,0.08871704,0.05494220,0.94505780,22.85108280
1400,0.73802376,0.73802376,0,0.00000000,0.00000000,nan,0.00000000,0,8599,0,33.17433167,0.06708543,0.01909085,0.98090915,27.87925434
1500,0.55600423,0.55600423,0,0.00000000,0.00000000,nan,0.00000000,0,8499,0,7.48616552,0.02306984,-0.05872614,1.05872614,24.48324242
1600,0.29271460,0.29271460,0,0.00000000,0.00000000,nan,0.00000000,0,8399,0,22.66906738,0.03587894,0.03153135,0.96846865,22.92539024
1700,0.46844774,0.46844774,0,0.00000000,0.00000000,nan,0.00000000,0,8299,0,19.32881927,0.03183398,0.00857836,0.99142164,23.55091254
1800,0.73399639,0.73399639,0,0.00000000,0.00000000,nan,0.00000000,0,8199,0,34.66682434,0.04694774,-0.10716361,1.10716361,25.91463623
1900,0.48885611,0.48885611,0,0.00000000,0.00000000,nan,0.00000000,0,8099,0,21.40032959,0.03126660,0.07744221,0.92255779,23.68106524
2000,5.15813208,5.15813208,0,0.00000000,0.00000000,nan,0.00000000,0,7999,0,1.21738398,0.00128484,-0.07249428,1.07249428,63.61229833
2100,0.47647941,0.47647941,0,0.00000000,0.00000000,nan,0.00000000,0,7899,0,23.92017365,0.03835038,-0.03510820,1.03510820,23.14919376
2200,1.36007357,1.36007357,0,0.00000000,0.00000000,nan,0.00000000,0,7799,0,2.87544537,0.00800387,-0.11309885,1.11309885,29.07001839
2300,0.67469549,0.67469549,0,0.00000000,0.00000000,nan,0.00000000,0,7699,0,39.07878113,0.05151730,0.01935651,0.98064349,28.89414310
2400,0.78337818,0.78337818,0,0.00000000,0.00000000,nan,0.00000000,0,7599,0,14.30088425,0.02626183,-0.02026767,1.02026767,26.06764297
2500,0.30728421,0.30728421,0,0.00000000,0.00000000,nan,0.00000000,0,7499,0,12.96755791,0.02566968,-0.00389271,1.00389271,22.03979492
2600,0.85475987,0.85475987,0,0.00000000,0.00000000,nan,0.00000000,0,7399,0,6.74999285,0.01659569,0.03382314,0.96617686,25.40045905
2700,0.74029952,0.74029952,0,0.00000000,0.00000000,nan,0.00000000,0,7299,0,43.24121857,0.05937290,-0.05835657,1.05835657,29.49861813
2800,0.78350925,0.78350925,0,0.00000000,0.00000000,nan,0.00000000,0,7199,0,6.37985229,0.02842420,0.11588295,0.88411705,25.14426231
2900,0.67362690,0.67362690,0,0.00000000,0.00000000,nan,0.00000000,0,7099,0,41.79747391,0.05848977,-0.05290176,1.05290176,26.25133923
3000,3.36726093,3.36726093,0,0.00000000,0.00000000,nan,0.00000000,0,6999,0,1.28336251,0.00183069,-0.08930405,1.08930405,47.63173930
3100,0.55920249,0.55920249,0,0.00000000,0.00000000,nan,0.00000000,0,6899,0,42.84706116,0.04130773,0.03014849,0.96985151,25.96111641
3200,0.33394063,0.33394063,0,0.00000000,0.00000000,nan,0.00000000,0,6799,0,41.86907578,0.05084810,-0.03726839,1.03726839,23.10441875
3300,1.36549342,1.36549342,0,0.00000000,0.00000000,nan,0.00000000,0,6699,0,6.42845345,0.01023854,-0.00459243,1.00459243,30.27161090
3400,0.16761999,0.16761999,0,0.00000000,0.00000000,nan,0.00000000,0,6599,0,32.03310013,0.02753528,-0.01405345,1.01405345,20.25369740
3500,0.47851557,0.47851557,0,0.00000000,0.00000000,nan,0.00000000,0,6499,0,8.00986099,0.01751740,0.00768951,0.99231049,22.27372971
3600,0.46663603,0.46663603,0,0.00000000,0.00000000,nan,0.00000000,0,6399,0,44.68220139,0.04769735,-0.03470447,1.03470447,24.59726497
3700,0.64525580,0.64525580,0,0.00000000,0.00000000,nan,0.00000000,0,6299,0,31.80123520,0.02628853,-0.02772700,1.02772700,25.20838118
3800,1.20658815,1.20658815,0,0.00000000,0.00000000,nan,0.00000000,0,6199,0,12.47958565,0.01639320,0.16663407,0.83336593,29.48443909
3900,0.55049706,0.55049706,0,0.00000000,0.00000000,nan,0.00000000,0,6099,0,12.10051346,0.01391035,0.07976610,0.92023390,22.78334427
4000,2.50312138,2.50312138,0,0.00000000,0.00000000,nan,0.00000000,0,5999,0,1.42628241,0.00159937,0.04285852,0.95714148,39.22082710
4100,1.09637284,1.09637284,0,0.00000000,0.00000000,nan,0.00000000,0,5899,0,10.98781013,0.01438142,0.04284714,0.95715286,28.33920956
4200,0.25691932,0.25691932,0,0.00000000,0.00000000,nan,0.00000000,0,5799,0,32.92690659,0.03018569,0.13336315,0.86663685,20.08345686
4300,0.53589237,0.53589237,0,0.00000000,0.00000000,nan,0.00000000,0,5699,0,11.91976929,0.01175233,-0.23787206,1.23787206,21.06682739
4400,0.57111335,0.57111335,0,0.00000000,0.00000000,nan,0.00000000,0,5599,0,36.91310120,0.02927012,-0.20500029,1.20500029,22.19666290
4500,0.27302611,0.27302611,0,0.00000000,0.00000000,nan,0.00000000,0,5499,0,14.43169308,0.01592698,-0.09585992,1.09585992,18.69655323
4600,1.16446137,1.16446137,0,0.00000000,0.00000000,nan,0.00000000,0,5399,0,15.94144726,0.01358200,-0.21304365,1.21304365,28.32802677
4700,0.42191219,0.42191219,0,0.00000000,0.00000000,nan,0.00000000,0,5299,0,7.00141335,0.01262526,0.00502561,0.99497439,21.05636444
4800,1.00321126,1.00321126,0,0.00000000,0.00000000,nan,0.00000000,0,5199,0,11.06301403,0.01301617,0.01890531,0.98109469,27.07989597
4900,0.13456991,0.13456991,0,0.00000000,0.00000000,nan,0.00000000,0,5099,0,25.64179802,0.01640003,-0.06763388,1.06763388,17.50248528
5000,2.30480313,2.30480313,0,0.00000000,0.00000000,nan,0.00000000,0,4999,0,1.62544703,0.00175650,-0.02703181,1.02703181,36.73160267
5100,0.99704158,0.99704158,0,0.00000000,0.00000000,nan,0.00000000,0,4899,0,3.77073932,0.00598493,-0.00790217,1.00790217,25.09727335
5200,0.63914353,0.63914353,0,0.00000000,0.00000000,nan,0.00000000,0,4799,0,12.14825249,0.01843814,0.11810377,0.88189623,22.65958214
5300,0.79263854,0.79263854,0,0.00000000,0.00000000,nan,0.00000000,0,4699,0,9.75979805,0.01374719,-0.06279830,1.06279830,23.43610764
5400,0.86281383,0.86281383,0,0.00000000,0.00000000,nan,0.00000000,0,4599,0,11.22970295,0.01280917,-0.04387793,1.04387793,23.94028155
5500,1.47509491,1.47509491,0,0.00000000,0.00000000,nan,0.00000000,0,4499,0,12.03762627,0.01365936,-0.01908731,1.01908731,28.34275055
5600,0.77924699,0.77924699,0,0.00000000,0.00000000,nan,0.00000000,0,4399,0,6.45984077,0.00798645,0.05069427,0.94930573,22.05478350
5700,0.83268619,0.83268619,0,0.00000000,0.00000000,nan,0.00000000,0,4299,0,11.81109619,0.01240937,0.05507938,0.94492062,21.19465129
5800,0.73295814,0.73295814,0,0.00000000,0.00000000,nan,0.00000000,0,4199,0,8.55872059,0.01071532,-0.13528618,1.13528618,20.78017044
5900,1.51229942,1.51229942,0,0.00000000,0.00000000,nan,0.00000000,0,4099,0,12.05429554,0.01366589,-0.09235050,1.09235050,27.95681343
6000,0.92962861,0.92962861,0,0.00000000,0.00000000,nan,0.00000000,0,3999,0,1.95769036,0.00415444,-0.23619842,1.23619842,24.05499840
6100,0.59818721,0.59818721,0,0.00000000,0.00000000,nan,0.00000000,0,3899,0,6.62333345,0.01696408,-0.20111119,1.20111119,22.56511743
6200,0.79554147,0.79554147,0,0.00000000,0.00000000,nan,0.00000000,0,3799,0,15.54351330,0.02322290,0.15395729,0.84604271,23.46741740
6300,0.36803752,0.36803752,0,0.00000000,0.00000000,nan,0.00000000,0,3699,0,8.54393768,0.01314568,0.00525932,0.99474068,17.90489616
6400,0.41816962,0.41816962,0,0.00000000,0.00000000,nan,0.00000000,0,3599,0,11.03759289,0.01483969,0.15114987,0.84885013,19.85766983
6500,0.89024651,0.89024651,0,0.00000000,0.00000000,nan,0.00000000,0,3499,0,15.71362972,0.01571291,0.21724271,0.78275729,23.66459370
6600,0.52014685,0.52014685,0,0.00000000,0.00000000,nan,0.00000000,0,3399,0,16.42306137,0.01313040,-0.18616451,1.18616451,19.03052521
6700,0.88008654,0.88008654,0,0.00000000,0.00000000,nan,0.00000000,0,3299,0,20.77587128,0.01719035,0.04343744,0.95656256,22.51384417
6800,1.97870505,1.97870505,0,0.00000000,0.00000000,nan,0.00000000,0,3199,0,11.85439682,0.01717883,0.18835103,0.81164897,36.60923576
6900,0.91005111,0.91005111,0,0.00000000,0.00000000,nan,0.00000000,0,3099,0,27.11234093,0.01940485,0.08725707,0.91274293,26.88152041
7000,2.35160565,2.35160565,0,0.00000000,0.00000000,nan,0.00000000,0,2999,0,2.58615160,0.00348557,-0.22161530,1.22161530,38.11861674
7100,0.38343903,0.38343903,0,0.00000000,0.00000000,nan,0.00000000,0,2899,0,9.53996944,0.00661763,0.25574791,0.74425209,20.55661545
7200,0.56423175,0.56423175,0,0.00000000,0.00000000,nan,0.00000000,0,2799,0,7.60161066,0.00469018,0.20966267,0.79033733,21.63930607
7300,0.75639749,0.75639749,0,0.00000000,0.00000000,nan,0.00000000,0,2699,0,10.10805511,0.00564354,-0.01748703,1.01748703,21.69475842
7400,0.78978449,0.78978449,0,0.00000000,0.00000000,nan,0.00000000,0,2599,0,9.38649940,0.00864164,0.13968758,0.86031242,21.32370894
7500,1.21643460,1.21643460,0,0.00000000,0.00000000,nan,0.00000000,0,2499,0,8.27195072,0.00905780,-0.12580834,1.12580834,24.87127800
7600,1.69338334,1.69338334,0,0.00000000,0.00000000,nan,0.00000000,0,2399,0,9.32193756,0.01108890,-0.10956655,1.10956655,31.00646439
7700,0.70339197,0.70339197,0,0.00000000,0.00000000,nan,0.00000000,0,2299,0,13.78591728,0.01060029,0.04842403,0.95157597,17.48477491
7800,1.00946665,1.00946665,0,0.00000000,0.00000000,nan,0.00000000,0,2199,0,8.20200253,0.00931260,-0.07658867,1.07658867,21.28136177
7900,2.31694412,2.31694412,0,0.00000000,0.00000000,nan,0.00000000,0,2099,0,4.72111654,0.00569657,0.08666264,0.91333736,32.92965444
8000,0.79052258,0.79052258,0,0.00000000,0.00000000,nan,0.00000000,0,1999,0,4.01269960,0.00425616,-0.07183175,1.07183175,19.64511744
8100,1.75051618,1.75051618,0,0.00000000,0.00000000,nan,0.00000000,0,1899,0,18.31852531,0.01789245,0.19324038,0.80675962,31.98056984
8200,0.41538036,0.41538036,0,0.00000000,0.00000000,nan,0.00000000,0,1799,0,12.77990532,0.00730973,-0.00243554,1.00243554,15.93057227
8300,0.87596023,0.87596023,0,0.00000000,0.00000000,nan,0.00000000,0,1699,0,12.01750851,0.00901510,-0.04085153,1.04085153,18.86208616
8400,0.47263426,0.47263426,0,0.00000000,0.00000000,nan,0.00000000,0,1599,0,7.82458258,0.00848354,0.10291317,0.89708683,14.88747454
8500,2.12992740,2.12992740,0,0.00000000,0.00000000,nan,0.00000000,0,1499,0,8.72156239,0.01080668,0.04199546,0.95800454,31.84291410
8600,0.40271759,0.40271759,0,0.00000000,0.00000000,nan,0.00000000,0,1399,0,8.13100338,0.00820162,0.18041753,0.81958247,13.86546055
8700,0.75862718,0.75862718,0,0.00000000,0.00000000,nan,0.00000000,0,1299,0,6.99304056,0.00973348,0.02591599,0.97408401,17.77511654
8800,0.74494576,0.74494576,0,0.00000000,0.00000000,nan,0.00000000,0,1199,0,11.74327946,0.01057262,-0.14149669,1.14149669,15.53244209
8900,1.09920359,1.09920359,0,0.00000000,0.00000000,nan,0.00000000,0,1099,0,8.80636406,0.02865422,0.13433615,0.86566385,26.84179688
9000,1.47248924,1.47248924,0,0.00000000,0.00000000,nan,0.00000000,0,999,0,2.69737148,0.00380876,-0.16825333,1.16825333,28.61025124
9100,0.79609019,0.79609019,0,0.00000000,0.00000000,nan,0.00000000,0,899,0,8.05631161,0.00829219,-0.08424265,1.08424265,22.40277926
9200,0.65045536,0.65045536,0,0.00000000,0.00000000,nan,0.00000000,0,799,0,12.39042282,0.01250879,0.21313976,0.78686024,19.75149863
9300,0.72762418,0.72762418,0,0.00000000,0.00000000,nan,0.00000000,0,699,0,10.85474014,0.00868888,-0.09672875,1.09672875,17.57126160
9400,0.83638752,0.83638752,0,0.00000000,0.00000000,nan,0.00000000,0,599,0,6.80853033,0.00844686,-0.08452269,1.08452269,18.75442664
9500,1.33612776,1.33612776,0,0.00000000,0.00000000,nan,0.00000000,0,499,0,10.53902435,0.01038687,-0.12904010,1.12904010,23.32183552
9600,0.73986393,0.73986393,0,0.00000000,0.00000000,nan,0.00000000,0,399,0,8.25541306,0.00998434,0.06351835,0.93648165,18.25557327
9700,1.03737617,1.03737617,0,0.00000000,0.00000000,nan,0.00000000,0,299,0,9.55374908,0.00756727,-0.06140524,1.06140524,18.41335773
9800,1.19937181,1.19937181,0,0.00000000,0.00000000,nan,0.00000000,0,199,0,8.10007095,0.00915044,0.04594142,0.95405858,21.47553126
9900,0.19160655,0.19160655,0,0.00000000,0.00000000,nan,0.00000000,0,99,0,6.65455818,0.00859374,0.11856145,0.88143855,10.79114380
10000,1.30552733,1.30552733,0,0.00000000,0.00000000,nan,0.00000000,0,0,0,3.76733994,0.00441033,-0.19515192,1.19515192,22.07834358
10100,1.23272347,1.23272347,2,0.18126925,0.00133095,nan,0.00000000,0,0,0,9.21410751,0.00970283,0.28010272,0.71989728,21.33983459
10200,0.55664021,0.55664021,3,0.25918178,0.00251184,nan,0.00000000,0,0,0,11.83826160,0.00852946,-0.09720218,1.09720218,16.26736999
10300,0.79832482,0.79832482,2,0.18126925,0.00086194,nan,0.00000000,0,0,0,13.59442806,0.00916604,-0.19068580,1.19068580,15.44056344
10400,0.62183851,0.62183851,6,0.45118836,0.02576969,nan,0.00000000,0,0,0,10.04462528,0.00698726,0.08121061,0.91878939,15.04460773
10500,0.60775495,0.60775495,2,0.18126925,0.00065618,nan,0.00000000,0,0,0,9.58691025,0.00808951,0.15136873,0.84863127,13.02689095
10600,0.39850819,0.39850819,9,0.59343034,0.04942154,nan,0.00000000,0,0,0,11.75118542,0.00993218,-0.00529972,1.00529972,11.94643037
10700,0.71595782,0.71595782,11,0.66712892,0.14181641,nan,0.00000000,0,0,0,12.40417099,0.01032333,-0.02689506,1.02689506,14.93852357
10800,1.14247501,1.14247501,18,0.83470111,0.55458827,nan,0.00000000,0,0,0,9.97595596,0.00943156,0.06416463,0.93583537,18.84615453
10900,0.57222086,0.57222086,3,0.25918178,0.00258215,nan,0.00000000,0,0,0,11.18827438,0.00954148,-0.01663792,1.01663792,13.57136106
11000,1.53828156,1.53828156,24,0.90928205,1.05155090,nan,0.00000000,0,0,0,4.86440277,0.00410782,-0.22311861,1.22311861,25.72547722
11100,0.23418726,0.23418726,26,0.92572642,0.17198632,nan,0.00000000,0,0,0,10.99594688,0.00849734,0.13867667,0.86132333,12.42524052
11200,0.78721452,0.78721452,4,0.32967995,0.00929958,nan,0.00000000,0,0,0,8.35302925,0.00700749,-0.10689593,1.10689593,17.67348616
11300,1.01968896,1.01968896,17,0.81731648,0.45501816,nan,0.00000000,0,0,0,12.82407761,0.00874350,-0.08549969,1.08549969,18.60784798
11400,0.46534798,0.46534798,9,0.59343034,0.05771076,nan,0.00000000,0,0,0,6.30563354,0.00957683,0.11165735,0.88834265,14.06563841
11500,0.70204663,0.70204663,6,0.45118836,0.02909360,nan,0.00000000,0,0,0,11.55692005,0.00928015,-0.07273535,1.07273535,15.42595182
11600,0.32567346,0.32567346,10,0.63212056,0.05199745,nan,0.00000000,0,0,0,14.19874382,0.01008377,0.16483568,0.83516432,13.69291553
11700,0.84228927,0.84228927,21,0.87754357,0.49950061,nan,0.00000000,0,0,0,12.72735405,0.01047070,-0.06774306,1.06774306,17.65390921
11800,0.33057445,0.33057445,36,0.97267628,0.29589838,nan,0.00000000,0,0,0,16.01833153,0.01030836,-0.09573235,1.09573235,11.75744991
11900,0.76146650,0.76146650,57,0.99665403,0.75132618,nan,0.00000000,0,0,0,10.89316559,0.00958772,0.10375555,0.89624445,15.77999074
12000,2.44902372,2.44902372,26,0.92572642,1.79855461,nan,0.00000000,0,0,0,5.35138178,0.00499318,-0.12486067,1.12486067,31.76357524
12100,0.65499425,0.65499425,53,0.99500841,0.64201398,nan,0.00000000,0,0,0,9.15248585,0.00862518,-0.07058282,1.07058282,15.45311578
12200,0.82114995,0.82114995,14,0.75340304,0.26456472,nan,0.00000000,0,0,0,12.38517952,0.00947867,-0.13162675,1.13162675,17.87094154
12300,0.73730874,0.73730874,24,0.90928205,0.50401545,nan,0.00000000,0,0,0,16.94832420,0.01369852,0.19533204,0.80466796,17.30646992
12400,1.04855943,1.04855943,3,0.25918178,0.00473163,nan,0.00000000,0,0,0,13.21684742,0.02442318,-0.19744229,1.19744229,24.13145399
12500,0.36875501,0.36875501,12,0.69880579,0.08793543,nan,0.00000000,0,0,0,13.93140316,0.01884282,-0.01857975,1.01857975,17.23450699
12600,0.80587262,0.80587262,15,0.77686984,0.29353470,nan,0.00000000,0,0,0,17.36359406,0.01555514,0.06718532,0.93281468,20.95858345
12700,0.93454713,0.93454713,8,0.55067104,0.08593501,nan,0.00000000,0,0,0,14.98081493,0.01851936,0.21652197,0.78347803,22.09226646
12800,1.08405411,1.08405411,5,0.39346934,0.02598331,nan,0.00000000,0,0,0,17.15953064,0.01746193,0.09542493,0.90457507,23.63322029
12900,0.68907100,0.68907100,18,0.83470111,0.33449370,nan,0.00000000,0,0,0,15.70604420,0.01463693,0.07394118,0.92605882,19.68161456
13000,1.82097006,1.82097006,20,0.86466472,1.01787338,nan,0.00000000,0,0,0,4.10751152,0.00585574,-0.19065279,1.19065279,31.99358504
13100,0.35320121,0.35320121,34,0.96662673,0.30835954,nan,0.00000000,0,0,0,9.90156651,0.01046631,-0.01649288,1.01649288,17.67978032
13200,0.97966832,0.97966832,16,0.79810348,0.39748055,nan,0.00000000,0,0,0,13.33989620,0.00984157,-0.15917243,1.15917243,21.47818756
13300,0.42384973,0.42384973,15,0.77686984,0.15438495,nan,0.00000000,0,0,0,14.35297966,0.00840245,-0.08807151,1.08807151,15.86524944
13400,0.40042129,0.40042129,63,0.99816370,0.39748820,nan,0.00000000,0,0,0,14.75440311,0.01080754,0.18179718,0.81820282,14.23441648
13500,0.37614930,0.37614930,69,0.99899221,0.37463528,nan,0.00000000,0,0,0,14.91360092,0.00980141,0.09942912,0.90057088,14.12626476
13600,0.31900731,0.31900731,45,0.98889100,0.30506637,nan,0.00000000,0,0,0,11.34554768,0.00832402,-0.16875473,1.16875473,12.96064425
13700,0.75332481,0.75332481,29,0.94497678,0.60071270,nan,0.00000000,0,0,0,13.10592175,0.00854660,-0.15902671,1.15902671,17.16944340
13800,0.83492529,0.83492529,23,0.89974116,0.54716457,nan,0.00000000,0,0,0,13.32315063,0.00802539,0.21717081,0.78282919,17.06826265
13900,0.55638486,0.55638486,21,0.87754357,0.32995147,nan,0.00000000,0,0,0,14.61861038,0.00950034,-0.04493498,1.04493498,13.13772545
14000,1.23438501,1.23438501,42,0.98500442,1.16199260,nan,0.00000000,0,0,0,2.70410657,0.00602795,-0.07822787,1.07822787,23.98682690
14100,2.04001665,2.04001665,9,0.59343034,0.25299544,nan,0.00000000,0,0,0,5.58343315,0.00944582,0.31662848,0.68337152,33.45011425
14200,0.64769179,0.64769179,64,0.99833844,0.64339780,nan,0.00000000,0,0,0,10.46255875,0.01162742,0.23986834,0.76013166,19.60972246
14300,1.53156090,1.53156090,47,0.99090472,1.47659660,nan,0.00000000,0,0,0,15.19315910,0.01528247,0.02025188,0.97974812,32.07640566
14400,1.01335478,1.01335478,1,0.09516258,0.00008310,nan,0.12464686,0,0,0,18.86153412,0.02188285,-0.07518544,1.07518544,26.08913422
14500,0.60182023,0.60182023,6,0.45118836,0.02494011,nan,0.08790687,0,0,0,28.44673729,0.02098997,0.21213071,0.78786929,23.23417759
14600,0.80451047,0.80451047,30,0.95021293,0.65586650,nan,0.02254388,0,0,0,24.49994278,0.01671377,0.09489028,0.90510972,21.75000801
14700,0.25629458,0.25629458,7,0.50341470,0.01646050,nan,0.00887258,0,0,0,21.44303703,0.01596409,-0.06685379,1.06685379,16.24035091
14800,0.82255566,0.82255566,11,0.66712892,0.16293124,nan,0.00000000,0,0,0,16.07106018,0.01188933,-0.16308817,1.16308817,22.16206868
14900,0.89282322,0.89282322,6,0.45118836,0.03699960,nan,0.00000000,0,0,0,22.15778542,0.01438727,0.16339121,0.83660879,20.61429596
15000,1.46095431,1.46095431,48,0.99177025,1.41345161,nan,0.00000000,0,0,0,4.59863806,0.00457590,-0.13192213,1.13192213,26.49755554
15100,0.66842198,0.66842198,49,0.99255342,0.64873343,nan,0.24817897,0,0,0,11.64724350,0.00960866,-0.20062244,1.20062244,19.73232492
15200,0.88369972,0.88369972,36,0.97267628,0.79100278,nan,0.08820246,0,0,0,12.72828865,0.00884079,0.16426126,0.83573874,21.03277079
15300,0.49526438,0.49526438,39,0.97975809,0.45636521,nan,0.16651425,0,0,0,12.97818565,0.01507037,0.12152070,0.87847930,17.86222839
15400,0.46166992,0.46166992,58,0.99697245,0.45610434,nan,0.14709353,0,0,0,12.05739689,0.01166920,-0.11710264,1.11710264,16.27875538
15500,0.57723022,0.57723022,45,0.98889100,0.55200468,nan,0.00000000,0,0,0,11.95502758,0.01080037,0.26567934,0.73432066,16.79468174
15600,0.67001766,0.67001766,70,0.99908812,0.66757709,nan,0.00000000,0,0,0,19.61954689,0.02036498,0.08832100,0.91167900,18.75875187
15700,0.29962534,0.29962534,77,0.99954717,0.29908299,nan,0.00000000,0,0,0,8.74544239,0.01185251,-0.02223260,1.02223260,12.65024796
15800,0.77767015,0.77767015,124,0.99999588,0.77765733,nan,0.00000000,0,0,0,10.55016232,0.01584220,-0.01328351,1.01328351,17.02772446
15900,0.80442876,0.80442876,39,0.97975809,0.74124712,nan,0.00000000,0,0,0,9.86698437,0.01305595,-0.13898977,1.13898977,17.10437266
16000,1.23270094,1.23270094,60,0.99752125,1.22052407,nan,0.00000000,0,0,0,7.71189356,0.01203314,-0.19255211,1.19255211,20.14813766
16100,0.58285099,0.58285099,32,0.95923780,0.49347218,nan,0.09040616,0,0,0,8.86678505,0.01312617,0.07203193,0.92796807,15.70930710
16200,1.58250785,1.58250785,24,0.90928205,1.08178346,nan,0.00000000,0,0,0,14.79479599,0.01583079,-0.08806734,1.08806734,23.76217346
16300,1.25398612,1.25398612,140,0.99999917,1.25398195,nan,0.00000000,0,0,0,11.53382874,0.00794759,0.18799516,0.81200484,19.51264763
16400,1.00521421,1.00521421,3,0.25918178,0.00453604,nan,0.33173701,0,0,0,9.04053211,0.01837572,-0.04007282,1.04007282,25.23994484
16500,0.71557635,0.71557635,9,0.59343034,0.08874318,nan,0.34563241,0,0,0,15.21945572,0.01667755,-0.05246634,1.05246634,20.72802353
16600,0.79309052,0.79309052,50,0.99326205,0.77193038,nan,0.31279375,0,0,0,15.79159164,0.01556858,0.08714882,0.91285118,21.30794907
16700,0.99242347,0.99242347,2,0.18126925,0.00107150,nan,0.33707387,0,0,0,15.64642715,0.01562470,-0.09555349,1.09555349,23.50227699
16800,0.50054431,0.50054431,21,0.87754357,0.29683649,nan,0.28676124,0,0,0,18.84443283,0.02376219,0.06067247,0.93932753,20.19180838
16900,1.16473496,1.16473496,81,0.99969646,1.16332143,nan,0.18444641,0,0,0,15.97705555,0.01566367,-0.15778208,1.15778208,24.22444407
17000,2.22561097,2.22561097,80,0.99966454,2.22262604,nan,0.02985466,0,0,0,4.90592766,0.00687070,-0.09417632,1.09417632,33.06116009
17100,0.64653450,0.64653450,17,0.81731648,0.28850459,nan,0.61272152,0,0,0,8.18796158,0.01074321,0.28438148,0.71561852,17.89875755
17200,0.88232636,0.88232636,46,0.98994816,0.84738169,nan,0.45498772,0,0,0,17.65249252,0.01864736,0.09473104,0.90526896,23.85631752
17300,0.34294400,0.34294400,77,0.99954717,0.34232324,nan,0.17639107,0,0,0,11.90405655,0.01306221,0.30250322,0.69749678,12.59720857
17400,0.18978001,0.18978001,127,0.99999695,0.18977770,nan,0.00000000,0,0,0,11.53097153,0.01323298,0.10638479,0.89361521,12.74500585
17500,1.50157309,1.50157309,93,0.99990858,1.50102404,nan,0.00000000,0,0,0,9.84206104,0.01183247,-0.18849720,1.18849720,22.77199554
17600,0.43568638,0.43568638,91,0.99988833,0.43549181,nan,0.00000000,0,0,0,11.01458740,0.01245011,0.16849256,0.83150744,12.74409594
17700,1.02037191,1.02037191,47,0.99090472,0.98375304,nan,0.00000000,0,0,0,15.93793774,0.01710685,-0.08244185,1.08244185,17.78396734
17800,0.17601909,0.17601909,94,0.99991728,0.17596085,nan,0.01622732,0,0,0,6.70494652,0.01057630,0.12535068,0.87464932,10.48232861
17900,0.43012059,0.43012059,41,0.98342732,0.40230860,nan,0.00000000,0,0,0,11.78271866,0.00993061,0.20202626,0.79797374,12.51845932
18000,1.12279856,1.12279856,157,0.99999985,1.12279788,nan,0.00000000,0,0,0,6.52163935,0.00784102,-0.05941660,1.05941660,19.15220490
18100,0.75592381,0.75592381,29,0.94497678,0.60278519,nan,0.19520474,0,0,0,13.85776901,0.01447244,-0.20626438,1.20626438,18.48753003
18200,0.57388592,0.57388592,82,0.99972535,0.57325570,nan,0.15153379,0,0,0,14.24630260,0.01100477,0.06795355,0.93204645,14.40879512
18300,0.62187642,0.62187642,54,0.99548342,0.61071728,nan,0.00000000,0,0,0,8.65824699,0.00922661,-0.11828137,1.11828137,13.51604977
18400,0.38773435,0.38773435,46,0.98994816,0.37237807,nan,0.00000000,0,0,0,10.29394722,0.00877771,0.20988654,0.79011346,12.14241441
18500,0.92350757,0.92350757,37,0.97527647,0.83550961,nan,0.00000000,0,0,0,11.97499084,0.00910890,0.15255506,0.84744494,15.84364264
18600,0.75529951,0.75529951,58,0.99697245,0.74619412,nan,0.00000000,0,0,0,14.65861702,0.00895708,-0.08771787,1.08771787,16.26946497
18700,1.13208532,1.13208532,12,0.69880579,0.26996355,nan,0.00000000,0,0,0,19.31784248,0.01301406,-0.07568019,1.07568019,19.34063657
18800,0.76545280,0.76545280,51,0.99390325,0.74695574,nan,0.00000000,0,0,0,12.69192886,0.00886023,0.10877501,0.89122499,13.11574125
18900,0.51276004,0.51276004,126,0.99999663,0.51275313,nan,0.00000000,0,0,0,12.46292496,0.01358321,-0.06300564,1.06300564,12.13907528
19000,1.86203301,1.86203301,106,0.99997508,1.86184744,nan,0.00000000,0,0,0,6.60859442,0.00793531,-0.05950109,1.05950109,25.60899887
19100,1.05231535,1.05231535,99,0.99994983,1.05210417,nan,0.36215189,0,0,0,13.29327393,0.01505157,-0.02098399,1.02098399,19.41765480
19200,0.69262177,0.69262177,46,0.98994816,0.66519037,nan,0.19866120,0,0,0,15.55764294,0.01670009,0.04667591,0.95332409,14.67880281
19300,0.39043987,0.39043987,6,0.45118836,0.01618027,nan,0.08000979,0,0,0,11.17641830,0.01331696,-0.03970737,1.03970737,15.90261650
19400,0.66511619,0.66511619,68,0.99888622,0.66215798,nan,0.00000000,0,0,0,16.46185875,0.01297663,0.09484201,0.90515799,15.09927034
19500,0.41389775,0.41389775,40,0.98168436,0.38439750,nan,0.00000000,0,0,0,13.19784546,0.01583729,0.11633662,0.88366338,12.06138763
19600,0.35655519,0.35655519,129,0.99999750,0.35655163,nan,0.00000000,0,0,0,12.35896587,0.00965858,0.16212264,0.83787736,10.26425209
19700,0.74256742,0.74256742,48,0.99177025,0.71842296,nan,0.00000000,0,0,0,14.23921013,0.01314941,0.13195835,0.86804165,15.48215469
19800,0.99013966,0.99013966,48,0.99177025,0.95794543,nan,0.54232040,0,0,0,6.88512278,0.01829643,0.11818667,0.88181333,22.60264301
19900,0.62766212,0.62766212,56,0.99630214,0.61842946,nan,0.52644929,0,0,0,16.13291740,0.01788445,-0.13941256,1.13941256,19.44767303
20000,2.06418967,2.06418967,129,0.99999750,2.06416905,nan,0.44127929,0,0,0,6.18741846,0.00786466,-0.02779844,1.02779844,30.92693329
20100,1.61507988,1.61507988,49,0.99255342,1.56750726,nan,0.84789726,0,0,0,6.97253990,0.00898838,0.13991742,0.86008258,27.19859441
20200,0.37265527,0.37265527,56,0.99630214,0.36717366,nan,0.71888218,0,0,0,11.50029373,0.01292214,-0.20091910,1.20091910,14.71005154
20300,0.59339947,0.59339947,81,0.99969646,0.59267931,nan,0.48011108,0,0,0,20.77160263,0.01455477,-0.00631410,1.00631410,15.54625154
20400,0.48096263,0.48096263,19,0.85043138,0.25157556,nan,0.18054138,0,0,0,15.70975399,0.01610910,0.04969243,0.95030757,14.14367308
20500,0.53756738,0.53756738,137,0.99999888,0.53756496,nan,0.04760679,0,0,0,11.08801174,0.01227520,-0.14074181,1.14074181,16.95733166
20600,0.27446276,0.27446276,121,0.99999444,0.27445666,nan,0.00000000,0,0,0,18.70231056,0.01360605,0.05808658,0.94191342,11.76365582
20700,0.31998885,0.31998885,56,0.99630214,0.31528194,nan,0.00000000,0,0,0,12.39812469,0.01238815,0.09174733,0.90825267,12.21169154
20800,1.30954921,1.30954921,149,0.99999966,1.30954744,nan,0.22266840,0,0,0,6.65586853,0.01117555,0.12350025,0.87649975,22.57832990
20900,0.37025589,0.37025589,33,0.96311683,0.31857953,nan,0.28497280,0,0,0,10.89037228,0.01205333,-0.31612888,1.31612888,12.58202791
21000,1.22729838,1.22729838,51,0.99390325,1.19764087,nan,0.03321238,0,0,0,10.34783554,0.00958164,0.04226475,0.95773525,20.61162071
21100,0.27998906,0.27998906,57,0.99665403,0.27626049,nan,0.00809024,0,0,0,12.94001389,0.01238625,-0.17870948,1.17870948,10.83152707
21200,0.65094978,0.65094978,114,0.99998880,0.65092063,nan,0.00000000,0,0,0,12.16602612,0.01472766,-0.02303955,1.02303955,14.62030315
21300,0.63821244,0.63821244,155,0.99999981,0.63821197,nan,0.00000000,0,0,0,11.21726799,0.01170701,-0.23467524,1.23467524,12.68920789
21400,0.72803032,0.72803032,80,0.99966454,0.72705391,nan,0.00000000,0,0,0,13.06374454,0.01352076,-0.26488005,1.26488005,13.32801533
21500,0.44041285,0.44041285,107,0.99997746,0.44037313,nan,0.00000000,0,0,0,10.95993233,0.00946860,-0.14076386,1.14076386,10.49173196
21600,0.71803540,0.71803540,26,0.92572642,0.52732273,nan,0.05362702,0,0,0,11.48146057,0.01353922,0.11798759,0.88201241,15.63578749
21700,1.06043899,1.06043899,156,0.99999983,1.06043828,nan,0.00000000,0,0,0,8.61692238,0.00740674,-0.00114553,1.00114553,17.07203751
21800,0.59353691,0.59353691,78,0.99959027,0.59256474,nan,0.18174458,0,0,0,10.26359940,0.01238667,-0.08201704,1.08201704,12.24891980
21900,0.71278816,0.71278816,191,0.99999999,0.71278815,nan,0.09739779,0,0,0,13.91200924,0.01274502,-0.15980276,1.15980276,14.70306555
22000,1.48285711,1.48285711,107,0.99997746,1.48272339,nan,0.00000000,0,0,0,8.97276974,0.00752081,-0.20725630,1.20725630,20.85299492
22100,0.80698556,0.80698556,118,0.99999250,0.80696133,nan,0.12301357,0,0,0,11.52694702,0.01227483,-0.14824028,1.14824028,15.41376190
22200,0.26283798,0.26283798,207,1.00000000,0.26283798,nan,0.00000000,0,0,0,11.72646809,0.01027072,-0.13211476,1.13211476,9.17517948
22300,0.19284493,0.19284493,273,1.00000000,0.19284493,nan,0.00000000,0,0,0,12.31084061,0.00648214,-0.09386209,1.09386209,7.88838863
22400,0.31102622,0.31102622,127,0.99999695,0.31102242,nan,0.00000000,0,0,0,11.87688541,0.00844694,0.00761857,0.99238143,8.65581646
22500,0.89194518,0.89194518,94,0.99991728,0.89165008,nan,0.00000000,0,0,0,12.24618530,0.01108201,-0.28391325,1.28391325,15.25510559
22600,0.68980587,0.68980587,51,0.99390325,0.67313680,nan,0.00000000,0,0,0,9.66298103,0.00670352,0.05205146,0.94794854,13.88655313
22700,0.24185821,0.24185821,124,0.99999588,0.24185423,nan,0.00000000,0,0,0,12.39477921,0.00867837,-0.04749437,1.04749437,8.30699372
22800,0.99712032,0.99712032,31,0.95495080,0.82922340,nan,0.00000000,0,0,0,14.18422413,0.01867240,-0.10486048,1.10486048,15.90703692
22900,0.58496737,0.58496737,45,0.98889100,0.55940372,nan,0.00000000,0,0,0,7.67978096,0.01371230,0.27877250,0.72122750,12.47881058
23000,2.19573331,2.19573331,92,0.99989896,2.19484602,nan,0.00000000,0,0,0,10.94688225,0.00941935,-0.07421272,1.07421272,28.41264009
23100,1.00953233,1.00953233,29,0.94497678,0.80501650,nan,0.34443997,0,0,0,13.60101700,0.01502876,-0.17335003,1.17335003,15.72452545
23200,0.78794193,0.78794193,213,1.00000000,0.78794193,nan,0.26699296,0,0,0,16.48824692,0.01328353,-0.15371618,1.15371618,14.75939206
23300,0.29366294,0.29366294,362,1.00000000,0.29366294,nan,0.55811569,0,0,0,9.94653988,0.01028957,-0.04301600,1.04301600,11.01643181
23400,0.18832111,0.18832111,299,1.00000000,0.18832111,nan,0.43857208,0,0,0,12.41466427,0.01714966,0.01853043,0.98146957,10.08180070
23500,0.47197089,0.47197089,28,0.93918994,0.36722220,nan,0.21588367,0,0,0,20.95760345,0.01129384,-0.04494869,1.04494869,14.53734040
23600,0.37010336,0.37010336,139,0.99999908,0.37010200,nan,0.13517047,0,0,0,11.02878475,0.01251971,0.07155387,0.92844613,12.50358295
23700,0.53980869,0.53980869,199,1.00000000,0.53980869,nan,0.08470865,0,0,0,15.71371078,0.01292608,0.08862540,0.91137460,13.88502232
23800,0.55914772,0.55914772,244,1.00000000,0.55914772,nan,0.00000000,0,0,0,23.26233292,0.01627543,0.01837910,0.98162090,13.50564384
23900,0.50279909,0.50279909,191,0.99999999,0.50279908,nan,0.00000000,0,0,0,20.70067787,0.01329551,-0.14891334,1.14891334,13.90388568
24000,1.47292185,1.47292185,124,0.99999588,1.47289758,nan,0.00000000,0,0,0,10.18488693,0.00871811,-0.25419523,1.25419523,21.22926658
24100,1.12287354,1.12287354,250,1.00000000,1.12287354,nan,0.12559284,0,0,0,11.94982433,0.01455259,-0.17873274,1.17873274,16.81297207
24200,0.86451298,0.86451298,186,0.99999999,0.86451295,nan,0.00000000,0,0,0,30.83583641,0.01863291,-0.13798309,1.13798309,18.81820965
24300,0.57706714,0.57706714,67,0.99876909,0.57423110,nan,0.72378275,0,0,0,9.19990253,0.03130160,-0.02025296,1.02025296,19.41662489
24400,0.83829808,0.83829808,133,0.99999833,0.83829247,nan,0.76270730,0,0,0,15.22802925,0.02560033,0.34510098,0.65489902,21.12366247
24500,0.57183766,0.57183766,299,1.00000000,0.57183766,nan,0.62008480,0,0,0,20.46555901,0.01860504,0.42417154,0.57582846,19.40245406
24600,0.96081519,0.96081519,38,0.97762923,0.87768074,nan,0.62945065,0,0,0,17.96648216,0.01817218,-0.14399784,1.14399784,22.95882759
24700,0.34681556,0.34681556,2,0.18126925,0.00037445,nan,0.52295823,0,0,0,17.58137512,0.01897709,-0.11977720,1.11977720,17.99389410
24800,0.34002823,0.34002823,57,0.99665403,0.33550013,nan,0.36679134,0,0,0,22.36240387,0.01655292,-0.12610975,1.12610975,16.09800212
24900,0.48009253,0.48009253,24,0.90928205,0.32818552,nan,0.30121626,0,0,0,12.86687088,0.01648188,0.19376755,0.80623245,16.38628912
25000,2.36416531,2.36416531,71,0.99917490,2.35637222,nan,0.28151247,0,0,0,6.24651003,0.00730460,0.10116595,0.89883405,34.04790115
25100,0.86256146,0.86256146,108,0.99997960,0.86249108,nan,0.60773450,0,0,0,13.09075260,0.01595397,-0.30077748,1.30077748,20.03364023
25200,0.39584976,0.39584976,91,0.99988833,0.39567298,nan,0.38735730,0,0,0,18.85947227,0.01523176,-0.32234316,1.32234316,15.47843806
25300,0.43447149,0.43447149,124,0.99999588,0.43446433,nan,0.11431456,0,0,0,12.44755745,0.01392800,-0.05875510,1.05875510,12.80674823
25400,1.29913974,1.29913974,192,1.00000000,1.29913971,nan,0.00000000,0,0,0,19.13569641,0.01454850,-0.09608552,1.09608552,21.24827194
25500,0.90985054,0.90985054,337,1.00000000,0.90985054,nan,0.00000000,0,0,0,14.40970516,0.01846750,0.15014033,0.84985967,18.62675635
25600,0.27434066,0.27434066,293,1.00000000,0.27434066,nan,0.00000000,0,0,0,14.76608086,0.00904184,0.05686610,0.94313390,8.41088091
25700,1.10125840,1.10125840,60,0.99752125,1.09037994,nan,0.00000000,0,0,0,13.86800385,0.01452085,-0.26995175,1.26995175,19.86359596
25800,0.74029571,0.74029571,224,1.00000000,0.74029571,nan,0.15774990,0,0,0,7.68957949,0.01383030,-0.20404675,1.20404675,15.13482993
25900,0.26297295,0.26297295,117,0.99999171,0.26296423,nan,0.07159937,0,0,0,13.48482895,0.01584003,-0.11931682,1.11931682,10.65658108
26000,1.27683961,1.27683961,166,0.99999994,1.27683930,nan,0.00000000,0,0,0,10.30625534,0.00769445,-0.03284601,1.03284601,19.00219612
26100,0.60787070,0.60787070,122,0.99999497,0.60785847,nan,0.36125293,0,0,0,12.47620964,0.01514592,0.09076693,0.90923307,12.77250977
26200,0.53495747,0.53495747,89,0.99986361,0.53466568,nan,0.04632358,0,0,0,14.82352066,0.01249146,-0.13915247,1.13915247,11.00502949
26300,0.25503087,0.25503087,251,1.00000000,0.25503087,nan,0.00000000,0,0,0,17.40646362,0.01364502,-0.09099377,1.09099377,8.17951890
26400,1.31565332,1.31565332,224,1.00000000,1.31565332,nan,0.00000000,0,0,0,10.18947315,0.01539580,-0.16969725,1.16969725,19.38823509
26500,0.34497097,0.34497097,241,1.00000000,0.34497097,nan,0.00000000,0,0,0,12.23931885,0.01360073,-0.14507102,1.14507102,8.90869117
26600,1.18116760,1.18116760,185,0.99999999,1.18116756,nan,0.00000000,0,0,0,13.40081406,0.01313295,0.03958189,0.96041811,19.04609108
26700,0.67637712,0.67637712,137,0.99999888,0.67637408,nan,0.00000000,0,0,0,12.41183758,0.01086095,0.17113904,0.82886096,11.62518330
26800,1.41813707,1.41813707,173,0.99999997,1.41813690,nan,0.00000000,0,0,0,14.91593742,0.01808221,-0.25693123,1.25693123,18.64782731
