step,bucket_id,bucket_trusted,became_trusted,learning_samples,prediction_error,baseline_error_mean,baseline_error_std,z_score,L_t,W_t,warning,shadow_active,warmup_remaining,regime_change,num_trusted_buckets
0,-1,0,0,0,nan,nan,nan,nan,0.00000000,0.00000000,0,0,9999,0,0
100,-1,0,0,0,nan,nan,nan,nan,0.00000000,0.00000000,0,0,9899,0,0
200,-1,0,0,0,nan,nan,nan,nan,0.00000000,0.00000000,0,0,9799,0,0
300,-1,0,0,0,nan,nan,nan,nan,0.00000000,0.00000000,0,0,9699,0,0
400,-1,0,0,0,nan,nan,nan,nan,0.00000000,0.00000000,0,0,9599,0,0
500,-1,0,0,0,nan,nan,nan,nan,0.00000000,0.00000000,0,0,9499,0,0
600,-1,0,0,0,nan,nan,nan,nan,0.00000000,0.00000000,0,0,9399,0,0
700,-1,0,0,0,nan,nan,nan,nan,0.00000000,0.00000000,0,0,9299,0,0
800,-1,0,0,0,nan,nan,nan,nan,0.00000000,0.00000000,0,0,9199,0,0
900,-1,0,0,0,nan,nan,nan,nan,0.00000000,0.00000000,0,0,9099,0,0
1000,-1,0,0,0,nan,nan,nan,nan,0.00000000,0.00000000,0,0,8999,0,0
1100,-1,0,0,0,nan,nan,nan,nan,0.00000000,0.00000000,0,0,8899,0,0
1200,-1,0,0,0,nan,nan,nan,nan,0.00000000,0.00000000,0,0,8799,0,0
1300,-1,0,0,0,nan,nan,nan,nan,0.00000000,0.00000000,0,0,8699,0,0
1400,-1,0,0,0,nan,nan,nan,nan,0.00000000,0.00000000,0,0,8599,0,0
1500,-1,0,0,0,nan,nan,nan,nan,0.00000000,0.00000000,0,0,8499,0,0
1600,-1,0,0,0,nan,nan,nan,nan,0.00000000,0.00000000,0,0,8399,0,0
1700,-1,0,0,0,nan,nan,nan,nan,0.00000000,0.00000000,0,0,8299,0,0
1800,-1,0,0,0,nan,nan,nan,nan,0.00000000,0.00000000,0,0,8199,0,0
1900,-1,0,0,0,nan,nan,nan,nan,0.00000000,0.00000000,0,0,8099,0,0
2000,-1,0,0,0,nan,nan,nan,nan,0.00000000,0.00000000,0,0,7999,0,0
2100,-1,0,0,0,nan,nan,nan,nan,0.00000000,0.00000000,0,0,7899,0,0
2200,-1,0,0,0,nan,nan,nan,nan,0.00000000,0.00000000,0,0,7799,0,0
2300,-1,0,0,0,nan,nan,nan,nan,0.00000000,0.00000000,0,0,7699,0,0
2400,-1,0,0,0,nan,nan,nan,nan,0.00000000,0.00000000,0,0,7599,0,0
2500,-1,0,0,0,nan,nan,nan,nan,0.00000000,0.00000000,0,0,7499,0,0
2600,-1,0,0,0,nan,nan,nan,nan,0.00000000,0.00000000,0,0,7399,0,0
2700,-1,0,0,0,nan,nan,nan,nan,0.00000000,0.00000000,0,0,7299,0,0
2800,-1,0,0,0,nan,nan,nan,nan,0.00000000,0.00000000,0,0,7199,0,0
2900,-1,0,0,0,nan,nan,nan,nan,0.00000000,0.00000000,0,0,7099,0,0
3000,-1,0,0,0,nan,nan,nan,nan,0.00000000,0.00000000,0,0,6999,0,0
3100,-1,0,0,0,nan,nan,nan,nan,0.00000000,0.00000000,0,0,6899,0,0
3200,-1,0,0,0,nan,nan,nan,nan,0.00000000,0.00000000,0,0,6799,0,0
3300,-1,0,0,0,nan,nan,nan,nan,0.00000000,0.00000000,0,0,6699,0,0
3400,-1,0,0,0,nan,nan,nan,nan,0.00000000,0.00000000,0,0,6599,0,0
3500,-1,0,0,0,nan,nan,nan,nan,0.00000000,0.00000000,0,0,6499,0,0
3600,-1,0,0,0,nan,nan,nan,nan,0.00000000,0.00000000,0,0,6399,0,0
3700,-1,0,0,0,nan,nan,nan,nan,0.00000000,0.00000000,0,0,6299,0,0
3800,-1,0,0,0,nan,nan,nan,nan,0.00000000,0.00000000,0,0,6199,0,0
3900,-1,0,0,0,nan,nan,nan,nan,0.00000000,0.00000000,0,0,6099,0,0
4000,-1,0,0,0,nan,nan,nan,nan,0.00000000,0.00000000,0,0,5999,0,0
4100,-1,0,0,0,nan,nan,nan,nan,0.00000000,0.00000000,0,0,5899,0,0
4200,-1,0,0,0,nan,nan,nan,nan,0.00000000,0.00000000,0,0,5799,0,0
4300,-1,0,0,0,nan,nan,nan,nan,0.00000000,0.00000000,0,0,5699,0,0
4400,-1,0,0,0,nan,nan,nan,nan,0.00000000,0.00000000,0,0,5599,0,0
4500,-1,0,0,0,nan,nan,nan,nan,0.00000000,0.00000000,0,0,5499,0,0
4600,-1,0,0,0,nan,nan,nan,nan,0.00000000,0.00000000,0,0,5399,0,0
4700,-1,0,0,0,nan,nan,nan,nan,0.00000000,0.00000000,0,0,5299,0,0
4800,-1,0,0,0,nan,nan,nan,nan,0.00000000,0.00000000,0,0,5199,0,0
4900,-1,0,0,0,nan,nan,nan,nan,0.00000000,0.00000000,0,0,5099,0,0
5000,-1,0,0,0,nan,nan,nan,nan,0.00000000,0.00000000,0,0,4999,0,0
5100,-1,0,0,0,nan,nan,nan,nan,0.00000000,0.00000000,0,0,4899,0,0
5200,-1,0,0,0,nan,nan,nan,nan,0.00000000,0.00000000,0,0,4799,0,0
5300,-1,0,0,0,nan,nan,nan,nan,0.00000000,0.00000000,0,0,4699,0,0
5400,-1,0,0,0,nan,nan,nan,nan,0.00000000,0.00000000,0,0,4599,0,0
5500,-1,0,0,0,nan,nan,nan,nan,0.00000000,0.00000000,0,0,4499,0,0
5600,-1,0,0,0,nan,nan,nan,nan,0.00000000,0.00000000,0,0,4399,0,0
5700,-1,0,0,0,nan,nan,nan,nan,0.00000000,0.00000000,0,0,4299,0,0
5800,-1,0,0,0,nan,nan,nan,nan,0.00000000,0.00000000,0,0,4199,0,0
5900,-1,0,0,0,nan,nan,nan,nan,0.00000000,0.00000000,0,0,4099,0,0
6000,-1,0,0,0,nan,nan,nan,nan,0.00000000,0.00000000,0,0,3999,0,0
6100,-1,0,0,0,nan,nan,nan,nan,0.00000000,0.00000000,0,0,3899,0,0
6200,-1,0,0,0,nan,nan,nan,nan,0.00000000,0.00000000,0,0,3799,0,0
6300,-1,0,0,0,nan,nan,nan,nan,0.00000000,0.00000000,0,0,3699,0,0
6400,-1,0,0,0,nan,nan,nan,nan,0.00000000,0.00000000,0,0,3599,0,0
6500,-1,0,0,0,nan,nan,nan,nan,0.00000000,0.00000000,0,0,3499,0,0
6600,-1,0,0,0,nan,nan,nan,nan,0.00000000,0.00000000,0,0,3399,0,0
6700,-1,0,0,0,nan,nan,nan,nan,0.00000000,0.00000000,0,0,3299,0,0
6800,-1,0,0,0,nan,nan,nan,nan,0.00000000,0.00000000,0,0,3199,0,0
6900,-1,0,0,0,nan,nan,nan,nan,0.00000000,0.00000000,0,0,3099,0,0
7000,-1,0,0,0,nan,nan,nan,nan,0.00000000,0.00000000,0,0,2999,0,0
7100,-1,0,0,0,nan,nan,nan,nan,0.00000000,0.00000000,0,0,2899,0,0
7200,-1,0,0,0,nan,nan,nan,nan,0.00000000,0.00000000,0,0,2799,0,0
7300,-1,0,0,0,nan,nan,nan,nan,0.00000000,0.00000000,0,0,2699,0,0
7400,-1,0,0,0,nan,nan,nan,nan,0.00000000,0.00000000,0,0,2599,0,0
7500,-1,0,0,0,nan,nan,nan,nan,0.00000000,0.00000000,0,0,2499,0,0
7600,-1,0,0,0,nan,nan,nan,nan,0.00000000,0.00000000,0,0,2399,0,0
7700,-1,0,0,0,nan,nan,nan,nan,0.00000000,0.00000000,0,0,2299,0,0
7800,-1,0,0,0,nan,nan,nan,nan,0.00000000,0.00000000,0,0,2199,0,0
7900,-1,0,0,0,nan,nan,nan,nan,0.00000000,0.00000000,0,0,2099,0,0
8000,-1,0,0,0,nan,nan,nan,nan,0.00000000,0.00000000,0,0,1999,0,0
8100,-1,0,0,0,nan,nan,nan,nan,0.00000000,0.00000000,0,0,1899,0,0
8200,-1,0,0,0,nan,nan,nan,nan,0.00000000,0.00000000,0,0,1799,0,0
8300,-1,0,0,0,nan,nan,nan,nan,0.00000000,0.00000000,0,0,1699,0,0
8400,-1,0,0,0,nan,nan,nan,nan,0.00000000,0.00000000,0,0,1599,0,0
8500,-1,0,0,0,nan,nan,nan,nan,0.00000000,0.00000000,0,0,1499,0,0
8600,-1,0,0,0,nan,nan,nan,nan,0.00000000,0.00000000,0,0,1399,0,0
8700,-1,0,0,0,nan,nan,nan,nan,0.00000000,0.00000000,0,0,1299,0,0
8800,-1,0,0,0,nan,nan,nan,nan,0.00000000,0.00000000,0,0,1199,0,0
8900,-1,0,0,0,nan,nan,nan,nan,0.00000000,0.00000000,0,0,1099,0,0
9000,-1,0,0,0,nan,nan,nan,nan,0.00000000,0.00000000,0,0,999,0,0
9100,-1,0,0,0,nan,nan,nan,nan,0.00000000,0.00000000,0,0,899,0,0
9200,-1,0,0,0,nan,nan,nan,nan,0.00000000,0.00000000,0,0,799,0,0
9300,-1,0,0,0,nan,nan,nan,nan,0.00000000,0.00000000,0,0,699,0,0
9400,-1,0,0,0,nan,nan,nan,nan,0.00000000,0.00000000,0,0,599,0,0
9500,-1,0,0,0,nan,nan,nan,nan,0.00000000,0.00000000,0,0,499,0,0
9600,-1,0,0,0,nan,nan,nan,nan,0.00000000,0.00000000,0,0,399,0,0
9700,-1,0,0,0,nan,nan,nan,nan,0.00000000,0.00000000,0,0,299,0,0
9800,-1,0,0,0,nan,nan,nan,nan,0.00000000,0.00000000,0,0,199,0,0
9900,-1,0,0,0,nan,nan,nan,nan,0.00000000,0.00000000,0,0,99,0,0
10000,68,0,0,1,0.30245009,0.30245009,0.00000000,nan,0.00000000,0.00000000,0,0,0,0,0
10100,244,0,0,1,0.96837997,0.96837997,0.00000000,nan,0.00000000,0.00000000,0,0,0,0,0
10200,225,0,0,3,0.52553389,1.16138551,0.14879226,nan,0.00000000,0.00000000,0,0,0,0,0
10300,12,0,0,1,0.30084111,0.30084111,0.00000000,nan,0.00000000,0.00000000,0,0,0,0,0
10400,77,0,0,6,0.59597186,1.85536559,0.59090194,nan,0.00000000,0.00000000,0,0,0,0,0
10500,432,0,0,8,0.77451378,0.86960749,0.23204283,nan,0.00000000,0.00000000,0,0,0,0,0
10600,286,0,0,7,0.34766928,0.77297956,0.13789334,nan,0.00000000,0.00000000,0,0,0,0,0
10700,334,0,0,5,0.91713296,1.01846957,0.16914086,nan,0.00000000,0.00000000,0,0,0,0,0
10800,287,0,0,8,0.84130515,1.30175724,0.41784288,nan,0.00000000,0.00000000,0,0,0,0,0
10900,59,0,0,4,0.76545856,0.90879004,0.22714139,nan,0.00000000,0.00000000,0,0,0,0,0
11000,305,0,0,20,0.25584397,0.52496886,0.37366815,nan,0.00000000,0.00000000,0,0,0,0,0
11100,133,0,0,4,0.96843654,0.62455714,0.08635741,nan,0.00000000,0.00000000,0,0,0,0,0
11200,142,0,0,20,0.19100508,0.70022526,0.42457691,nan,0.00000000,0.00000000,0,0,0,0,0
11300,142,0,0,38,0.03548315,0.33962153,0.40011527,nan,0.00000000,0.00000000,0,0,0,0,0
11400,149,0,0,2,0.59920287,0.75228670,0.03511984,nan,0.00000000,0.00000000,0,0,0,0,0
11500,170,0,0,2,0.33593103,2.10375592,0.40556685,nan,0.00000000,0.00000000,0,0,0,0,0
11600,285,0,0,3,0.55629118,0.76553317,0.04867227,nan,0.00000000,0.00000000,0,0,0,0,0
11700,140,0,0,9,1.26949874,0.72680747,0.22897495,nan,0.00000000,0.00000000,0,0,0,0,1
11800,500,0,0,2,0.73357834,0.95732346,0.05133065,nan,0.00000000,0.00000000,0,0,0,0,1
11900,454,0,0,9,0.37436334,0.67896450,0.20555429,nan,0.00000000,0.00000000,0,0,0,0,1
12000,305,0,0,25,0.19788310,0.50651808,0.36586514,nan,0.00000000,0.00000000,0,0,0,0,1
12100,65,0,0,9,0.21995395,0.75598434,0.24750372,nan,0.00000000,0.00000000,0,0,0,0,1
12200,244,0,0,6,0.43310138,0.87620793,0.19971573,nan,0.00000000,5.00000000,0,0,0,0,1
12300,69,0,0,9,0.86746226,1.12411953,0.43776665,nan,0.00000000,5.00000000,0,0,0,0,1
12400,161,0,0,8,0.13028487,0.32842601,0.14763781,nan,0.00000000,5.00000000,0,0,0,0,1
12500,172,0,0,1,0.28483798,0.28483798,0.00000000,nan,0.00000000,0.00000000,0,0,0,0,0
12600,229,0,0,4,0.03730451,0.06038555,0.00900606,nan,0.00000000,0.00000000,0,0,0,0,0
12700,36,0,0,1,0.47279476,0.47279476,0.00000000,nan,0.00000000,5.00000000,0,0,0,0,1
12800,303,0,0,1,0.72420640,0.72420640,0.00000000,nan,0.00000000,0.00000000,0,0,0,0,0
12900,93,0,0,2,0.38958520,1.18938806,0.18348736,nan,0.00000000,0.00000000,0,0,0,0,0
13000,97,0,0,1,0.30734305,0.30734305,0.00000000,nan,0.00000000,0.00000000,0,0,0,0,0
13100,196,0,0,7,0.13277065,0.06128345,0.10881238,nan,0.00000000,0.00000000,0,0,0,0,0
13200,481,0,0,2,0.18871874,0.16923068,0.00447087,nan,0.00000000,0.00000000,0,0,0,0,0
13300,132,1,0,19,0.01294807,0.00814332,0.00100000,4.80474134,1.80474134,1.80474134,0,1,0,0,1
13400,436,0,0,6,0.19303733,1.22116426,0.36571194,nan,0.00000000,6.80474134,0,0,0,0,1
13500,432,0,0,6,0.03941624,0.10320768,0.05085584,nan,0.00000000,6.80474134,0,0,0,0,1
13600,381,0,0,6,1.05020132,0.45422775,0.35037010,nan,0.00000000,11.27105020,0,0,0,0,1
13700,0,0,0,10,0.58672418,0.28236880,0.10387079,nan,0.00000000,11.27105020,0,0,0,0,1
13800,377,0,0,7,0.54020743,0.76896920,0.17677071,nan,0.00000000,11.27105020,0,0,0,0,1
13900,454,0,0,4,0.39641048,0.10556474,0.08149079,nan,0.00000000,11.27105020,0,0,0,0,1
14000,68,0,0,1,0.14365865,0.14365865,0.00000000,nan,0.00000000,0.00000000,0,0,0,0,0
14100,352,0,0,2,0.26267000,0.24827104,0.00330335,nan,0.00000000,0.00000000,0,0,0,0,0
14200,113,0,0,1,0.21307402,0.21307402,0.00000000,nan,0.00000000,0.00000000,0,0,0,0,0
14300,496,0,0,1,0.39800774,0.39800774,0.00000000,nan,0.00000000,0.00000000,0,0,0,0,0
14400,289,0,0,1,0.25668474,0.25668474,0.00000000,nan,0.00000000,0.00000000,0,0,0,0,0
14500,228,0,0,15,0.04952175,0.08316021,0.07091372,nan,0.00000000,0.00000000,0,0,0,0,0
14600,432,0,0,4,0.06890283,0.08302995,0.01197891,nan,0.00000000,0.00000000,0,0,0,0,0
14700,29,0,0,1,0.23900681,0.23900681,0.00000000,nan,0.00000000,5.00000000,0,0,0,0,1
14800,149,0,0,2,0.19898252,0.16557284,0.00766471,nan,0.00000000,15.00000000,0,0,0,0,1
14900,69,0,0,1,0.07713194,0.07713194,0.00000000,nan,0.00000000,5.00000000,0,0,0,0,1
15000,50,0,0,1,0.13789328,0.13789328,0.00000000,nan,0.00000000,10.00000000,0,0,0,0,1
15100,130,0,0,1,0.41804829,0.41804829,0.00000000,nan,0.00000000,0.00000000,0,0,0,0,0
15200,12,0,0,3,0.40985785,0.12453079,0.06553643,nan,0.00000000,10.00000000,0,0,0,0,1
15300,177,0,0,2,0.11874244,0.32848252,0.04811767,nan,0.00000000,10.00000000,0,0,0,0,1
15400,305,1,1,1,0.00982301,0.00982301,0.00000000,nan,0.00000000,0.00000000,0,0,0,0,1
15500,124,0,0,1,1.00022738,1.00022738,0.00000000,nan,0.00000000,0.00000000,0,0,0,0,2
15600,0,0,0,2,0.17670794,0.03202729,0.03319202,nan,0.00000000,10.00000000,0,0,0,0,2
15700,379,0,0,2,1.62416594,1.19724060,0.09794339,nan,0.00000000,15.00000000,0,0,0,0,2
15800,418,0,0,1,0.21812817,0.21812817,0.00000000,nan,0.00000000,0.00000000,0,0,0,0,0
15900,434,0,0,5,0.05246404,0.46471504,0.18443606,nan,0.00000000,0.00000000,0,0,0,0,0
16000,307,0,0,5,0.57627347,0.52399185,0.13617169,nan,0.00000000,0.00000000,0,0,0,0,0
16100,324,0,0,1,0.21784554,0.21784554,0.00000000,nan,0.00000000,0.00000000,0,0,0,0,0
16200,422,0,0,3,0.87097399,0.23992275,0.14508720,nan,0.00000000,0.00000000,0,0,0,0,1
16300,275,0,0,4,0.49310326,0.34386493,0.05046578,nan,0.00000000,0.00000000,0,0,0,0,1
16400,398,0,0,4,0.25611609,0.16792024,0.07805088,nan,0.00000000,0.00000000,0,0,0,0,1
16500,496,0,0,6,0.51364036,0.45746282,0.10597251,nan,0.00000000,0.00000000,0,0,0,0,1
16600,373,0,0,4,0.32918894,0.17806835,0.07536049,nan,0.00000000,0.00000000,0,0,0,0,1
16700,207,0,0,12,0.04854587,0.11357592,0.12362874,nan,0.00000000,0.00000000,0,0,0,0,1
16800,232,0,0,2,0.46724625,0.56586021,0.02262359,nan,0.00000000,0.00000000,0,0,0,0,1
16900,275,0,0,6,0.27234961,0.33320495,0.05913644,nan,0.00000000,0.00000000,0,0,0,0,1
17000,304,0,0,12,0.43341348,0.32734842,0.10757260,nan,0.00000000,0.00000000,0,0,0,0,1
17100,284,0,0,1,0.28635829,0.28635829,0.00000000,nan,0.00000000,4.65267109,0,0,0,0,2
17200,11,0,0,3,0.51119736,0.42414108,0.04206552,nan,0.00000000,4.65267109,0,0,0,0,2
17300,415,0,0,7,1.14152471,0.51664322,0.15770376,nan,0.00000000,4.65267109,0,0,0,0,2
17400,510,0,0,17,0.18613375,0.32101068,0.15059212,nan,0.00000000,9.65267109,0,0,0,0,2
17500,259,0,0,5,0.35451948,0.33804490,0.04100716,nan,0.00000000,9.65267109,0,0,0,0,2
17600,15,0,0,7,0.13380759,0.26544601,0.20868540,nan,0.00000000,9.65267109,0,0,0,0,2
17700,509,0,0,10,0.41950233,0.70051541,0.24214132,nan,0.00000000,9.65267109,0,0,0,0,2
17800,27,0,0,10,0.28699658,0.66373472,0.18368839,nan,0.00000000,14.65267109,0,0,0,0,2
17900,494,0,0,7,0.38148504,0.71270526,0.16571361,nan,0.00000000,14.65267109,0,0,0,0,3
18000,64,0,0,1,0.32823940,0.32823940,0.00000000,nan,0.00000000,0.00000000,0,0,0,0,0
18100,104,0,0,1,0.26824800,0.26824800,0.00000000,nan,0.00000000,0.00000000,0,0,0,0,0
18200,510,0,0,1,0.19534046,0.19534046,0.00000000,nan,0.00000000,0.00000000,0,0,0,0,0
18300,275,0,0,1,0.50585606,0.50585606,0.00000000,nan,0.00000000,0.00000000,0,0,0,0,0
18400,474,0,0,1,0.50974200,0.50974200,0.00000000,nan,0.00000000,0.00000000,0,0,0,0,0
18500,206,0,0,20,0.07664061,0.12414012,0.12398715,nan,0.00000000,0.00000000,0,0,0,0,0
18600,143,0,0,9,1.06059563,0.72143786,0.34994369,nan,0.00000000,0.00000000,0,0,0,0,0
18700,68,0,0,3,0.03081736,2.20756907,0.71100695,nan,0.00000000,0.00000000,0,0,0,0,0
18800,228,0,0,6,0.15786168,0.16814993,0.07597212,nan,0.00000000,0.00000000,0,0,0,0,0
18900,478,0,0,2,1.34477930,0.36076653,0.22574801,nan,0.00000000,0.00000000,0,0,0,0,0
19000,16,0,0,2,0.13156608,0.25317285,0.02789851,nan,0.00000000,0.00000000,0,0,0,0,0
19100,50,0,0,2,0.18766738,0.97121081,0.17975719,nan,0.00000000,0.00000000,0,0,0,0,0
19200,133,0,0,6,0.06002722,0.08309033,0.01630366,nan,0.00000000,5.00000000,0,0,0,0,1
19300,313,0,0,5,0.36443934,0.46342396,0.10473364,nan,0.00000000,5.00000000,0,0,0,0,1
19400,361,0,0,1,1.35991492,1.35991492,0.00000000,nan,0.00000000,5.00000000,0,0,0,0,1
19500,369,0,0,7,0.01903256,0.47235010,0.17442278,nan,0.00000000,5.00000000,0,0,0,0,1
19600,235,0,0,1,0.50173034,0.50173034,0.00000000,nan,0.00000000,5.00000000,0,0,0,0,1
19700,266,0,0,3,0.29293314,0.75275099,0.13771188,nan,0.00000000,5.00000000,0,0,0,0,1
19800,2,0,0,12,0.36437365,0.25976939,0.20163703,nan,0.00000000,5.00000000,0,0,0,0,1
19900,368,0,0,18,0.19570835,0.49449245,0.38942320,nan,0.00000000,5.00000000,0,0,0,0,1
20000,50,0,0,4,0.40691159,0.91829707,0.23479078,nan,0.00000000,5.00000000,0,0,0,0,1
20100,142,0,0,16,0.04767594,0.12467958,0.09646320,nan,0.00000000,5.00000000,0,0,0,0,1
20200,159,0,0,9,0.04007694,0.22667649,0.06454152,nan,0.00000000,5.00000000,0,0,0,0,2
20300,262,0,0,6,0.14207535,0.87779796,0.19220222,nan,0.00000000,5.00000000,0,0,0,0,3
20400,352,0,0,13,0.08529550,0.51418638,0.31233904,nan,0.00000000,5.00000000,0,0,0,0,3
20500,305,0,0,14,0.08877500,0.17469267,0.10555357,nan,0.00000000,5.00000000,0,0,0,0,4
20600,435,0,0,1,0.45099599,0.45099599,0.00000000,nan,0.00000000,0.00000000,0,0,0,0,0
20700,96,0,0,1,0.42980584,0.42980584,0.00000000,nan,0.00000000,0.00000000,0,0,0,0,0
20800,379,0,0,5,0.05536508,0.18364469,0.06928254,nan,0.00000000,0.00000000,0,0,0,0,0
20900,406,0,0,1,0.51413844,0.51413844,0.00000000,nan,0.00000000,0.00000000,0,0,0,0,0
21000,14,0,0,1,0.09362257,0.09362257,0.00000000,nan,0.00000000,0.00000000,0,0,0,0,0
21100,198,0,0,3,0.24059337,0.10064596,0.03391061,nan,0.00000000,1.25217281,0,0,0,0,1
21200,434,0,0,6,0.06258848,0.18593811,0.04853509,nan,0.00000000,0.00000000,0,0,0,0,2
21300,3,0,0,1,0.65080956,0.65080956,0.00000000,nan,0.00000000,0.00000000,0,0,0,0,3
21400,205,0,0,10,0.04182246,0.16403362,0.08741420,nan,0.00000000,5.00000000,0,0,0,0,4
21500,307,0,0,4,0.07315517,0.20384413,0.03861338,nan,0.00000000,10.00000000,0,0,0,0,4
21600,432,0,0,6,0.33850384,0.19107354,0.05720212,nan,0.00000000,15.00000000,0,0,0,0,4
21700,206,0,0,2,0.18575284,0.14481010,0.00939291,nan,0.00000000,0.00000000,0,0,0,0,0
21800,481,0,0,3,0.04323998,0.07232445,0.01058252,nan,0.00000000,0.00000000,0,0,0,0,0
21900,390,0,0,1,0.27228682,0.27228682,0.00000000,nan,0.00000000,0.00000000,0,0,0,0,0
22000,305,0,0,5,0.37644459,0.14855376,0.05647454,nan,0.00000000,0.00000000,0,0,0,0,0
22100,48,0,0,4,0.27583989,0.36306064,0.04834146,nan,0.00000000,0.00000000,0,0,0,0,0
22200,6,0,0,2,0.34051105,0.14176288,0.04559596,nan,0.00000000,0.00000000,0,0,0,0,0
22300,76,0,0,5,0.05977234,0.11067731,0.01975230,nan,0.00000000,0.00000000,0,0,0,0,0
22400,316,0,0,1,1.28755553,1.28755553,0.00000000,nan,0.00000000,0.00000000,0,0,0,0,0
22500,15,0,0,5,0.10111965,0.12109142,0.02449732,nan,0.00000000,0.00000000,0,0,0,0,0
22600,197,0,0,9,0.10405010,0.19117729,0.05552477,nan,0.00000000,0.00000000,0,0,0,0,1
22700,432,0,0,2,0.09127791,0.22550931,0.03079480,nan,0.00000000,0.00000000,0,0,0,0,1
22800,197,0,0,10,0.10156817,0.18669684,0.05753490,nan,0.00000000,10.00000000,0,0,0,0,1
22900,462,1,1,5,0.00306137,0.00306137,0.00000000,nan,0.00000000,10.00000000,0,0,0,0,2
23000,14,0,0,1,0.40444122,0.40444122,0.00000000,nan,0.00000000,0.00000000,0,0,0,0,0
23100,236,0,0,1,0.06446831,0.06446831,0.00000000,nan,0.00000000,0.00000000,0,0,0,0,0
23200,316,0,0,1,0.92519680,0.92519680,0.00000000,nan,0.00000000,0.00000000,0,0,0,0,0
23300,120,0,0,1,0.65875655,0.65875655,0.00000000,nan,0.00000000,5.00000000,0,0,0,0,1
23400,121,0,0,1,0.54670037,0.54670037,0.00000000,nan,0.00000000,15.00000000,0,0,0,0,1
23500,41,0,0,2,0.48826000,0.50415934,0.00364756,nan,0.00000000,0.00000000,0,0,0,0,1
23600,288,0,0,1,0.19466746,0.19466746,0.00000000,nan,0.00000000,0.00000000,0,0,0,0,2
23700,147,0,0,1,0.78890037,0.78890037,0.00000000,nan,0.00000000,5.00000000,0,0,0,0,3
23800,197,0,0,1,0.27585724,0.27585724,0.00000000,nan,0.00000000,0.00000000,0,0,0,0,0
23900,207,0,0,1,0.53105508,0.53105508,0.00000000,nan,0.00000000,0.00000000,0,0,0,0,0
24000,18,0,0,1,0.68259325,0.68259325,0.00000000,nan,0.00000000,0.00000000,0,0,0,0,1
24100,139,0,0,1,0.34125311,0.34125311,0.00000000,nan,0.00000000,15.00000000,0,0,0,0,2
24200,207,0,0,1,0.06446575,0.06446575,0.00000000,nan,0.00000000,0.00000000,0,0,0,0,0
24300,317,0,0,2,0.13224061,0.10958050,0.00519859,nan,0.00000000,0.00000000,0,0,0,0,0
24400,304,0,0,2,0.27235655,0.07437619,0.04541981,nan,0.00000000,5.00000000,0,0,0,0,1
24500,335,0,0,3,0.04589579,0.22475590,0.07218758,nan,0.00000000,5.00000000,0,0,0,0,1
24600,206,0,0,9,0.07741922,0.09655828,0.04574025,nan,0.00000000,5.00000000,0,0,0,0,1
24700,26,0,0,4,0.19421687,0.37484059,0.09229975,nan,0.00000000,5.00000000,0,0,0,0,1
24800,386,0,0,2,0.02056705,0.03807535,0.00401668,nan,0.00000000,5.00000000,0,0,0,0,1
24900,506,0,0,1,0.10865649,0.10865649,0.00000000,nan,0.00000000,0.00000000,0,0,0,0,1
25000,50,0,0,1,0.12406041,0.12406041,0.00000000,nan,0.00000000,1.47885480,0,0,0,0,1
25100,97,0,0,1,0.26751792,0.26751792,0.00000000,nan,0.00000000,11.47885480,0,0,0,0,2
25200,381,0,0,5,0.06030261,0.33264434,0.21416278,nan,0.00000000,0.00000000,0,0,0,0,0
25300,291,0,0,1,0.21207308,0.21207308,0.00000000,nan,0.00000000,0.00000000,0,0,0,0,0
25400,305,0,0,9,0.19983393,0.30474124,0.12457351,nan,0.00000000,0.00000000,0,0,0,0,0
25500,333,0,0,3,0.07017976,0.06955660,0.04269999,nan,0.00000000,0.00000000,0,0,0,0,0
25600,287,0,0,9,0.11979413,0.16879372,0.05767333,nan,0.00000000,0.00000000,0,0,0,0,1
25700,306,0,0,5,0.06868857,0.14561050,0.04215741,nan,0.00000000,0.00000000,0,0,0,0,2
25800,507,0,0,2,0.17058661,0.46958770,0.06859555,nan,0.00000000,0.00000000,0,0,0,0,0
25900,254,0,0,1,0.11701077,0.11701077,0.00000000,nan,0.00000000,0.00000000,0,0,0,0,0
26000,4,0,0,1,0.18136478,0.18136478,0.00000000,nan,0.00000000,0.00000000,0,0,0,0,2
26100,134,0,0,3,0.03314692,0.03651090,0.00733243,nan,0.00000000,5.00000000,0,0,0,0,2
26200,381,0,0,3,0.12928444,0.25649885,0.03058672,nan,0.00000000,5.00000000,0,0,0,0,2
26300,80,0,0,2,1.13457786,1.02064109,0.02613889,nan,0.00000000,5.00000000,0,0,0,0,2
26400,2,0,0,1,0.17725663,0.17725663,0.00000000,nan,0.00000000,0.00000000,0,0,0,0,0
26500,306,0,0,3,0.08306664,0.05894121,0.01434496,nan,0.00000000,5.00000000,0,0,0,0,2
26600,304,0,0,3,0.29955549,0.30703221,0.05228233,nan,0.00000000,14.00685636,0,0,0,0,3
26700,253,0,0,1,0.15384092,0.15384092,0.00000000,nan,0.00000000,0.00000000,0,0,0,0,0
26800,0,0,0,4,0.17152230,0.15841883,0.10737273,nan,0.00000000,5.00000000,0,0,0,0,1
26900,273,0,0,1,0.47601571,0.47601571,0.00000000,nan,0.00000000,0.00000000,0,0,0,0,0
27000,25,0,0,1,0.29656736,0.29656736,0.00000000,nan,0.00000000,0.00000000,0,0,0,0,0
27100,16,0,0,3,0.14854434,0.60285299,0.12258724,nan,0.00000000,0.00000000,0,0,0,0,0
27200,14,0,0,4,0.04228323,0.41226170,0.13247290,nan,0.00000000,10.00000000,0,0,0,0,1
27300,373,0,0,1,0.07521159,0.07521159,0.00000000,nan,0.00000000,10.00000000,0,0,0,0,2
27400,319,0,0,1,0.18677893,0.18677893,0.00000000,nan,0.00000000,0.00000000,0,0,0,0,0
27500,377,0,0,3,0.18248606,0.19887018,0.03414596,nan,0.00000000,5.00000000,0,0,0,0,3
27600,505,0,0,1,0.04706328,0.04706328,0.00000000,nan,0.00000000,15.00000000,0,0,0,0,1
27700,97,0,0,1,0.12315851,0.12315851,0.00000000,nan,0.00000000,0.00000000,0,0,0,0,0
27800,267,0,0,1,0.35440249,0.35440249,0.00000000,nan,0.00000000,0.00000000,0,0,0,0,0
27900,340,0,0,2,0.52693830,0.32606634,0.04608319,nan,0.00000000,0.00000000,0,0,0,0,0
28000,30,0,0,1,0.09722167,0.09722167,0.00000000,nan,0.00000000,0.00000000,0,0,0,0,0
28100,419,0,0,1,0.75477267,0.75477267,0.00000000,nan,0.00000000,0.00000000,0,0,0,0,1
28200,26,0,0,1,0.30597630,0.30597630,0.00000000,nan,0.00000000,10.00000000,0,0,0,0,1
28300,112,0,0,3,0.47992861,0.13344000,0.15195390,nan,0.00000000,10.00000000,0,0,0,0,1
28400,368,0,0,2,0.09425555,0.03138033,0.01442456,nan,0.00000000,10.00000000,0,0,0,0,1
28500,460,0,0,1,0.28328490,0.28328490,0.00000000,nan,0.00000000,10.00000000,0,0,0,0,1
28600,383,0,0,7,0.12943632,0.20263492,0.07434987,nan,0.00000000,10.00000000,0,0,0,0,2
28700,65,0,0,2,0.24433589,0.15289308,0.02097842,nan,0.00000000,15.00000000,0,0,0,0,2
28800,71,0,0,1,0.77259567,0.77259567,0.00000000,nan,0.00000000,0.00000000,0,0,0,0,0
28900,383,0,0,4,0.10269690,0.24878421,0.03682477,nan,0.00000000,0.00000000,0,0,0,0,0
29000,142,0,0,1,0.20526129,0.20526129,0.00000000,nan,0.00000000,5.00000000,0,0,0,0,3
29100,101,0,0,1,0.16189282,0.16189282,0.00000000,nan,0.00000000,5.00000000,0,0,0,0,4
29200,196,0,0,1,0.03729357,0.03729357,0.00000000,nan,0.00000000,0.00000000,0,0,0,0,0
29300,369,0,0,1,0.13793200,0.13793200,0.00000000,nan,0.00000000,0.00000000,0,0,0,0,0
29400,390,0,0,1,0.10466561,0.10466561,0.00000000,nan,0.00000000,0.00000000,0,0,0,0,0
29500,495,0,0,8,0.16298937,0.15170482,0.05412102,nan,0.00000000,0.00000000,0,0,0,0,1
29600,320,0,0,2,0.30879749,0.06390468,0.05618226,nan,0.00000000,0.00000000,0,0,0,0,1
29700,69,0,0,3,0.67761401,0.08357033,0.20251948,nan,0.00000000,0.00000000,0,0,0,0,3
29800,299,0,0,1,0.13948858,0.13948858,0.00000000,nan,0.00000000,0.00000000,0,0,0,0,0
29900,306,0,0,1,0.05468504,0.05468504,0.00000000,nan,0.00000000,0.00000000,0,0,0,0,0
30000,54,0,0,1,0.28763725,0.28763725,0.00000000,nan,0.00000000,0.00000000,0,0,0,0,0
30100,304,0,0,5,0.11189871,0.10125210,0.08534086,nan,0.00000000,0.00000000,0,0,0,0,0
30200,310,0,0,1,0.22822939,0.22822939,0.00000000,nan,0.00000000,0.00000000,0,0,0,0,1
30300,307,0,0,4,0.14906970,0.14062771,0.04295146,nan,0.00000000,5.00000000,0,0,0,0,1
30400,315,1,1,15,0.00981529,0.00981529,0.00000000,nan,0.00000000,15.00000000,0,0,0,0,3
30500,305,0,0,1,0.36542484,0.36542484,0.00000000,nan,0.00000000,0.00000000,0,0,0,0,1
30600,328,0,0,1,1.65999745,1.65999745,0.00000000,nan,0.00000000,15.00000000,0,0,0,0,1
30700,365,0,0,1,0.12033689,0.12033689,0.00000000,nan,0.00000000,0.00000000,0,0,0,0,0
30800,481,0,0,3,0.31748472,0.11175062,0.04750961,nan,0.00000000,0.00000000,0,0,0,0,0
30900,500,0,0,1,0.14223105,0.14223105,0.00000000,nan,0.00000000,0.00000000,0,0,0,0,1
31000,22,0,0,1,0.46696188,0.46696188,0.00000000,nan,0.00000000,10.00000000,0,0,0,0,1
31100,320,0,0,2,0.29526788,0.08694962,0.04779149,nan,0.00000000,10.00000000,0,0,0,0,1
31200,315,0,0,10,0.13824701,0.16156287,0.07938306,nan,0.00000000,10.00000000,0,0,0,0,1
31300,315,0,0,12,0.29978027,0.16351856,0.08459053,nan,0.00000000,10.00000000,0,0,0,0,1
31400,414,0,0,3,0.07732018,0.02207693,0.01272370,nan,0.00000000,15.00000000,0,0,0,0,2
31500,207,0,0,1,0.03114785,0.03114785,0.00000000,nan,0.00000000,0.00000000,0,0,0,0,0
31600,205,0,0,4,0.10840349,0.35622169,0.11033793,nan,0.00000000,10.00000000,0,0,0,0,1
31700,495,0,0,2,0.32050407,0.06621480,0.05833796,nan,0.00000000,0.00000000,0,0,0,0,0
31800,371,0,0,2,0.06969523,0.20858786,0.03186415,nan,0.00000000,9.58303074,0,0,0,0,1
31900,355,0,0,1,0.14750383,0.14750383,0.00000000,nan,0.00000000,0.00000000,0,0,0,0,1
32000,70,0,0,1,0.63232951,0.63232951,0.00000000,nan,0.00000000,10.00000000,0,0,0,0,1
32100,64,0,0,5,0.09196969,0.22198754,0.03727129,nan,0.00000000,0.00000000,0,0,0,0,0
32200,365,0,0,1,0.16377795,0.16377795,0.00000000,nan,0.00000000,5.00000000,0,0,0,0,1
32300,509,0,0,3,0.03631468,0.08907791,0.01472878,nan,0.00000000,5.00000000,0,0,0,0,2
32400,239,0,0,4,0.08314136,0.07812647,0.00765733,nan,0.00000000,5.00000000,0,0,0,0,2
32500,506,0,0,2,0.03417949,0.03814061,0.00090875,nan,0.00000000,5.00000000,0,0,0,0,3
32600,274,0,0,2,0.07053059,0.20660925,0.03121859,nan,0.00000000,0.00000000,0,0,0,0,2
32700,240,0,0,1,0.25458182,0.25458182,0.00000000,nan,0.00000000,0.00000000,0,0,0,0,3
32800,284,0,0,1,0.40488431,0.40488431,0.00000000,nan,0.00000000,0.00000000,0,0,0,0,0
32900,239,0,0,2,0.05739043,0.06512224,0.00177380,nan,0.00000000,0.00000000,0,0,0,0,1
33000,38,0,0,1,0.89903896,0.89903896,0.00000000,nan,0.00000000,10.00000000,0,0,0,0,3
33100,237,0,0,1,0.13913733,0.13913733,0.00000000,nan,0.00000000,0.00000000,0,0,0,0,0
33200,485,0,0,1,0.10265398,0.10265398,0.00000000,nan,0.00000000,0.00000000,0,0,0,0,1
33300,417,0,0,1,0.42950363,0.42950363,0.00000000,nan,0.00000000,5.00000000,0,0,0,0,2
33400,11,0,0,1,0.35210237,0.35210237,0.00000000,nan,0.00000000,5.00000000,0,0,0,0,3
33500,272,0,0,6,0.08275822,0.12297915,0.03328337,nan,0.00000000,5.00000000,0,0,0,0,3
33600,436,0,0,2,0.19047332,0.42490720,0.05378282,nan,0.00000000,5.00000000,0,0,0,0,3
33700,493,0,0,1,0.13393308,0.13393308,0.00000000,nan,0.00000000,0.00000000,0,0,0,0,0
33800,201,0,0,1,0.09307494,0.09307494,0.00000000,nan,0.00000000,5.00000000,0,0,0,0,1
33900,390,0,0,1,0.01906828,0.01906828,0.00000000,nan,0.00000000,0.00000000,0,0,0,0,1
34000,353,0,0,2,0.11227744,0.03372909,0.01802023,nan,0.00000000,5.00000000,0,0,0,0,1
34100,306,1,0,1,0.02956049,0.00355470,0.00100000,26.00579848,5.00000000,10.00000000,1,1,0,0,1
34200,305,0,0,2,0.06869176,0.06232588,0.00146043,nan,0.00000000,0.00000000,0,0,0,0,0
34300,481,0,0,2,0.05242756,0.14048824,0.02020251,nan,0.00000000,0.00000000,0,0,0,0,1
34400,286,0,0,3,0.01797947,0.09825639,0.02429565,nan,0.00000000,0.00000000,0,0,0,0,0
34500,363,0,0,1,0.18771442,0.18771442,0.00000000,nan,0.00000000,0.00000000,0,0,0,0,1
34600,479,0,0,1,0.20018104,0.20018104,0.00000000,nan,0.00000000,0.00000000,0,0,0,0,0
34700,274,0,0,3,0.05030054,0.11817456,0.02876739,nan,0.00000000,5.00000000,0,0,0,0,3
34800,487,0,0,1,0.09065535,0.09065535,0.00000000,nan,0.00000000,0.00000000,0,0,0,0,0
34900,95,0,0,1,0.18571612,0.18571612,0.00000000,nan,0.00000000,0.00000000,0,0,0,0,0
35000,305,0,0,1,0.20821289,0.20821289,0.00000000,nan,0.00000000,0.00000000,0,0,0,0,0
35100,499,0,0,1,0.21405196,0.21405196,0.00000000,nan,0.00000000,0.00000000,0,0,0,0,0
35200,274,0,0,7,0.09006333,0.08478276,0.02216083,nan,0.00000000,0.00000000,0,0,0,0,0
35300,16,0,0,1,0.28258894,0.28258894,0.00000000,nan,0.00000000,0.00000000,0,0,0,0,0
35400,123,0,0,1,0.16173062,0.16173062,0.00000000,nan,0.00000000,0.00000000,0,0,0,0,0
35500,128,0,0,2,0.22741685,1.22613120,0.22912079,nan,0.00000000,0.00000000,0,0,0,0,0
35600,503,0,0,1,0.36644729,0.36644729,0.00000000,nan,0.00000000,5.00000000,0,0,0,0,3
35700,485,0,0,2,0.30265722,0.11547687,0.04294212,nan,0.00000000,15.00000000,0,0,0,0,2
35800,431,0,0,1,0.06477384,0.06477384,0.00000000,nan,0.00000000,0.00000000,0,0,0,0,0
35900,453,0,0,3,0.08521702,0.16552065,0.02648476,nan,0.00000000,0.00000000,0,0,0,0,2
36000,97,0,0,1,0.11104432,0.11104432,0.00000000,nan,0.00000000,10.00000000,0,0,0,0,2
36100,489,0,0,1,0.05365306,0.05365306,0.00000000,nan,0.00000000,0.00000000,0,0,0,0,0
36200,282,0,0,1,0.07197352,0.07197352,0.00000000,nan,0.00000000,0.00000000,0,0,0,0,0
36300,365,0,0,3,0.49115677,0.09815322,0.09301668,nan,0.00000000,0.00000000,0,0,0,0,1
36400,410,0,0,1,0.02375977,0.02375977,0.00000000,nan,0.00000000,8.76722814,0,0,0,0,3
36500,453,0,0,1,0.19739948,0.19739948,0.00000000,nan,0.00000000,0.00000000,0,0,0,0,0
36600,367,0,0,3,0.09926071,0.46284259,0.10765341,nan,0.00000000,3.89668324,0,0,0,0,2
36700,315,0,0,6,0.04396040,0.06603744,0.03370032,nan,0.00000000,4.56715027,0,0,0,0,3
36800,370,0,0,1,0.08275804,0.08275804,0.00000000,nan,0.00000000,0.00000000,0,0,0,0,0
36900,371,0,0,1,0.40983657,0.40983657,0.00000000,nan,0.00000000,0.00000000,0,0,0,0,0
37000,17,0,0,1,0.44348256,0.44348256,0.00000000,nan,0.00000000,0.00000000,0,0,0,0,1
37100,507,0,0,3,0.10454398,0.81344970,0.21586876,nan,0.00000000,2.24660648,0,0,0,0,3
37200,483,0,0,2,0.21513919,0.08752862,0.02927587,nan,0.00000000,0.00000000,0,0,0,0,0
37300,287,0,0,1,0.04515472,0.04515472,0.00000000,nan,0.00000000,0.00000000,0,0,0,0,0
37400,449,0,0,2,0.10448391,0.18693489,0.01891555,nan,0.00000000,5.00000000,0,0,0,0,2
37500,495,0,0,10,0.09650784,0.09009801,0.03497732,nan,0.00000000,15.00000000,0,0,0,0,6
37600,30,0,0,1,0.15596592,0.15596592,0.00000000,nan,0.00000000,0.00000000,0,0,0,0,1
37700,75,0,0,2,0.14107025,0.32447552,0.04207605,nan,0.00000000,15.00000000,0,0,0,0,1
37800,324,0,0,1,0.25460968,0.25460968,0.00000000,nan,0.00000000,0.00000000,0,0,0,0,2
37900,311,0,0,1,0.96131369,0.96131369,0.00000000,nan,0.00000000,3.96867025,0,0,0,0,2
38000,272,0,0,3,0.47412351,0.05972753,0.09519244,nan,0.00000000,0.00000000,0,0,0,0,0
38100,305,0,0,3,0.11825261,0.14674774,0.07949499,nan,0.00000000,0.00000000,0,0,0,0,1
38200,453,0,0,3,0.02071644,0.25913897,0.11865897,nan,0.00000000,0.00000000,0,0,0,0,1
38300,220,0,0,1,0.26729439,0.26729439,0.00000000,nan,0.00000000,5.00000000,0,0,0,0,3
38400,487,0,0,1,0.06450395,0.06450395,0.00000000,nan,0.00000000,0.00000000,0,0,0,0,1
38500,197,0,0,2,0.07125558,0.11663371,0.01041046,nan,0.00000000,5.00000000,0,0,0,0,3
38600,305,0,0,1,0.08278407,0.08278407,0.00000000,nan,0.00000000,0.00000000,0,0,0,0,0
38700,80,0,0,1,0.85204047,0.85204047,0.00000000,nan,0.00000000,0.00000000,0,0,0,0,0
38800,120,0,0,1,0.24608164,0.24608164,0.00000000,nan,0.00000000,5.00000000,0,0,0,0,1
38900,312,0,0,1,0.03253166,0.03253166,0.00000000,nan,0.00000000,0.00000000,0,0,0,0,0
39000,85,0,0,1,0.16426617,0.16426617,0.00000000,nan,0.00000000,0.00000000,0,0,0,0,0
39100,274,1,1,6,0.00761453,0.00761453,0.00000000,nan,0.00000000,0.00000000,0,0,0,0,2
39200,508,0,0,1,0.05122826,0.05122826,0.00000000,nan,0.00000000,0.00000000,0,0,0,0,2
39300,274,0,0,3,0.03417083,0.02475494,0.00323495,nan,0.00000000,0.00000000,0,0,0,0,0
39400,496,0,0,4,0.05369165,0.07616614,0.05418496,nan,0.00000000,0.00000000,0,0,0,0,1
39500,481,0,0,6,0.01279851,0.01916129,0.00767323,nan,0.00000000,15.00000000,0,0,0,0,2
39600,275,0,0,1,0.16659662,0.16659662,0.00000000,nan,0.00000000,0.00000000,0,0,0,0,0
39700,355,0,0,2,0.29067278,0.06054921,0.05279397,nan,0.00000000,0.00000000,0,0,0,0,1
39800,218,0,0,1,0.09678352,0.09678352,0.00000000,nan,0.00000000,10.00000000,0,0,0,0,2
39900,493,0,0,9,0.02735441,0.02959524,0.02950901,nan,0.00000000,15.00000000,0,0,0,0,3
40000,65,0,0,1,0.20578942,0.20578942,0.00000000,nan,0.00000000,5.00000000,0,0,0,0,3
40100,72,0,0,1,0.38238583,0.38238583,0.00000000,nan,0.00000000,5.00000000,0,0,0,0,3
40200,16,0,0,1,0.06307832,0.06307832,0.00000000,nan,0.00000000,0.00000000,0,0,0,0,1
40300,497,0,0,1,0.04163997,0.04163997,0.00000000,nan,0.00000000,0.00000000,0,0,0,0,3
40400,482,0,0,1,0.10494992,0.10494992,0.00000000,nan,0.00000000,0.00000000,0,0,0,0,0
40500,143,0,0,2,0.09327464,0.03714502,0.01287702,nan,0.00000000,15.00000000,0,0,0,0,4
40600,345,0,0,1,0.04584500,0.04584500,0.00000000,nan,0.00000000,0.00000000,0,0,0,0,0
40700,493,1,0,3,0.09985783,0.00603609,0.00100000,93.82174458,5.00000000,10.00000000,1,1,0,0,3
40800,386,0,0,1,0.08252330,0.08252330,0.00000000,nan,0.00000000,0.00000000,0,0,0,0,1
40900,283,1,1,4,0.00655729,0.00655729,0.00000000,nan,0.00000000,15.00000000,0,0,0,0,7
41000,305,0,0,1,0.03680229,0.03680229,0.00000000,nan,0.00000000,0.00000000,0,0,0,0,2
41100,274,0,0,4,0.02277238,0.03054003,0.00471526,nan,0.00000000,10.00000000,0,0,0,0,3
41200,508,0,0,2,0.18607745,0.05737537,0.02952628,nan,0.00000000,14.01633347,0,0,0,0,5
41300,274,0,0,5,0.07681000,0.21818251,0.06149718,nan,0.00000000,5.00000000,0,0,0,0,1
41400,379,0,0,2,0.06952724,0.04917697,0.00466867,nan,0.00000000,0.00000000,0,0,0,0,0
41500,508,0,0,1,0.11452186,0.11452186,0.00000000,nan,0.00000000,5.00000000,0,0,0,0,1
41600,336,0,0,2,0.09816258,0.14113935,0.00985955,nan,0.00000000,5.00000000,0,0,0,0,1
41700,274,0,0,1,0.10999764,0.10999764,0.00000000,nan,0.00000000,0.00000000,0,0,0,0,0
41800,421,0,0,1,0.28131368,0.28131368,0.00000000,nan,0.00000000,5.00000000,0,0,0,0,2
41900,480,0,0,4,0.04433670,0.05365967,0.01549412,nan,0.00000000,6.37732227,0,0,0,0,4
42000,2,0,0,1,0.47999596,0.47999596,0.00000000,nan,0.00000000,15.00000000,0,0,0,0,2
42100,496,0,0,5,0.12490532,0.14333550,0.01470047,nan,0.00000000,15.00000000,0,0,0,0,2
42200,416,0,0,1,0.99028617,0.99028617,0.00000000,nan,0.00000000,0.00000000,0,0,0,0,0
42300,371,0,0,2,0.04943912,0.02671537,0.00521319,nan,0.00000000,0.00000000,0,0,0,0,2
42400,357,0,0,1,0.16369385,0.16369385,0.00000000,nan,0.00000000,10.00000000,0,0,0,0,4
42500,346,0,0,2,0.11477956,0.18580056,0.01629333,nan,0.00000000,0.00000000,0,0,0,0,2
42600,369,0,0,1,0.15594277,0.15594277,0.00000000,nan,0.00000000,0.00000000,0,0,0,0,2
42700,392,0,0,1,0.37693104,0.37693104,0.00000000,nan,0.00000000,4.09314676,0,0,0,0,2
42800,477,0,0,1,0.13931009,0.13931009,0.00000000,nan,0.00000000,5.00000000,0,0,0,0,2
42900,463,0,0,2,0.04495814,0.09393340,0.01123570,nan,0.00000000,0.00000000,0,0,0,0,0
43000,0,0,0,2,0.28978859,0.07563624,0.04912992,nan,0.00000000,0.00000000,0,0,0,0,0
43100,351,0,0,3,0.11375628,0.19371585,0.02665958,nan,0.00000000,0.00000000,0,0,0,0,2
43200,280,0,0,2,0.14518197,0.06275162,0.01891082,nan,0.00000000,10.00000000,0,0,0,0,2
43300,328,0,0,1,0.60122838,0.60122838,0.00000000,nan,0.00000000,15.00000000,0,0,0,0,3
43400,315,0,0,1,0.15461884,0.15461884,0.00000000,nan,0.00000000,0.00000000,0,0,0,0,0
43500,200,0,0,1,0.09969281,0.09969281,0.00000000,nan,0.00000000,0.00000000,0,0,0,0,0
43600,408,0,0,1,0.24389297,0.24389297,0.00000000,nan,0.00000000,10.00000000,0,0,0,0,2
43700,368,0,0,2,0.12398726,0.03943366,0.01939792,nan,0.00000000,0.00000000,0,0,0,0,0
43800,495,0,0,2,0.02206531,0.13574866,0.02608075,nan,0.00000000,0.00000000,0,0,0,0,2
43900,344,0,0,2,0.09802622,0.06933486,0.00658225,nan,0.00000000,0.00000000,0,0,0,0,4
44000,64,0,0,1,0.49606673,0.49606673,0.00000000,nan,0.00000000,0.00000000,0,0,0,0,0
44100,382,0,0,1,0.65685935,0.65685935,0.00000000,nan,0.00000000,0.00000000,0,0,0,0,1
44200,260,0,0,1,0.05251810,0.05251810,0.00000000,nan,0.00000000,10.00000000,0,0,0,0,2
44300,305,0,0,1,0.05993900,0.05993900,0.00000000,nan,0.00000000,0.00000000,0,0,0,0,0
44400,121,0,0,1,0.09032420,0.09032420,0.00000000,nan,0.00000000,0.00000000,0,0,0,0,1
44500,492,0,0,1,0.08825093,0.08825093,0.00000000,nan,0.00000000,10.00000000,0,0,0,0,2
44600,335,0,0,2,0.47812975,0.06388478,0.09503431,nan,0.00000000,5.00000000,0,0,0,0,2
44700,489,0,0,4,0.01373181,0.03609865,0.03617247,nan,0.00000000,15.00000000,0,0,0,0,2
44800,509,0,0,4,0.07170498,0.02612792,0.01270077,nan,0.00000000,13.23766906,0,0,0,0,2
44900,74,0,0,1,0.24608790,0.24608790,0.00000000,nan,0.00000000,0.00000000,0,0,0,0,0
45000,70,0,0,1,0.55676236,0.55676236,0.00000000,nan,0.00000000,0.00000000,0,0,0,0,0
45100,285,0,0,2,0.18558564,0.10546336,0.01838131,nan,0.00000000,0.00000000,0,0,0,0,2
45200,307,0,0,1,0.22811440,0.22811440,0.00000000,nan,0.00000000,0.00000000,0,0,0,0,0
45300,363,0,0,1,0.06606660,0.06606660,0.00000000,nan,0.00000000,10.00000000,0,0,0,0,4
45400,408,0,0,1,0.08106646,0.08106646,0.00000000,nan,0.00000000,0.00000000,0,0,0,0,1
45500,299,0,0,1,0.07396153,0.07396153,0.00000000,nan,0.00000000,5.00000000,0,0,0,0,5
45600,335,0,0,2,0.03364051,0.11311096,0.01823177,nan,0.00000000,15.00000000,0,0,0,0,5
45700,206,0,0,1,0.10726390,0.10726390,0.00000000,nan,0.00000000,0.00000000,0,0,0,0,0
45800,18,0,0,1,0.06905432,0.06905432,0.00000000,nan,0.00000000,0.00000000,0,0,0,0,0
45900,460,1,1,2,0.00434702,0.00434702,0.00000000,nan,0.00000000,10.00000000,0,0,0,0,2
46000,64,0,0,1,0.49383825,0.49383825,0.00000000,nan,0.00000000,0.00000000,0,0,0,0,1
46100,378,0,0,1,0.06743679,0.06743679,0.00000000,nan,0.00000000,5.00000000,0,0,0,0,3
46200,239,0,0,2,0.02004245,0.10108949,0.01859347,nan,0.00000000,5.00000000,0,0,0,0,1
46300,384,0,0,1,0.11647744,0.11647744,0.00000000,nan,0.00000000,0.00000000,0,0,0,0,1
46400,256,0,0,1,0.14238101,0.14238101,0.00000000,nan,0.00000000,0.00000000,0,0,0,0,0
46500,206,0,0,1,0.01364186,0.01364186,0.00000000,nan,0.00000000,0.00000000,0,0,0,0,2
46600,283,0,0,1,0.05514702,0.05514702,0.00000000,nan,0.00000000,0.00000000,0,0,0,0,1
46700,353,0,0,1,0.48172043,0.48172043,0.00000000,nan,0.00000000,5.00000000,0,0,0,0,4
46800,137,0,0,1,0.30924999,0.30924999,0.00000000,nan,0.00000000,5.00000000,0,0,0,0,5
46900,319,0,0,3,0.03035080,0.12314964,0.02139850,nan,0.00000000,10.00000000,0,0,0,0,3
47000,78,0,0,1,0.46920771,0.46920771,0.00000000,nan,0.00000000,0.00000000,0,0,0,0,0
47100,383,0,0,1,0.27727467,0.27727467,0.00000000,nan,0.00000000,0.00000000,0,0,0,0,0
47200,377,0,0,2,0.01505775,0.02576577,0.00245659,nan,0.00000000,0.00000000,0,0,0,0,2
47300,367,0,0,2,0.04685904,0.09600608,0.01127510,nan,0.00000000,10.00000000,0,0,0,0,3
47400,282,0,0,4,0.01237498,0.04163861,0.02678815,nan,0.00000000,10.00000000,0,0,0,0,2
47500,511,0,0,1,0.03596524,0.03596524,0.00000000,nan,0.00000000,0.00000000,0,0,0,0,2
47600,307,0,0,3,0.27723386,0.06996118,0.04766726,nan,0.00000000,5.00000000,0,0,0,0,3
47700,271,0,0,1,0.06367782,0.06367782,0.00000000,nan,0.00000000,0.00000000,0,0,0,0,0
47800,306,1,1,3,0.00946179,0.00946179,0.00000000,nan,0.00000000,0.00000000,0,0,0,0,1
47900,504,0,0,1,0.04339127,0.04339127,0.00000000,nan,0.00000000,0.00000000,0,0,0,0,0
48000,6,0,0,1,0.23830752,0.23830752,0.00000000,nan,0.00000000,1.60894573,0,0,0,0,2
48100,379,0,0,1,0.08603953,0.08603953,0.00000000,nan,0.00000000,0.00000000,0,0,0,0,0
48200,237,0,0,4,0.12372847,0.04050451,0.02031563,nan,0.00000000,0.00000000,0,0,0,0,1
48300,335,0,0,4,0.19084089,0.23591868,0.05664511,nan,0.00000000,5.00000000,0,0,0,0,3
48400,319,0,0,1,0.06361260,0.06361260,0.00000000,nan,0.00000000,0.00000000,0,0,0,0,1
48500,206,0,0,1,0.15151933,0.15151933,0.00000000,nan,0.00000000,0.00000000,0,0,0,0,0
48600,493,0,0,2,0.02859571,0.03676303,0.00187371,nan,0.00000000,5.00000000,0,0,0,0,5
48700,158,0,0,1,0.03718055,0.03718055,0.00000000,nan,0.00000000,9.54529484,0,0,0,0,2
48800,278,0,0,3,0.13380558,0.10166744,0.01264973,nan,0.00000000,5.00000000,0,0,0,0,2
48900,201,0,0,1,0.11486167,0.11486167,0.00000000,nan,0.00000000,0.00000000,0,0,0,0,0
49000,14,0,0,1,0.09981594,0.09981594,0.00000000,nan,0.00000000,0.00000000,0,0,0,0,0
49100,369,0,0,1,0.03554828,0.03554828,0.00000000,nan,0.00000000,0.00000000,0,0,0,0,4
49200,433,0,0,1,0.26434958,0.26434958,0.00000000,nan,0.00000000,0.00000000,0,0,0,0,0
49300,350,1,1,1,0.00915909,0.00915909,0.00000000,nan,0.00000000,0.00000000,0,0,0,0,1
49400,459,0,0,1,0.67564511,0.67564511,0.00000000,nan,0.00000000,0.00000000,0,0,0,0,0
49500,478,0,0,1,0.09172737,0.09172737,0.00000000,nan,0.00000000,0.00000000,0,0,0,0,3
49600,511,0,0,1,0.01509507,0.01509507,0.00000000,nan,0.00000000,0.00000000,0,0,0,0,0
49700,274,0,0,1,0.07395061,0.07395061,0.00000000,nan,0.00000000,0.00000000,0,0,0,0,0
49800,456,0,0,2,0.03012008,0.15510946,0.02867453,nan,0.00000000,5.00000000,0,0,0,0,3
49900,506,0,0,1,0.07650988,0.07650988,0.00000000,nan,0.00000000,10.00000000,0,0,0,0,3
50000,50,0,0,1,0.52126393,0.52126393,0.00000000,nan,0.00000000,0.00000000,0,0,0,0,1
50100,486,0,0,2,0.24288843,0.32768220,0.01945302,nan,0.00000000,0.00000000,0,0,0,0,1
50200,206,0,0,4,0.53217077,0.21731886,0.12213745,nan,0.00000000,0.00000000,0,0,0,0,1
50300,369,0,0,4,0.05852914,0.16885916,0.16071643,nan,0.00000000,0.00000000,0,0,0,0,1
50400,453,0,0,1,0.41385004,0.41385004,0.00000000,nan,0.00000000,0.00000000,0,0,0,0,1
50500,341,0,0,1,1.86872809,1.86872809,0.00000000,nan,0.00000000,10.00000000,0,0,0,0,1
50600,315,0,0,6,0.29719098,0.18387816,0.18349776,nan,0.00000000,0.00000000,0,0,0,0,0
50700,481,0,0,2,0.66696850,0.05713752,0.13990482,nan,0.00000000,5.00000000,0,0,0,0,1
50800,154,0,0,1,0.53381846,0.53381846,0.00000000,nan,0.00000000,5.00000000,0,0,0,0,2
50900,449,0,0,1,0.33485204,0.33485204,0.00000000,nan,0.00000000,5.00000000,0,0,0,0,2
51000,50,0,0,2,0.28844202,0.56951858,0.06448338,nan,0.00000000,15.00000000,0,0,0,0,2
51100,230,0,0,3,0.09413573,0.81172463,0.22005976,nan,0.00000000,15.00000000,0,0,0,0,2
51200,77,0,0,7,0.44385625,0.47819309,0.11595967,nan,0.00000000,15.00000000,0,0,0,0,2
51300,158,0,0,1,0.29300849,0.29300849,0.00000000,nan,0.00000000,0.00000000,0,0,0,0,0
51400,361,0,0,1,0.34722478,0.34722478,0.00000000,nan,0.00000000,5.00000000,0,0,0,0,1
51500,442,0,0,2,0.06545731,0.50113989,0.09995244,nan,0.00000000,10.00000000,0,0,0,0,1
51600,462,0,0,1,0.01061328,0.01061328,0.00000000,nan,0.00000000,15.00000000,0,0,0,0,1
51700,283,0,0,1,0.49202451,0.49202451,0.00000000,nan,0.00000000,0.00000000,0,0,0,0,0
51800,438,0,0,1,0.22792291,0.22792291,0.00000000,nan,0.00000000,0.00000000,0,0,0,0,0
51900,26,0,0,4,0.14603565,0.07705752,0.09022105,nan,0.00000000,0.00000000,0,0,0,0,0
52000,14,0,0,4,0.94534455,0.19106386,0.17697913,nan,0.00000000,0.00000000,0,0,0,0,2
52100,353,0,0,1,0.28836958,0.28836958,0.00000000,nan,0.00000000,0.00000000,0,0,0,0,2
52200,73,0,0,2,0.27697553,0.84873885,0.13117150,nan,0.00000000,5.00000000,0,0,0,0,2
52300,247,0,0,2,0.42068123,0.44450070,0.00546456,nan,0.00000000,5.00000000,0,0,0,0,2
52400,432,0,0,2,0.06051635,0.39742388,0.07729189,nan,0.00000000,5.00000000,0,0,0,0,2
52500,503,0,0,1,1.21833831,1.21833831,0.00000000,nan,0.00000000,10.00000000,0,0,0,0,2
52600,307,0,0,9,0.03979622,0.25526336,0.12804421,nan,0.00000000,10.00000000,0,0,0,0,2
52700,391,0,0,2,0.16088137,0.65239613,0.11276122,nan,0.00000000,10.00000000,0,0,0,0,3
52800,325,0,0,5,0.10446718,0.23923359,0.09832670,nan,0.00000000,10.00000000,0,0,0,0,3
52900,307,0,0,3,0.02396980,0.04395781,0.03283964,nan,0.00000000,0.00000000,0,0,0,0,0
53000,77,0,0,1,0.28627707,0.28627707,0.00000000,nan,0.00000000,0.00000000,0,0,0,0,0
53100,241,0,0,2,0.16517254,0.19652533,0.00719282,nan,0.00000000,0.00000000,0,0,0,0,0
53200,151,0,0,1,0.57785158,0.57785158,0.00000000,nan,0.00000000,0.00000000,0,0,0,0,0
53300,134,0,0,7,0.33128229,0.31659905,0.04198070,nan,0.00000000,0.00000000,0,0,0,0,0
53400,120,0,0,1,0.83272395,0.83272395,0.00000000,nan,0.00000000,0.00000000,0,0,0,0,0
53500,173,0,0,1,0.50307701,0.50307701,0.00000000,nan,0.00000000,0.00000000,0,0,0,0,0
53600,418,0,0,2,0.09876240,0.29729218,0.04554585,nan,0.00000000,0.00000000,0,0,0,0,0
53700,5,0,0,7,0.11615108,0.19106379,0.08484182,nan,0.00000000,0.00000000,0,0,0,0,0
53800,81,0,0,2,0.83242153,0.18373481,0.14881894,nan,0.00000000,0.00000000,0,0,0,0,0
53900,324,0,0,2,0.60886445,0.25372248,0.08147516,nan,0.00000000,0.00000000,0,0,0,0,0
54000,36,0,0,3,0.20947176,0.14272842,0.03834905,nan,0.00000000,0.00000000,0,0,0,0,0
54100,305,0,0,23,0.19869437,0.31899748,0.30465908,nan,0.00000000,0.00000000,0,0,0,0,0
54200,461,0,0,1,0.53519184,0.53519184,0.00000000,nan,0.00000000,0.00000000,0,0,0,0,0
54300,12,0,0,7,0.24420120,0.20631479,0.17453354,nan,0.00000000,0.00000000,0,0,0,0,0
54400,307,0,0,14,0.15523931,0.16712559,0.18809999,nan,0.00000000,0.00000000,0,0,0,0,0
54500,453,0,0,4,0.45624609,0.13594139,0.07864059,nan,0.00000000,0.00000000,0,0,0,0,0
54600,64,0,0,10,0.90680748,0.57209685,0.25006392,nan,0.00000000,0.00000000,0,0,0,0,1
54700,207,0,0,8,0.40693440,0.19675881,0.19005225,nan,0.00000000,10.00000000,0,0,0,0,1
54800,472,0,0,1,0.17123783,0.17123783,0.00000000,nan,0.00000000,0.00000000,0,0,0,0,1
54900,314,0,0,9,0.31538675,0.13699066,0.09841403,nan,0.00000000,0.00000000,0,0,0,0,1
55000,97,0,0,1,0.61189454,0.61189454,0.00000000,nan,0.00000000,0.00000000,0,0,0,0,0
55100,68,0,0,1,0.38586709,0.38586709,0.00000000,nan,0.00000000,0.00000000,0,0,0,0,0
55200,140,0,0,4,0.26169837,0.11283322,0.04897873,nan,0.00000000,0.00000000,0,0,0,0,0
55300,306,0,0,3,0.18347343,0.53883889,0.09344398,nan,0.00000000,0.00000000,0,0,0,0,0
55400,306,0,0,5,0.12578678,0.50249443,0.14238678,nan,0.00000000,0.00000000,0,0,0,0,0
55500,58,0,0,1,0.57056185,0.57056185,0.00000000,nan,0.00000000,10.00000000,0,0,0,0,2
55600,66,0,0,1,0.31643144,0.31643144,0.00000000,nan,0.00000000,0.00000000,0,0,0,0,0
55700,206,0,0,5,0.04641950,0.47256898,0.10881709,nan,0.00000000,0.00000000,0,0,0,0,2
55800,207,0,0,12,0.14350205,0.16810737,0.09963603,nan,0.00000000,10.00000000,0,0,0,0,2
55900,307,0,0,1,0.01154772,0.01154772,0.00000000,nan,0.00000000,0.00000000,0,0,0,0,0
56000,64,0,0,1,0.19192924,0.19192924,0.00000000,nan,0.00000000,0.00000000,0,0,0,0,1
56100,21,0,0,1,0.38906307,0.38906307,0.00000000,nan,0.00000000,5.00000000,0,0,0,0,1
56200,49,0,0,3,0.09540446,0.18890854,0.02460019,nan,0.00000000,10.00000000,0,0,0,0,1
56300,51,0,0,1,1.31570236,1.31570236,0.00000000,nan,0.00000000,10.00000000,0,0,0,0,1
56400,142,0,0,3,0.19580891,0.23903504,0.01550848,nan,0.00000000,0.00000000,0,0,0,0,0
56500,239,0,0,8,0.14280899,0.13480281,0.04651298,nan,0.00000000,0.00000000,0,0,0,0,0
56600,207,0,0,26,0.10943229,0.13263406,0.06614861,nan,0.00000000,0.00000000,0,0,0,0,1
56700,30,0,0,6,0.19132949,0.28803392,0.05413191,nan,0.00000000,0.00000000,0,0,0,0,1
56800,207,0,0,44,0.01853965,0.10033377,0.06274384,nan,0.00000000,9.06912267,0,0,0,0,2
56900,258,0,0,1,0.18454591,0.18454591,0.00000000,nan,0.00000000,0.00000000,0,0,0,0,0
57000,62,0,0,1,0.88474313,0.88474313,0.00000000,nan,0.00000000,5.00000000,0,0,0,0,1
57100,286,0,0,4,0.15887148,0.10223265,0.01629727,nan,0.00000000,10.00000000,0,0,0,0,1
57200,239,0,0,1,0.34745017,0.34745017,0.00000000,nan,0.00000000,0.00000000,0,0,0,0,0
57300,274,0,0,6,0.27875562,0.23236777,0.03342926,nan,0.00000000,0.00000000,0,0,0,0,0
57400,333,0,0,1,0.04157908,0.04157908,0.00000000,nan,0.00000000,0.00000000,0,0,0,0,1
57500,206,0,0,10,0.09842470,0.09910447,0.04233279,nan,0.00000000,10.00000000,0,0,0,0,2
57600,2,0,0,1,0.31386014,0.31386014,0.00000000,nan,0.00000000,0.00000000,0,0,0,0,0
57700,109,0,0,4,0.46175655,0.13757868,0.07574732,nan,0.00000000,0.00000000,0,0,0,0,1
57800,274,0,0,2,0.11619572,0.33279268,0.04969075,nan,0.00000000,0.00000000,0,0,0,0,0
57900,275,0,0,1,0.17369751,0.17369751,0.00000000,nan,0.00000000,5.00000000,0,0,0,0,1
58000,305,0,0,2,0.57080526,0.18935401,0.08751092,nan,0.00000000,5.00000000,0,0,0,0,1
58100,378,0,0,1,0.21113267,0.21113267,0.00000000,nan,0.00000000,10.00000000,0,0,0,0,1
