block_index,step,E_k,W_k,mean_pseudo_count,mean_count_reference,mean_count_ratio,mean_familiarity,mean_surprise,mean_gradient_coherence,mean_gradient_novelty,regime_change
0,10099,0.06007593,0.00000000,0.26000000,0.07209197,2.42140227,0.19820988,0.40442084,0.03024696,0.96975304,0
1,10199,0.06082106,0.00000000,1.06000000,0.51560402,2.23379108,0.34580709,0.29829626,-0.00734807,1.00734807,0
2,10299,0.05500440,0.00000000,2.10000000,0.93809334,2.31260611,0.37026141,0.35967417,0.00778780,0.99221220,0
3,10399,0.14342921,0.00000000,3.44000000,1.40624307,2.43721775,0.39462839,0.67201383,-0.00024448,1.00024448,0
4,10499,0.04905939,0.00000000,4.10000000,1.94393294,2.10809252,0.34071331,0.38724232,0.02166166,0.97833834,0
5,10599,0.05021608,0.00000000,4.61000000,2.43052160,1.91287910,0.30153939,0.48426107,0.00893744,0.99106256,0
6,10699,0.02175474,0.00000000,4.65000000,2.72428135,1.70370208,0.22682829,0.56811575,0.00143234,0.99856766,0
7,10799,0.04642792,0.00000000,5.22000000,2.98642604,1.73772791,0.25316735,0.50193495,-0.00200841,1.00200841,0
8,10899,0.02708475,0.00000000,6.37000000,3.36366641,1.89674482,0.26697894,0.37673835,0.00996410,0.99003590,0
9,10999,0.03210782,0.00000000,7.89000000,3.73368659,2.10929176,0.32417448,0.32113773,0.00873756,0.99126244,0
10,11099,0.07486047,0.00000000,7.67000000,4.13144011,1.85603832,0.26469213,0.77064068,0.00777714,0.99222286,0
11,11199,0.03564930,0.00000000,9.16000000,4.53087220,2.02789844,0.30210461,0.33418096,0.00087569,0.99912431,0
12,11299,0.06627662,0.00000000,11.00000000,4.95049625,2.22288993,0.35999861,0.46372252,0.00227793,0.99772207,0
13,11399,0.05453943,0.00000000,10.44000000,5.36061867,1.94479770,0.28594532,0.44968450,0.00800729,0.99199271,0
14,11499,0.07161215,0.00000000,6.51000000,5.62167773,1.15913495,0.12777904,1.12852319,-0.00948184,1.00948184,0
15,11599,0.00426072,0.00000000,5.00000000,5.61983183,0.88973501,0.05468215,0.51336373,-0.00308457,1.00308457,0
16,11699,0.03213414,0.00000000,7.74000000,5.65728897,1.36861773,0.15565214,0.61250065,-0.01003124,1.01003124,0
17,11799,0.01787654,0.00000000,7.53000000,5.76987367,1.30542453,0.13179724,0.56237717,-0.00103724,1.00103724,0
18,11899,0.02555541,0.00000000,9.20000000,5.89198985,1.56030923,0.18978503,0.44927453,-0.01233382,1.01233382,0
19,11999,0.03423348,0.00000000,11.03000000,6.13644742,1.79968150,0.24508863,0.50004760,-0.00309148,1.00309148,0
20,12099,0.08393340,0.00000000,15.92000000,6.47157489,2.45951735,0.41111500,0.45843093,0.01828169,0.98171831,0
21,12199,0.03765188,0.00000000,17.20000000,6.97700490,2.47244985,0.39418805,0.29770673,0.00026376,0.99973624,0
22,12299,0.03943021,0.00000000,14.80000000,7.36450432,2.01201200,0.29205094,0.45806745,0.01231251,0.98768749,0
23,12399,0.04570385,0.00000000,15.94000000,7.65499187,2.07761884,0.31614908,0.55009261,-0.00354752,1.00354752,0
24,12499,0.05255574,0.00000000,20.65000000,8.12778054,2.54249620,0.42178443,0.28525045,0.02019683,0.97980317,0
25,12599,0.05536041,0.00000000,18.09000000,8.56005613,2.11302254,0.31947098,0.48658443,0.00675560,0.99324440,0
26,12699,0.06102821,0.00000000,15.08000000,8.88336577,1.69897263,0.21298110,0.64574139,0.01000873,0.98999127,0
27,12799,0.04018927,0.00000000,14.52000000,9.13200944,1.59331419,0.20305360,0.91787688,0.00735246,0.99264754,0
28,12899,0.03084326,0.00000000,12.62000000,9.23309627,1.36664742,0.16286307,0.60871394,-0.00665276,1.00665276,0
29,12999,0.00469746,0.00000000,11.68000000,9.33943826,1.25062885,0.10384639,0.51965092,-0.00785991,1.00785991,0
30,13099,0.05368045,0.00000000,18.95000000,9.51387863,1.98988700,0.29552513,0.57005979,0.01807387,0.98192613,0
31,13199,0.04145676,0.00000000,23.67000000,9.91038794,2.38918496,0.38608718,0.27449400,0.01988261,0.98011739,0
32,13299,0.06647969,0.00000000,26.71000000,10.36444700,2.57559916,0.42350707,0.39611757,0.01537275,0.98462725,0
33,13399,0.08426875,0.00000000,31.64000000,10.93266886,2.89392644,0.51987269,0.39243523,0.01200773,0.98799227,0
34,13499,0.09167409,0.00000000,31.09000000,11.53673418,2.69638479,0.47768750,0.47894865,0.02321865,0.97678135,0
35,13599,0.07269907,0.00000000,31.87000000,12.09384242,2.63592832,0.44633655,0.37293219,0.01062113,0.98937887,0
36,13699,0.08193527,0.00000000,33.30000000,12.63536294,2.63358352,0.45908560,0.41092954,0.01418619,0.98581381,0
37,13799,0.08565545,0.00000000,35.43000000,13.22755060,2.67837368,0.46602624,0.43458585,0.00406215,0.99593785,0
38,13899,0.07612108,0.00000000,32.39000000,13.80449866,2.35003433,0.38046972,0.66406258,0.00318612,0.99681388,0
39,13999,0.01221392,0.00000000,18.69000000,14.07194642,1.32828176,0.13306608,0.74835124,0.00202031,0.99797969,0
40,14099,0.07262258,0.00000000,28.72000000,14.29177564,2.00869175,0.30112913,0.72781841,0.01376791,0.98623209,0
41,14199,0.02272225,0.00000000,22.23000000,14.61722870,1.52237976,0.17544557,0.69834602,-0.01761606,1.01761606,0
42,14299,0.01639282,0.00000000,20.25000000,14.73648195,1.37429123,0.15411041,0.55495206,-0.01508712,1.01508712,0
43,14399,0.01034948,0.00000000,19.81000000,14.87033099,1.33258195,0.13959391,0.54193821,-0.00620359,1.00620359,0
44,14499,0.02421612,0.00000000,21.70000000,14.98600968,1.44807437,0.16761312,0.54017170,-0.00669104,1.00669104,0
45,14599,0.03848649,0.00000000,21.76000000,15.13890873,1.43752984,0.15829143,0.53221919,-0.00266653,1.00266653,0
46,14699,0.01916706,0.00000000,19.45000000,15.25371312,1.27516501,0.12058418,0.49189947,0.00044212,0.99955788,0
47,14799,0.01055557,0.00000000,18.40000000,15.32452466,1.20069594,0.10980902,0.46356431,-0.00449931,1.00449931,0
48,14899,0.01012350,0.00000000,20.32000000,15.42990634,1.31729687,0.12762047,0.35022085,-0.00437721,1.00437721,0
49,14999,0.02516683,0.00000000,22.27000000,15.52543859,1.43427692,0.15641444,0.46204658,-0.00108661,1.00108661,0
50,15099,0.04195478,0.00000000,31.45000000,15.78429946,1.99439048,0.30059176,0.50593208,0.00548631,0.99451369,0
51,15199,0.01285804,0.00000000,24.19000000,15.97819498,1.51356278,0.16310223,0.51540286,0.00007054,0.99992946,0
52,15299,0.02402465,0.00000000,25.19000000,16.14240653,1.56004593,0.18379521,0.41417100,-0.00067637,1.00067637,0
53,15399,0.00516550,0.00000000,21.60000000,16.29519285,1.32564585,0.13134436,0.67940222,-0.01317604,1.01317604,0
54,15499,0.01798015,0.00000000,26.06000000,16.44584758,1.58520610,0.19959298,0.38707551,0.01068980,0.98931020,0
55,15599,0.02124512,0.00000000,21.87000000,16.56909916,1.32005519,0.14586321,0.46589437,0.00315921,0.99684079,0
56,15699,0.01519452,0.00000000,22.85000000,16.66944389,1.37084811,0.13649629,0.43458416,0.00107344,0.99892656,0
57,15799,0.02569684,0.00000000,27.28000000,16.82843701,1.62165955,0.20993944,0.50570765,-0.00987416,1.00987416,0
58,15899,0.03167847,0.00000000,29.98000000,17.01545570,1.76198387,0.24800543,0.43261610,-0.00020209,1.00020209,0
59,15999,0.02548780,0.00000000,31.16000000,17.25003566,1.80671811,0.24840558,0.35713545,-0.00044491,1.00044491,0
60,16099,0.11838840,0.00000000,39.61000000,17.52899208,2.25882543,0.35438570,0.81458300,0.00805049,0.99194951,0
61,16199,0.03997117,0.00000000,35.50000000,17.88284762,1.98602620,0.30243717,0.59106067,-0.01512207,1.01512207,0
62,16299,0.02732440,0.00000000,32.94000000,18.12163899,1.81737390,0.24669498,0.48918119,-0.00661286,1.00661286,0
63,16399,0.03431330,0.00000000,32.55000000,18.35287300,1.77330353,0.23891815,0.43648367,-0.00093935,1.00093935,0
64,16499,0.02255152,0.00000000,33.02000000,18.55597853,1.77834325,0.25268738,0.41504058,-0.00507297,1.00507297,0
65,16599,0.03534942,0.00000000,36.50000000,18.81568161,1.93919767,0.29127299,0.43911958,0.01017422,0.98982578,0
66,16699,0.02977176,0.00000000,32.63000000,19.04879913,1.71231132,0.22888429,0.52592861,0.00726267,0.99273733,0
67,16799,0.03098190,0.00000000,37.27000000,19.30491125,1.93077107,0.27198209,0.40239518,0.00923345,0.99076655,0
68,16899,0.03514820,0.00000000,38.78000000,19.58221860,1.98075209,0.29665074,0.44004977,0.00395458,0.99604542,0
69,16999,0.04581026,0.00000000,43.14000000,19.86488495,2.17066463,0.33787086,0.43543342,-0.00360418,1.00360418,0
70,17099,0.09207541,0.00000000,38.80000000,20.18916260,1.92216737,0.27958980,0.74092388,0.02067008,0.97932992,0
71,17199,0.08149115,0.00000000,49.65000000,20.50248376,2.42067655,0.40169993,0.47242450,0.01214227,0.98785773,0
72,17299,0.05330271,0.00000000,40.73000000,20.86033744,1.95261225,0.28250780,0.52587245,-0.00534589,1.00534589,0
73,17399,0.06442884,0.00000000,51.26000000,21.21069940,2.41751589,0.39634745,0.54183174,0.01194552,0.98805448,0
74,17499,0.06239718,0.00000000,51.75000000,21.61120884,2.39495992,0.40611640,0.47624896,0.00468277,0.99531723,0
75,17599,0.03778608,0.00000000,42.85000000,21.96604008,1.95155442,0.28681949,0.49703279,0.00839841,0.99160159,0
76,17699,0.06856704,0.00000000,47.61000000,22.25749546,2.13938663,0.32840480,0.50289456,0.00274931,0.99725069,0
77,17799,0.05036643,0.00000000,55.18000000,22.63585975,2.43834240,0.41963821,0.37396088,0.01018593,0.98981407,0
78,17899,0.06627484,0.00000000,54.14000000,23.03139891,2.35053868,0.37531513,0.38854029,0.00087607,0.99912393,0
79,17999,0.05482367,0.00000000,59.22000000,23.44495083,2.52512281,0.42062129,0.33263926,0.00121932,0.99878068,0
80,18099,0.06347698,0.00000000,60.30000000,23.87510962,2.52354773,0.44189071,0.63517705,0.01235157,0.98764843,0
81,18199,0.08278672,0.00000000,69.00000000,24.40800926,2.82702871,0.48934759,0.35408189,-0.00050595,1.00050595,0
82,18299,0.06434562,0.00000000,60.19000000,24.90224204,2.41746456,0.39011408,0.43576804,0.02034878,0.97965122,0
83,18399,0.06827828,0.00000000,68.65000000,25.36871114,2.70616049,0.47682164,0.34099100,-0.01062508,1.01062508,0
84,18499,0.06742690,0.00000000,60.11000000,25.84082379,2.32671885,0.37435771,0.43983096,0.01264567,0.98735433,0
85,18599,0.11332594,0.00000000,74.15000000,26.31971555,2.81780146,0.49511915,0.55199654,0.02590068,0.97409932,0
86,18699,0.07195989,0.00000000,74.52000000,26.88724736,2.77289650,0.50179477,0.35087968,0.00842448,0.99157552,0
87,18799,0.08630531,0.00000000,68.44000000,27.38562613,2.49958708,0.40732091,0.43753676,0.00882141,0.99117859,0
88,18899,0.07747347,0.00000000,73.88000000,27.87962585,2.65044319,0.44400020,0.42173625,0.01251349,0.98748651,0
89,18999,0.10303036,0.00000000,71.08000000,28.35237656,2.50607011,0.42877227,0.49695059,0.00453105,0.99546895,0
90,19099,0.05908884,0.00000000,59.47000000,28.76008414,2.06707307,0.30406056,1.28880931,0.03489725,0.96510275,0
91,19199,0.05022737,0.00000000,75.46000000,29.19430813,2.58441282,0.43109088,0.25043763,0.06104008,0.93895992,0
92,19299,0.03438199,0.00000000,71.74000000,29.69197213,2.41669258,0.37652208,0.28530939,0.01317495,0.98682505,0
93,19399,0.06184082,0.00000000,92.03000000,30.24103325,3.04344545,0.55159062,0.25713521,0.03211178,0.96788822,0
94,19499,0.05668663,0.00000000,84.83000000,30.84129524,2.74981459,0.46265991,0.30017966,0.01683588,0.98316412,0
95,19599,0.09120954,0.00000000,90.81000000,31.43516971,2.88792795,0.50561189,0.43874010,0.02214389,0.97785611,0
96,19699,0.08044557,0.00000000,95.37000000,32.10708196,2.97151953,0.51487092,0.34146479,0.01931213,0.98068787,0
97,19799,0.06500690,0.00000000,92.54000000,32.74364589,2.82733516,0.50112193,0.41152619,0.01976242,0.98023758,0
98,19899,0.07699040,0.00000000,87.26000000,33.29457822,2.62037078,0.44723158,0.47462564,0.00785857,0.99214143,0
99,19999,0.08894831,0.00000000,95.70000000,33.89868290,2.82365028,0.51278834,0.40144086,0.01404222,0.98595778,0
100,20099,0.11012634,0.00000000,73.81000000,34.39483653,2.14591755,0.32440686,1.03433973,-0.00337178,1.00337178,0
101,20199,0.07732914,0.00000000,87.97000000,34.84426541,2.52427835,0.42151631,0.32120851,0.01475126,0.98524874,0
102,20299,0.06823284,0.00000000,95.32000000,35.42383826,2.69169090,0.45746606,0.42443710,0.01213411,0.98786589,0
103,20399,0.06691772,0.00000000,90.64000000,35.95503027,2.52057213,0.42727599,0.39154919,0.02381416,0.97618584,0
104,20499,0.09795340,0.00000000,102.80000000,36.55344489,2.81277687,0.49319062,0.41271587,0.00881523,0.99118477,0
105,20599,0.06071206,0.00000000,93.92000000,37.12549589,2.52958100,0.42144075,0.36257558,0.02312904,0.97687096,0
106,20699,0.11021477,0.00000000,88.08000000,37.66113256,2.33961282,0.39281805,0.61831237,0.01940129,0.98059871,0
107,20799,0.07349388,0.00000000,76.57000000,38.05921989,2.01203155,0.30339832,0.56535446,-0.00690683,1.00690683,0
108,20899,0.06757716,0.00000000,84.44000000,38.43405401,2.19670978,0.35185610,0.49229785,0.02702287,0.97297713,0
109,20999,0.06831026,0.00000000,98.79000000,38.91183049,2.53815850,0.41704275,0.40449026,0.00855531,0.99144469,0
110,21099,0.05967970,0.00000000,74.47000000,39.32527068,1.89287136,0.26057983,1.03470485,0.00688502,0.99311498,0
111,21199,0.02231461,0.00000000,79.86000000,39.67982642,2.01207774,0.28053340,0.33885245,0.00429457,0.99570543,0
112,21299,0.04631901,0.00000000,85.81000000,40.07901227,2.14089459,0.34200200,0.41906445,0.01479951,0.98520049,0
113,21399,0.03919042,0.00000000,86.04000000,40.48140273,2.12524444,0.34161985,0.39127642,0.02680134,0.97319866,0
114,21499,0.05798934,0.00000000,87.37000000,40.89235205,2.13662930,0.34016377,0.53886985,0.01257416,0.98742584,0
115,21599,0.05819969,0.00000000,96.71000000,41.33242861,2.33977743,0.38759239,0.39632904,0.01671659,0.98328341,0
116,21699,0.08500866,0.00000000,98.96000000,41.80755062,2.36669606,0.39319945,0.39898409,0.01894716,0.98105284,0
117,21799,0.05526734,0.00000000,85.58000000,42.25665976,2.02546049,0.30973939,0.59923653,0.00452805,0.99547195,0
118,21899,0.10467734,0.00000000,89.39000000,42.66796362,2.09599756,0.31461235,1.01900461,-0.00753955,1.00753955,0
119,21999,0.03119222,0.00000000,83.49000000,42.96028973,1.94263314,0.27872723,0.43173637,0.04558331,0.95441669,0
120,22099,0.05124122,0.00000000,75.74000000,43.27788831,1.74970764,0.25320933,0.89697144,0.00132193,0.99867807,0
121,22199,0.02875624,0.00000000,100.50000000,43.64189384,2.30202995,0.37325560,0.27392953,0.02585204,0.97414796,0
122,22299,0.07462300,0.00000000,96.77000000,44.13657270,2.19302263,0.34181423,0.48043288,-0.00571555,1.00571555,0
123,22399,0.04595429,0.00000000,94.39000000,44.52210471,2.11978862,0.32205217,0.48182133,0.04258126,0.95741874,0
124,22499,0.03980316,0.00000000,81.65000000,44.88331366,1.81915561,0.24789987,0.49642579,0.02985198,0.97014802,0
125,22599,0.03961178,0.00000000,85.87000000,45.19469077,1.90002233,0.26677527,0.53312204,0.02003448,0.97996552,0
126,22699,0.04509305,0.00000000,84.30000000,45.53962148,1.85171767,0.27210862,0.47597180,0.01199383,0.98800617,0
127,22799,0.08047878,0.00000000,94.69000000,45.83946769,2.06536837,0.31813321,0.74661307,0.00012572,0.99987428,0
128,22899,0.03191163,0.00000000,104.30000000,46.24655339,2.25465459,0.35690821,0.36947560,0.03930968,0.96069032,0
129,22999,0.06271980,0.00000000,99.55000000,46.69112758,2.13186442,0.31754781,0.45207995,0.01851243,0.98148757,0
130,23099,0.07810951,0.00000000,115.31000000,47.19489471,2.44419439,0.39913171,0.55416104,0.00352439,0.99647561,0
131,23199,0.04323842,0.00000000,103.10000000,47.63415668,2.16431855,0.32048225,0.33705990,0.01411142,0.98588858,0
132,23299,0.09701683,0.00000000,122.71000000,48.13284549,2.54951067,0.46046687,0.46692880,0.01700649,0.98299351,0
133,23399,0.07270033,0.00000000,120.69000000,48.67418734,2.47935858,0.42365026,0.46777023,0.01204046,0.98795954,0
134,23499,0.06402773,0.00000000,123.60000000,49.23085514,2.51074157,0.42251953,0.38620707,0.00978976,0.99021024,0
135,23599,0.05379326,0.00000000,119.25000000,49.74661258,2.39676905,0.40095222,0.38547499,0.01616289,0.98383711,0
136,23699,0.07269124,0.00000000,119.72000000,50.30432215,2.38083287,0.39939745,0.49673996,0.00401266,0.99598734,0
137,23799,0.08222134,0.00000000,133.71000000,50.80787930,2.63109637,0.44139810,0.41019333,-0.00125206,1.00125206,0
138,23899,0.09223190,0.00000000,118.92000000,51.37608887,2.31481578,0.36888402,0.57346481,0.00461834,0.99538166,0
139,23999,0.06630622,0.00000000,129.84000000,51.91111873,2.50168094,0.43685802,0.40086504,0.01997572,0.98002428,0
140,24099,0.05858548,0.00000000,117.45000000,52.41067475,2.24107002,0.35876873,0.81397993,0.02928424,0.97071576,0
141,24199,0.03467150,0.00000000,109.16000000,52.85762809,2.06560848,0.29869604,0.43423456,0.02905212,0.97094788,0
142,24299,0.04694470,0.00000000,113.31000000,53.24056769,2.12815598,0.33205421,0.44803427,0.01730404,0.98269596,0
143,24399,0.04203837,0.00000000,113.47000000,53.68527893,2.11403531,0.31403203,0.45104993,0.01533251,0.98466749,0
144,24499,0.06132271,0.00000000,112.05000000,54.09781257,2.07172791,0.32935190,0.69093441,0.00459305,0.99540695,0
145,24599,0.03013604,0.00000000,127.95000000,54.53430625,2.34641802,0.36243188,0.28455800,-0.00224963,1.00224963,0
146,24699,0.05433495,0.00000000,105.31000000,54.94989539,1.91645776,0.28604559,0.57704158,0.00596594,0.99403406,0
147,24799,0.02601493,0.00000000,68.97000000,55.18019917,1.24996186,0.11458872,0.96183774,-0.01773790,1.01773790,0
148,24899,0.02931596,0.00000000,75.81000000,55.27165878,1.37150944,0.13746264,0.94777917,0.00027726,0.99972274,0
149,24999,0.02253747,0.00000000,75.05000000,55.43429990,1.35395129,0.14386317,0.66703887,0.00954828,0.99045172,0
150,25099,0.03634191,0.00000000,103.42000000,55.62209771,1.85899239,0.27567590,0.60205895,0.03320548,0.96679452,0
151,25199,0.03753406,0.00000000,128.85000000,56.04052548,2.29915585,0.37897885,0.28942198,0.02344160,0.97655840,0
152,25299,0.04507354,0.00000000,133.11000000,56.52089277,2.35472145,0.39171263,0.31986179,0.02577706,0.97422294,0
153,25399,0.04029632,0.00000000,116.39000000,56.97795208,2.04268232,0.29994546,0.64133786,0.02553470,0.97446530,0
154,25499,0.03343825,0.00000000,114.21000000,57.37361162,1.99092183,0.29803112,0.37334429,0.01774719,0.98225281,0
155,25599,0.03717572,0.00000000,104.04000000,57.71002963,1.80307689,0.24469509,0.66098322,-0.03215486,1.03215486,0
156,25699,0.05525839,0.00000000,110.12000000,58.00863433,1.89837617,0.27169831,0.74184129,0.01759158,0.98240842,0
157,25799,0.03311474,0.00000000,93.28000000,58.30545068,1.60008364,0.20185587,0.61001293,0.03421975,0.96578025,0
158,25899,0.01526975,0.00000000,74.67000000,58.43418675,1.27780553,0.13673631,0.79421473,-0.03742201,1.03742201,0
159,25999,0.01165753,0.00000000,75.01000000,58.55860974,1.28099946,0.13212274,0.68264935,-0.00592229,1.00592229,0
160,26099,0.02286545,0.00000000,88.49000000,58.71108514,1.50737835,0.18045467,0.49576612,0.02569716,0.97430284,0
161,26199,0.02215587,0.00000000,105.97000000,58.95321093,1.79783220,0.27048355,0.32273449,0.00991964,0.99008036,0
162,26299,0.02638570,0.00000000,91.79000000,59.14266142,1.55169826,0.18770355,0.45106822,0.00033096,0.99966904,0
163,26399,0.01356710,0.00000000,84.91000000,59.35702076,1.43051360,0.17362339,0.48118240,0.00894655,0.99105345,0
164,26499,0.01885478,0.00000000,81.62000000,59.50634061,1.37165740,0.14322503,0.65987889,-0.02852272,1.02852272,0
165,26599,0.04679675,0.00000000,110.27000000,59.70272501,1.84672733,0.26796256,0.51384673,0.02624181,0.97375819,0
166,26699,0.01644906,0.00000000,95.75000000,59.97126141,1.59649946,0.18908065,0.49530153,0.01221317,0.98778683,0
167,26799,0.02303796,0.00000000,103.47000000,60.22022167,1.71822186,0.21527018,0.51513560,0.00791397,0.99208603,0
168,26899,0.02915407,0.00000000,107.00000000,60.52265371,1.76842175,0.24120724,0.49646940,0.02500674,0.97499326,0
169,26999,0.01011979,0.00000000,79.31000000,60.70465969,1.30663408,0.13465770,0.85435893,-0.01640058,1.01640058,0
170,27099,0.05576876,0.00000000,110.91000000,60.85448705,1.82221673,0.26552975,0.70978762,0.00040567,0.99959433,0
171,27199,0.06176639,0.00000000,127.39000000,61.20805276,2.08107328,0.31479727,0.58439571,0.02166853,0.97833147,0
172,27299,0.04112822,0.00000000,111.18000000,61.56398264,1.80603666,0.26524178,0.47381797,0.00368972,0.99631028,0
173,27399,0.03173619,0.00000000,119.71000000,61.88280885,1.93471064,0.28229965,0.43901529,0.01745721,0.98254279,0
174,27499,0.03238593,0.00000000,119.71000000,62.20514043,1.92455038,0.27304396,0.39166085,0.01185581,0.98814419,0
175,27599,0.04931470,0.00000000,134.41000000,62.57747814,2.14808954,0.32958622,0.47917418,0.03642543,0.96357457,0
176,27699,0.04473131,0.00000000,137.10000000,62.99978634,2.17653858,0.35252834,0.49067612,0.00460831,0.99539169,0
177,27799,0.05865432,0.00000000,152.34000000,63.41874836,2.40162689,0.39977882,0.36464923,0.01789381,0.98210619,0
178,27899,0.04331547,0.00000000,104.42000000,63.80134772,1.63659564,0.20608635,0.94677238,0.00251063,0.99748937,0
179,27999,0.01988196,0.00000000,127.06000000,64.09316932,1.98238668,0.26969662,0.28960917,0.03001797,0.96998203,0
180,28099,0.06056365,0.00000000,118.17000000,64.44183371,1.83404203,0.25188698,0.78206286,-0.00067570,1.00067570,0
181,28199,0.02231517,0.00000000,102.26000000,64.67718264,1.58112972,0.19725517,0.53987528,0.00902685,0.99097315,0
182,28299,0.05675196,0.00000000,89.75000000,64.85135583,1.38398938,0.15757985,0.74108720,-0.00467001,1.00467001,0
183,28399,0.00720588,0.00000000,76.47000000,64.95060591,1.17738838,0.10317574,0.45002537,0.00557555,0.99442445,0
184,28499,0.00940223,0.00000000,80.76000000,65.01805122,1.24212796,0.12129155,0.53699507,0.01169559,0.98830441,0
185,28599,0.01714694,0.00000000,85.53000000,65.11503289,1.31353315,0.14492602,0.51618485,0.00182011,0.99817989,0
186,28699,0.01706692,0.00000000,83.59000000,65.20578155,1.28189860,0.14117210,0.41448869,0.01819534,0.98180466,0
187,28799,0.01083196,0.00000000,89.25000000,65.32996159,1.36613243,0.13973705,0.55866610,0.00351172,0.99648828,0
188,28899,0.01764692,0.00000000,78.32000000,65.44703607,1.19675601,0.12471933,0.53866614,-0.00680343,1.00680343,0
189,28999,0.00764024,0.00000000,81.17000000,65.50060355,1.23921423,0.12349458,0.39674652,-0.01478134,1.01478134,0
190,29099,0.05329947,0.00000000,100.31000000,65.63358272,1.52830403,0.18189723,0.97182078,0.00680226,0.99319774,0
191,29199,0.01936085,0.00000000,100.86000000,65.83434212,1.53214168,0.18007322,0.44576040,-0.01439071,1.01439071,0
192,29299,0.00493137,0.00000000,69.93000000,65.93329997,1.06063985,0.06886338,0.35742893,0.00852833,0.99147167,0
193,29399,0.01273568,0.00000000,85.83000000,65.98889401,1.30070131,0.13072238,0.46290599,-0.00239838,1.00239838,0
194,29499,0.00416488,0.00000000,76.28000000,66.07025305,1.15455650,0.09163715,0.49784677,0.00084711,0.99915289,0
195,29599,0.00346660,0.00000000,79.25000000,66.10985800,1.19873202,0.09782216,0.42043156,-0.00456363,1.00456363,0
196,29699,0.01202022,0.00000000,85.79000000,66.20833956,1.29577934,0.12599703,0.48119333,0.00043752,0.99956248,0
197,29799,0.01816707,0.00000000,96.37000000,66.32547672,1.45295212,0.15875390,0.43018525,0.00115631,0.99884369,0
198,29899,0.00617752,0.00000000,89.20000000,66.45638678,1.34219125,0.12017493,0.53536604,-0.00930306,1.00930306,0
199,29999,0.01656556,0.00000000,95.11000000,66.61121599,1.42796155,0.15114686,0.38387600,-0.00540933,1.00540933,0
200,30099,0.03282482,0.00000000,102.69000000,66.72205491,1.53881336,0.17402454,0.93359301,0.00598769,0.99401231,0
201,30199,0.04418196,0.00000000,116.58000000,66.97547655,1.74073674,0.23233858,0.56563800,-0.00471214,1.00471214,0
202,30299,0.01055955,0.00000000,94.49000000,67.16761368,1.40684015,0.14148426,0.42292182,0.00763018,0.99236982,0
203,30399,0.00824615,0.00000000,87.39000000,67.27908763,1.29894376,0.12644995,0.43777325,-0.00715936,1.00715936,0
204,30499,0.01322671,0.00000000,88.88000000,67.38565132,1.31902657,0.14134225,0.51997170,-0.01353727,1.01353727,0
205,30599,0.01297662,0.00000000,98.03000000,67.51801981,1.45200733,0.15168720,0.53872303,-0.01416021,1.01416021,0
206,30699,0.00768534,0.00000000,92.49000000,67.63646431,1.36744920,0.12695431,0.46286089,-0.00390363,1.00390363,0
207,30799,0.01770570,0.00000000,103.51000000,67.77303485,1.52721944,0.16886002,0.35722358,0.01720474,0.98279526,0
208,30899,0.01057647,0.00000000,99.60000000,67.94228670,1.46592673,0.16200881,0.48269311,-0.00914336,1.00914336,0
209,30999,0.02789134,0.00000000,102.75000000,68.11402928,1.50857115,0.16964113,0.49906152,-0.01851061,1.01851061,0
210,31099,0.07494272,0.00000000,120.91000000,68.30208002,1.77011993,0.25093339,0.91926117,0.01122507,0.98877493,0
211,31199,0.00860615,0.00000000,111.09000000,68.54466836,1.62075358,0.17545992,0.41378000,0.00023636,0.99976364,0
212,31299,0.01267580,0.00000000,118.29000000,68.75615401,1.72043643,0.20896952,0.33849775,0.00388249,0.99611751,0
213,31399,0.01991120,0.00000000,119.42000000,68.99113759,1.73096261,0.23231757,0.48992122,0.01658522,0.98341478,0
214,31499,0.01224988,0.00000000,109.43000000,69.19258565,1.58145276,0.18360007,0.36483643,0.00370695,0.99629305,0
215,31599,0.00833301,0.00000000,108.96000000,69.38024486,1.57041671,0.16423772,0.39500964,0.01175456,0.98824544,0
216,31699,0.02987910,0.00000000,109.18000000,69.58637613,1.56911840,0.18987325,0.66539902,-0.00802488,1.00802488,0
217,31799,0.02591801,0.00000000,112.13000000,69.75678735,1.60743129,0.19601162,0.42787007,0.02068672,0.97931328,0
218,31899,0.03099320,0.00000000,111.49000000,69.95600424,1.59376150,0.20308838,0.48054068,-0.00305020,1.00305020,0
219,31999,0.02064591,0.00000000,112.84000000,70.14202723,1.60872236,0.20415795,0.56775031,0.01684932,0.98315068,0
220,32099,0.08109441,0.00000000,170.40000000,70.47765235,2.41799691,0.40036620,0.54158846,0.03532472,0.96467528,0
221,32199,0.05064200,0.00000000,165.35000000,70.90171312,2.33199927,0.38459978,0.40591258,0.02774358,0.97225642,0
222,32299,0.09352510,0.00000000,229.59000000,71.47197306,3.21223003,0.61101750,0.32085743,0.00240802,0.99759198,0
223,32399,0.09526371,0.00000000,214.39000000,72.14179354,2.97160160,0.54840451,0.37627915,0.00246273,0.99753727,0
224,32499,0.11900292,0.00000000,223.27000000,72.81794879,3.06660370,0.57445612,0.39351438,0.01647562,0.98352438,0
225,32599,0.10704761,0.00000000,229.61000000,73.50438320,3.12438851,0.58576111,0.41407033,0.02623823,0.97376177,0
226,32699,0.12016822,0.00000000,226.23000000,74.15891112,3.05044413,0.58024652,0.42336827,0.00133771,0.99866229,0
227,32799,0.09541833,0.00000000,216.40000000,74.80319770,2.89270789,0.53417140,0.38319560,-0.00567391,1.00567391,0
228,32899,0.11909840,0.00000000,213.47000000,75.45037229,2.82989584,0.51787175,0.54714963,0.02285638,0.97714362,0
229,32999,0.06250180,0.00000000,192.73000000,75.98353256,2.53650739,0.43823859,0.46075442,0.02096461,0.97903539,0
230,33099,0.18834890,0.00000000,201.09000000,76.53378205,2.62805496,0.45435045,0.73763762,0.02710834,0.97289166,0
231,33199,0.04176075,0.00000000,115.73000000,76.87516399,1.50552821,0.18611689,0.65921999,-0.01870186,1.01870186,0
232,33299,0.02440370,0.00000000,109.38000000,77.02047851,1.42017953,0.15064302,0.60525490,0.01396444,0.98603556,0
233,33399,0.02362002,0.00000000,113.46000000,77.17044235,1.47030928,0.15971787,0.53445790,-0.01980861,1.01980861,0
234,33499,0.01637194,0.00000000,122.86000000,77.36231603,1.58830861,0.19654528,0.42477285,0.02690993,0.97309007,0
235,33599,0.01844128,0.00000000,118.07000000,77.52324576,1.52305055,0.16941021,0.46108823,0.00229000,0.99771000,0
236,33699,0.01525571,0.00000000,107.44000000,77.67417670,1.38324180,0.14214171,0.53102317,0.01011293,0.98988707,0
237,33799,0.02744481,0.00000000,107.65000000,77.80034851,1.38370653,0.14957953,0.57014988,-0.00708612,1.00708612,0
238,33899,0.02237446,0.00000000,129.33000000,77.96757000,1.65878627,0.20431036,0.46689614,-0.00367843,1.00367843,0
239,33999,0.00976537,0.00000000,111.10000000,78.14048991,1.42179142,0.14839601,0.45867365,-0.00105172,1.00105172,0
240,34099,0.06017181,0.00000000,182.08000000,78.44730232,2.32141108,0.37469110,0.53471828,0.00653706,0.99346294,0
241,34199,0.08751558,0.00000000,198.11000000,78.84002268,2.51190155,0.44526075,0.46165807,0.03641446,0.96358554,0
242,34299,0.05197706,0.00000000,172.80000000,79.32533643,2.17833964,0.34483544,0.52646635,0.00479081,0.99520919,0
243,34399,0.02785763,0.00000000,130.58000000,79.63208828,1.63984506,0.20338861,0.63341760,0.00669661,0.99330339,0
244,34499,0.01705642,0.00000000,117.23000000,79.79018835,1.46913682,0.16984945,0.53698323,-0.02315592,1.02315592,0
245,34599,0.01083792,0.00000000,114.60000000,79.95233603,1.43335113,0.15634373,0.53212936,0.00363024,0.99636976,0
246,34699,0.01481690,0.00000000,138.14000000,80.14596393,1.72364660,0.20459548,0.46325973,-0.00525720,1.00525720,0
247,34799,0.03677095,0.00000000,138.10000000,80.38097587,1.71812079,0.23245401,0.53381070,0.01086924,0.98913076,0
248,34899,0.01667716,0.00000000,129.23000000,80.58346239,1.60363360,0.19615475,0.46614629,0.00489882,0.99510118,0
249,34999,0.03017594,0.00000000,132.74000000,80.81490548,1.64270266,0.21751161,0.45187827,-0.01329477,1.01329477,0
250,35099,0.10009320,0.00000000,185.21000000,81.11966312,2.28341973,0.36923941,0.63986570,0.00853749,0.99146251,0
251,35199,0.02934600,0.00000000,140.43000000,81.44915854,1.72432359,0.23128606,0.52983014,0.00479700,0.99520300,0
252,35299,0.01795138,0.00000000,130.78000000,81.65063262,1.60175204,0.18956786,0.47442418,-0.00352727,1.00352727,0
253,35399,0.03270651,0.00000000,127.43000000,81.81621324,1.55742477,0.19162614,0.53617429,-0.00661938,1.00661938,0
254,35499,0.01962091,0.00000000,139.54000000,82.04264171,1.70089719,0.21364063,0.40335584,0.01218593,0.98781407,0
255,35599,0.02342159,0.00000000,132.97000000,82.26869013,1.61646211,0.20643284,0.63187784,0.01011064,0.98988936,0
256,35699,0.02157191,0.00000000,139.06000000,82.46794156,1.68633854,0.23528187,0.44863931,-0.00863001,1.00863001,0
257,35799,0.01695470,0.00000000,127.74000000,82.66276512,1.54537596,0.18821703,0.51959580,0.00941932,0.99058068,0
258,35899,0.01548097,0.00000000,135.09000000,82.85460256,1.63053965,0.19357672,0.51501536,0.01199231,0.98800769,0
259,35999,0.01285738,0.00000000,112.62000000,82.99489333,1.35692820,0.13236455,0.63031181,-0.00845550,1.00845550,0
260,36099,0.06114065,0.00000000,213.12000000,83.28893054,2.55848340,0.44184317,0.40269009,0.03677527,0.96322473,0
261,36199,0.09135486,0.00000000,218.38000000,83.82789937,2.60540725,0.45689963,0.39056796,0.02928986,0.97071014,0
262,36299,0.09120271,0.00000000,214.72000000,84.28939419,2.54689756,0.43713120,0.43638731,0.00308461,0.99691539,0
263,36399,0.07926118,0.00000000,210.07000000,84.83141915,2.47680509,0.39755715,0.39467243,0.00633915,0.99366085,0
264,36499,0.07370043,0.00000000,197.45000000,85.28510462,2.31566280,0.35901086,0.45849833,-0.00750528,1.00750528,0
265,36599,0.07594604,0.00000000,200.08000000,85.69783069,2.33497092,0.39294986,0.52548577,-0.00136914,1.00136914,0
266,36699,0.05687473,0.00000000,194.37000000,86.13223927,2.25711823,0.36096353,0.53340556,0.02988813,0.97011187,0
267,36799,0.03991448,0.00000000,169.48000000,86.46045913,1.96022772,0.28691875,0.50859236,0.00412741,0.99587259,0
268,36899,0.03137778,0.00000000,165.03000000,86.79376219,1.90175845,0.25158313,0.79825211,-0.01011019,1.01011019,0
269,36999,0.04267311,0.00000000,126.19000000,87.00207013,1.45055748,0.18666065,0.57157778,0.00340798,0.99659202,0
270,37099,0.05374796,0.00000000,178.66000000,87.20834889,2.04852430,0.31760933,0.61420983,0.03471918,0.96528082,0
271,37199,0.02706493,0.00000000,141.11000000,87.48762364,1.61291803,0.19577045,0.46609831,0.00955901,0.99044099,0
272,37299,0.02539067,0.00000000,155.35000000,87.70911618,1.77118099,0.22631537,0.39369697,0.00480831,0.99519169,0
273,37399,0.03899630,0.00000000,183.21000000,88.00869509,2.08172239,0.32346644,0.40204744,0.01367219,0.98632781,0
274,37499,0.04871053,0.00000000,185.27000000,88.37495925,2.09660749,0.33499756,0.54314685,0.00342602,0.99657398,0
275,37599,0.03699907,0.00000000,172.57000000,88.69014113,1.94578991,0.27344341,0.42372627,0.00507296,0.99492704,0
276,37699,0.04997744,0.00000000,191.29000000,89.03538288,2.14860721,0.33065848,0.40677351,0.00150099,0.99849901,0
277,37799,0.03186320,0.00000000,170.92000000,89.36563297,1.91267938,0.26134574,0.47318505,0.00570087,0.99429913,0
278,37899,0.02918664,0.00000000,158.38000000,89.63012495,1.76706403,0.22914318,0.44645503,-0.01406538,1.01406538,0
279,37999,0.02082081,0.00000000,130.50000000,89.83641577,1.45270382,0.14758091,0.64619214,-0.00850071,1.00850071,0
280,38099,0.04235245,0.00000000,184.05000000,90.05558853,2.04363713,0.29808492,0.62538439,0.04504279,0.95495721,0
281,38199,0.01271031,0.00000000,154.27000000,90.37897763,1.70718457,0.19291482,0.34692660,-0.00228150,1.00228150,0
282,38299,0.02244008,0.00000000,123.21000000,90.53303152,1.36100923,0.14484765,0.61941150,-0.02813545,1.02813545,0
283,38399,0.02125888,0.00000000,132.62000000,90.64528468,1.46305189,0.16898455,0.51798149,0.02421571,0.97578429,0
284,38499,0.05118392,0.00000000,183.78000000,90.90305603,2.02191218,0.29227142,0.43519609,0.00065093,0.99934907,0
285,38599,0.02196430,0.00000000,164.55000000,91.18497679,1.80463600,0.22764750,0.54251050,0.02536489,0.97463511,0
286,38699,0.03578196,0.00000000,168.04000000,91.43843922,1.83772854,0.25757129,0.48296909,0.01057074,0.98942926,0
287,38799,0.03769333,0.00000000,172.80000000,91.72494858,1.88399603,0.26613583,0.48038288,0.01354082,0.98645918,0
288,38899,0.03008615,0.00000000,161.96000000,91.97631396,1.76088237,0.22348911,0.93453601,0.02157089,0.97842911,0
289,38999,0.03027836,0.00000000,182.27000000,92.27756783,1.97549694,0.28999223,0.41849774,0.02769862,0.97230138,0
290,39099,0.08286965,0.00000000,188.28000000,92.58053746,2.03377502,0.30918849,0.62953496,0.00806864,0.99193136,0
291,39199,0.02779704,0.00000000,148.17000000,92.81610445,1.59627640,0.19711382,0.74144710,-0.00202156,1.00202156,0
292,39299,0.06040102,0.00000000,171.36000000,93.06085141,1.84137295,0.25957313,0.54507823,0.05548673,0.94451327,0
293,39399,0.02196927,0.00000000,141.46000000,93.27694838,1.51655595,0.18178673,0.50716741,0.00500540,0.99499460,0
294,39499,0.02530995,0.00000000,167.46000000,93.51556013,1.79097421,0.24618064,0.58320360,0.02569143,0.97430857,0
295,39599,0.00697055,0.00000000,112.79000000,93.63730439,1.20453266,0.10446428,0.53932184,0.00002877,0.99997123,0
296,39699,0.01955098,0.00000000,126.13000000,93.73819947,1.34559029,0.14722043,0.52626949,-0.00046821,1.00046821,0
297,39799,0.01167825,0.00000000,151.06000000,93.88935262,1.60896905,0.19994996,0.40489509,-0.00314634,1.00314634,0
298,39899,0.01749612,0.00000000,152.42000000,94.09105466,1.62002275,0.18461617,0.39021437,0.02389821,0.97610179,0
299,39999,0.02133034,0.00000000,152.05000000,94.28472830,1.61276964,0.19657789,0.49179901,0.01694461,0.98305539,0
300,40099,0.03735200,0.00000000,164.71000000,94.49383506,1.74316872,0.22829232,0.52644268,0.02748806,0.97251194,0
301,40199,0.01771667,0.00000000,160.23000000,94.68805076,1.69204160,0.21387836,0.48179815,0.00615553,0.99384447,0
302,40299,0.02841121,0.00000000,159.98000000,94.90814305,1.68551402,0.21338768,0.46648535,0.00093809,0.99906191,0
303,40399,0.01859531,0.00000000,154.72000000,95.11973990,1.62651755,0.19167545,0.47255271,-0.00182068,1.00182068,0
304,40499,0.03132643,0.00000000,154.52000000,95.33020873,1.62092440,0.19281352,0.54937410,0.00240754,0.99759246,0
305,40599,0.01926344,0.00000000,165.36000000,95.54623491,1.73075392,0.21793392,0.53286587,-0.00473835,1.00473835,0
306,40699,0.03762152,0.00000000,184.37000000,95.79673019,1.92460986,0.27524794,0.44706970,0.01899620,0.98100380,0
307,40799,0.01936544,0.00000000,156.52000000,96.02839337,1.62987178,0.19380121,0.52624007,0.00549506,0.99450494,0
308,40899,0.01418846,0.00000000,145.63000000,96.23043100,1.51342190,0.17589037,0.53427494,-0.00405327,1.00405327,0
309,40999,0.01279060,0.00000000,139.35000000,96.37236368,1.44598194,0.15263893,0.45041583,0.01468605,0.98531395,0
310,41099,0.02276882,0.00000000,130.38000000,96.48796184,1.35125629,0.14918728,0.60151073,0.03159567,0.96840433,0
311,41199,0.02251139,0.00000000,149.82000000,96.63323253,1.55042079,0.19234607,0.48677582,0.02065843,0.97934157,0
312,41299,0.03813812,0.00000000,174.79000000,96.83478927,1.80499376,0.25086848,0.42716861,0.01138760,0.98861240,0
313,41399,0.02846748,0.00000000,183.39000000,97.10194963,1.88863077,0.27700667,0.38977072,0.01900945,0.98099055,0
314,41499,0.02131557,0.00000000,149.64000000,97.32747190,1.53751315,0.17214130,0.52661761,0.00418789,0.99581211,0
315,41599,0.02520613,0.00000000,198.98000000,97.57469926,2.03934664,0.30799118,0.41338869,0.00894809,0.99105191,0
316,41699,0.03410978,0.00000000,189.58000000,97.87463201,1.93698689,0.28070534,0.39811664,-0.00116421,1.00116421,0
317,41799,0.04421594,0.00000000,204.75000000,98.16887976,2.08551248,0.33204862,0.44482954,0.00026967,0.99973033,0
318,41899,0.04628013,0.00000000,205.16000000,98.53635070,2.08225187,0.32269268,0.44559934,0.01160581,0.98839419,0
319,41999,0.03652338,0.00000000,182.27000000,98.82852477,1.84438986,0.24666453,0.46216572,0.01573726,0.98426274,0
320,42099,0.11964712,0.00000000,222.21000000,99.15029289,2.24126493,0.33618103,0.83835979,0.01381017,0.98618983,0
321,42199,0.02256125,0.00000000,179.15000000,99.45547314,1.80129560,0.24435811,0.39705429,0.01596878,0.98403122,0
322,42299,0.03985657,0.00000000,190.40000000,99.72422177,1.90928895,0.26861412,0.41845807,0.00326588,0.99673412,0
323,42399,0.06166611,0.00000000,197.18000000,100.01184811,1.97156247,0.29437594,0.49826924,0.03069195,0.96930805,0
324,42499,0.06169317,0.00000000,207.69000000,100.33889405,2.07000456,0.31857064,0.68312767,0.02362469,0.97637531,0
325,42599,0.01804898,0.00000000,145.28000000,100.55049729,1.44480180,0.18128805,0.65380156,-0.01335027,1.01335027,0
326,42699,0.03596441,0.00000000,173.12000000,100.75935188,1.71828385,0.21720429,0.50342122,0.00131244,0.99868756,0
327,42799,0.02397418,0.00000000,182.28000000,100.97461103,1.80518966,0.25453535,0.42881251,0.01875924,0.98124076,0
328,42899,0.02581303,0.00000000,167.43000000,101.22179657,1.65422478,0.21237827,0.46760853,-0.01784398,1.01784398,0
329,42999,0.03901436,0.00000000,161.23000000,101.39859836,1.59009570,0.20325714,0.59165974,0.00742848,0.99257152,0
330,43099,0.04413340,0.00000000,184.91000000,101.61150996,1.81978658,0.25358896,0.53989310,0.02942278,0.97057722,0
331,43199,0.02637271,0.00000000,217.01000000,101.92314262,2.12930260,0.32807975,0.31118130,0.00387605,0.99612395,0
332,43299,0.05999963,0.00000000,209.76000000,102.24143191,2.05158111,0.29846908,0.48108389,-0.01982840,1.01982840,0
333,43399,0.02770172,0.00000000,220.33000000,102.56455361,2.14800205,0.33590229,0.36159502,0.00864134,0.99135866,0
334,43499,0.04524204,0.00000000,218.72000000,102.94626057,2.12475753,0.33541804,0.41274475,0.03368444,0.96631556,0
335,43599,0.06356838,0.00000000,199.60000000,103.23920057,1.93328235,0.28169814,0.57383967,0.01150252,0.98849748,0
336,43699,0.03539578,0.00000000,215.74000000,103.56072889,2.08323629,0.31193733,0.43092351,-0.00796894,1.00796894,0
337,43799,0.05126339,0.00000000,223.76000000,103.91176464,2.15345387,0.33773500,0.48449451,-0.00510476,1.00510476,0
338,43899,0.05010170,0.00000000,233.25000000,104.25061842,2.23714349,0.36322431,0.40037351,0.00892050,0.99107950,0
339,43999,0.05717108,0.00000000,238.13000000,104.64866570,2.27539192,0.35349626,0.49033574,-0.00624221,1.00624221,0
340,44099,0.12010905,0.00000000,225.44000000,105.04010116,2.14631406,0.32747423,0.79327428,0.02045909,0.97954091,0
341,44199,0.02874382,0.00000000,184.10000000,105.31754238,1.74799875,0.22735868,0.44272565,-0.00368934,1.00368934,0
342,44299,0.04393924,0.00000000,202.05000000,105.57961690,1.91371081,0.27230740,0.50394871,0.02666268,0.97333732,0
343,44399,0.02337047,0.00000000,191.44000000,105.84741015,1.80864870,0.23203966,0.41159749,0.01358519,0.98641481,0
344,44499,0.02686823,0.00000000,172.59000000,106.08509772,1.62700722,0.19122032,0.73277261,-0.00308015,1.00308015,0
345,44599,0.03185178,0.00000000,175.60000000,106.27055895,1.65242859,0.22734528,0.59562448,0.00607735,0.99392265,0
346,44699,0.02492331,0.00000000,167.15000000,106.45219251,1.57019156,0.19489370,0.53132187,0.00924831,0.99075169,0
347,44799,0.01245951,0.00000000,153.43000000,106.62300526,1.43906377,0.15430967,0.43492525,0.00971109,0.99028891,0
348,44899,0.02085471,0.00000000,159.28000000,106.74088921,1.49217656,0.19399744,0.48927722,0.00030645,0.99969355,0
349,44999,0.01262006,0.00000000,152.35000000,106.88192678,1.42537278,0.13975577,0.50750104,0.01161547,0.98838453,0
350,45099,0.07257916,0.00000000,234.66000000,107.15134691,2.19015090,0.34824130,0.43668699,0.03814648,0.96185352,0
351,45199,0.04784487,0.00000000,225.10000000,107.49671112,2.09412343,0.29818708,0.42739896,0.01098838,0.98901162,0
352,45299,0.07157830,0.00000000,241.32000000,107.82453762,2.23787289,0.36400853,0.47622981,0.01398636,0.98601364,0
353,45399,0.05585107,0.00000000,232.46000000,108.18897663,2.14845011,0.32280578,0.38572890,0.01111430,0.98888570,0
354,45499,0.06199654,0.00000000,258.14000000,108.61368380,2.37693000,0.37055378,0.43796438,0.02387494,0.97612506,0
355,45599,0.04115789,0.00000000,221.57000000,108.96773218,2.03338660,0.28956001,0.54260072,-0.00266276,1.00266276,0
356,45699,0.06608167,0.00000000,258.26000000,109.32108418,2.36227879,0.37660885,0.47019465,0.01712000,0.98288000,0
357,45799,0.04071943,0.00000000,251.14000000,109.73430657,2.28858171,0.35825263,0.45272918,0.00249903,0.99750097,0
358,45899,0.06484634,0.00000000,259.96000000,110.14679829,2.36015126,0.37499301,0.45274843,0.00437636,0.99562364,0
359,45999,0.04866641,0.00000000,239.33000000,110.52601408,2.16530424,0.33577097,0.48935831,-0.00929447,1.00929447,0
360,46099,0.12406075,0.00000000,226.74000000,110.87635050,2.04502476,0.32251658,1.03880725,0.03532828,0.96467172,0
361,46199,0.02269553,0.00000000,214.40000000,111.17780067,1.92845629,0.27596859,0.33102224,0.03735776,0.96264224,0
362,46299,0.01547489,0.00000000,178.19000000,111.40758118,1.59942286,0.18499924,0.58784510,-0.00563862,1.00563862,0
363,46399,0.03399468,0.00000000,207.17000000,111.63391868,1.85579483,0.24882787,0.46267006,0.02142526,0.97857474,0
364,46499,0.03566754,0.00000000,184.83000000,111.89161194,1.65202277,0.22566214,0.64166713,-0.00718174,1.00718174,0
365,46599,0.02719525,0.00000000,171.78000000,112.05445929,1.53303920,0.17527788,0.47638201,0.00685955,0.99314045,0
366,46699,0.01474586,0.00000000,172.62000000,112.20696177,1.53838678,0.19520772,0.60761970,0.00680258,0.99319742,0
367,46799,0.03466024,0.00000000,189.13000000,112.39870070,1.68267778,0.21611931,0.46631884,-0.00791691,1.00791691,0
368,46899,0.02769366,0.00000000,167.05000000,112.56565260,1.48398113,0.18984110,0.50949384,0.00751737,0.99248263,0
369,46999,0.01685929,0.00000000,160.15000000,112.73585468,1.42065775,0.14752209,0.56050160,-0.00943469,1.00943469,0
370,47099,0.04686141,0.00000000,200.99000000,112.91221035,1.78016154,0.23318561,0.65140231,0.01354601,0.98645399,0
371,47199,0.01907444,0.00000000,175.56000000,113.09477566,1.55229948,0.19316827,0.51394495,0.01385653,0.98614347,0
372,47299,0.01756666,0.00000000,175.64000000,113.27731702,1.55057223,0.18015659,0.45933220,0.01183618,0.98816382,0
373,47399,0.01942860,0.00000000,168.55000000,113.42661274,1.48598617,0.16777705,0.47749947,0.00557515,0.99442485,0
374,47499,0.02178809,0.00000000,175.66000000,113.58807868,1.54649195,0.18546811,0.55973899,0.02094755,0.97905245,0
375,47599,0.02101247,0.00000000,196.92000000,113.75864599,1.73092145,0.22993043,0.39483161,-0.01113992,1.01113992,0
376,47699,0.00941343,0.00000000,168.92000000,113.96567735,1.48222393,0.16218710,0.50903143,0.01528626,0.98471374,0
377,47799,0.03200351,0.00000000,205.30000000,114.13205045,1.79864254,0.23566780,0.50687982,0.01637766,0.98362234,0
378,47899,0.03253629,0.00000000,211.61000000,114.39553479,1.84975611,0.25120358,0.39912649,-0.00929045,1.00929045,0
379,47999,0.03265592,0.00000000,190.50000000,114.62771825,1.66188509,0.21800598,0.62657151,0.00800623,0.99199377,0
380,48099,0.03935602,0.00000000,224.18000000,114.86772614,1.95157991,0.27336536,0.48825783,0.01806025,0.98193975,0
381,48199,0.03394988,0.00000000,237.44000000,115.16830311,2.06158193,0.31355610,0.37567169,0.00687517,0.99312483,0
382,48299,0.04056770,0.00000000,216.53000000,115.45375279,1.87533845,0.26222330,0.71215514,0.01815085,0.98184915,0
383,48399,0.05552496,0.00000000,268.33000000,115.81508511,2.31703467,0.37589841,0.44934585,-0.00614498,1.00614498,0
384,48499,0.06313944,0.00000000,276.93000000,116.21429926,2.38298245,0.39929182,0.41064078,0.01219216,0.98780784,0
385,48599,0.08876859,0.00000000,294.05000000,116.65651032,2.52076043,0.42966815,0.48470094,-0.01454272,1.01454272,0
386,48699,0.05866934,0.00000000,273.75000000,117.08447554,2.33809190,0.39059577,0.42880998,0.02874319,0.97125681,0
387,48799,0.04591266,0.00000000,227.11000000,117.43381872,1.93400488,0.28275137,0.71160658,-0.00624483,1.00624483,0
388,48899,0.04189135,0.00000000,256.42000000,117.73707982,2.17782086,0.34977196,0.40916585,0.01771501,0.98228499,0
389,48999,0.05007017,0.00000000,289.31000000,118.14348207,2.44879840,0.40605811,0.44290525,0.01841674,0.98158326,0
390,49099,0.05705384,0.00000000,228.12000000,118.49246355,1.92509510,0.28321813,0.75432603,0.00346639,0.99653361,0
391,49199,0.04607178,0.00000000,256.02000000,118.81143477,2.15476445,0.32608015,0.41919395,0.00982532,0.99017468,0
392,49299,0.06265644,0.00000000,261.07000000,119.17861417,2.19060970,0.34868350,0.42179851,0.00226022,0.99773978,0
393,49399,0.06680386,0.00000000,289.39000000,119.55997185,2.42032034,0.38928806,0.42500114,0.02557358,0.97442642,0
394,49499,0.06148859,0.00000000,260.71000000,119.96432016,2.17321135,0.33833150,0.47359943,-0.00459515,1.00459515,0
395,49599,0.07346983,0.00000000,259.80000000,120.30932480,2.15932364,0.33088530,0.53679020,0.01512173,0.98487827,0
396,49699,0.05011648,0.00000000,272.64000000,120.68287962,2.25908224,0.36132638,0.40834714,-0.00867536,1.00867536,0
397,49799,0.04729840,0.00000000,272.38000000,121.05795491,2.24986684,0.34181762,0.46697745,0.01756205,0.98243795,0
398,49899,0.03188267,0.00000000,266.97000000,121.45208876,2.19822851,0.34106891,0.45087421,0.01247022,0.98752978,0
399,49999,0.02233926,0.00000000,180.82000000,121.70957176,1.48570416,0.16335466,0.62845426,-0.00898517,1.00898517,0
400,50099,0.20140418,0.00000000,256.71000000,121.95202951,2.10509437,0.32656080,1.44831168,0.02423813,0.97576187,0
401,50199,0.06847327,0.00000000,208.48000000,122.20277957,1.70593477,0.22127878,0.81610891,0.01882268,0.98117732,0
402,50299,0.04899113,0.00000000,212.85000000,122.44427335,1.73838082,0.21853458,0.79938679,-0.03015582,1.03015582,0
403,50399,0.04637118,0.00000000,228.95000000,122.67300778,1.86628126,0.25003631,0.60072179,0.04466219,0.95533781,0
404,50499,0.05952964,0.00000000,186.51000000,122.88787708,1.51771070,0.18834056,0.72006721,0.02158781,0.97841219,0
405,50599,0.05289693,0.00000000,221.26000000,123.09657335,1.79748417,0.24636261,0.64455208,-0.00201465,1.00201465,0
406,50699,0.05833712,0.00000000,229.74000000,123.31024168,1.86287549,0.28209539,0.64283706,-0.00393923,1.00393923,0
407,50799,0.07105479,0.00000000,246.48000000,123.63260645,1.99371140,0.30512479,0.51191784,0.00860675,0.99139325,0
408,50899,0.06880031,0.00000000,260.53000000,123.92922208,2.10212195,0.30522738,0.55760808,0.01679403,0.98320597,0
409,50999,0.05049730,0.00000000,251.92000000,124.26525412,2.02726605,0.29696978,0.59740243,0.00340269,0.99659731,0
410,51099,0.07649958,0.00000000,252.76000000,124.57476912,2.02895660,0.30620114,0.67845634,0.02529079,0.97470921,0
411,51199,0.06345365,0.00000000,277.30000000,124.90578261,2.21994231,0.34293611,0.55454764,0.00820077,0.99179923,0
412,51299,0.04543987,0.00000000,254.47000000,125.26065120,2.03151576,0.29598571,0.64453050,-0.00635742,1.00635742,0
413,51399,0.08274725,0.00000000,290.62000000,125.63462614,2.31339518,0.37173690,0.53972496,0.01483407,0.98516593,0
414,51499,0.06313913,0.00000000,261.21000000,125.97925614,2.07343075,0.30967310,0.63259440,0.00740415,0.99259585,0
415,51599,0.07886128,0.00000000,318.15000000,126.37194823,2.51754799,0.43243265,0.43066679,0.00733922,0.99266078,0
416,51699,0.08858291,0.00000000,323.58000000,126.84384631,2.55104768,0.45254701,0.59068625,0.01558386,0.98441614,0
417,51799,0.06523294,0.00000000,299.44000000,127.27479339,2.35261830,0.37215952,0.57515268,0.00423212,0.99576788,0
418,51899,0.07136225,0.00000000,324.69000000,127.71599552,2.54217795,0.43693119,0.47746812,0.01767667,0.98232333,0
419,51999,0.08090539,0.00000000,317.47000000,128.16017996,2.47684318,0.42567005,0.48967696,0.03100766,0.96899234,0
420,52099,0.06159209,0.00000000,305.89000000,128.57807667,2.37855376,0.38537007,0.50027866,0.01220038,0.98779962,0
421,52199,0.08423640,0.00000000,308.13000000,129.05763066,2.38767146,0.39261506,0.60337705,-0.00728932,1.00728932,0
422,52299,0.08128495,0.00000000,331.77000000,129.49190290,2.56203068,0.44253385,0.45195146,0.02025281,0.97974719,0
423,52399,0.07941073,0.00000000,325.32000000,129.96581120,2.50310781,0.42888664,0.53872797,0.00777861,0.99222139,0
424,52499,0.08519128,0.00000000,330.11000000,130.40896089,2.53106802,0.42327443,0.45122661,0.00914145,0.99085855,0
425,52599,0.08629404,0.00000000,303.74000000,130.86682461,2.32094323,0.39371581,0.66958479,0.01503423,0.98496577,0
426,52699,0.06373192,0.00000000,276.33000000,131.26612466,2.10529547,0.32330072,0.62223748,0.02185323,0.97814677,0
427,52799,0.05899059,0.00000000,279.72000000,131.61844311,2.12549737,0.31858452,0.73703956,-0.02427671,1.02427671,0
428,52899,0.05090877,0.00000000,218.31000000,131.85445737,1.65565710,0.23115968,0.75730461,0.04142465,0.95857535,0
429,52999,0.03044784,0.00000000,254.81000000,132.10143615,1.92886778,0.27423490,0.42584197,0.02669590,0.97330410,0
430,53099,0.06421985,0.00000000,296.40000000,132.42683598,2.23810220,0.34877608,0.47365529,0.02178020,0.97821980,0
431,53199,0.07589589,0.00000000,279.25000000,132.81377495,2.10269152,0.32576567,0.59361029,-0.00773523,1.00773523,0
432,53299,0.09130415,0.00000000,292.06000000,133.17313107,2.19327557,0.35881927,0.68363694,-0.00283997,1.00283997,0
433,53399,0.06696087,0.00000000,286.14000000,133.49845335,2.14328078,0.35372484,0.52974106,0.01261685,0.98738315,0
434,53499,0.06625081,0.00000000,279.96000000,133.83278217,2.09167736,0.32623806,0.47273106,0.02195206,0.97804794,0
435,53599,0.06063847,0.00000000,266.88000000,134.19321743,1.98889537,0.29365636,0.54935986,0.01701863,0.98298137,0
436,53699,0.05775079,0.00000000,297.62000000,134.52349532,2.21246745,0.34047314,0.58101342,-0.01488890,1.01488890,0
437,53799,0.04783721,0.00000000,252.98000000,134.82261317,1.87629638,0.26463119,0.63240168,0.01233537,0.98766463,0
438,53899,0.06572419,0.00000000,266.26000000,135.12653829,1.97048013,0.29324043,0.62785190,0.04030655,0.95969345,0
439,53999,0.06091820,0.00000000,298.68000000,135.46311842,2.20493245,0.35345473,0.44076078,0.00210785,0.99789215,0
440,54099,0.07782162,0.00000000,320.26000000,135.83943879,2.35750799,0.39029519,0.48949418,0.00220196,0.99779804,0
441,54199,0.07275239,0.00000000,358.38000000,136.32305954,2.62902605,0.45454967,0.39632603,0.03480131,0.96519869,0
442,54299,0.05750095,0.00000000,288.95000000,136.74675988,2.11311198,0.33435781,0.55801750,0.01598123,0.98401877,0
443,54399,0.07990930,0.00000000,355.14000000,137.16613279,2.58926203,0.45368443,0.44065061,0.03975461,0.96024539,0
444,54499,0.05696279,0.00000000,302.14000000,137.57936979,2.19606141,0.34192765,0.54777505,0.01533546,0.98466454,0
445,54599,0.05497467,0.00000000,310.58000000,137.96015313,2.25119213,0.34542091,0.49012913,0.02363921,0.97636079,0
446,54699,0.07195659,0.00000000,294.29000000,138.34052458,2.12735010,0.32486551,0.73009942,0.01606743,0.98393257,0
447,54799,0.03240602,0.00000000,282.69000000,138.67135336,2.03858241,0.31285388,0.41121283,0.02546086,0.97453914,0
448,54899,0.07317510,0.00000000,284.33000000,139.01723569,2.04548636,0.28902117,0.82400722,0.03538055,0.96461945,0
449,54999,0.03276584,0.00000000,299.54000000,139.34039087,2.14977203,0.32498541,0.38569544,0.03899915,0.96100085,0
450,55099,0.08032234,0.00000000,324.24000000,139.70822168,2.32078326,0.36562514,0.48996503,0.05598100,0.94401900,0
451,55199,0.06458385,0.00000000,324.52000000,140.15959420,2.31570440,0.36915987,0.83289462,-0.01275795,1.01275795,0
452,55299,0.04953364,0.00000000,291.02000000,140.49276478,2.07141558,0.28486895,0.45131513,0.02717544,0.97282456,0
453,55399,0.04319349,0.00000000,318.78000000,140.85188629,2.26318906,0.36201699,0.39648676,0.04454111,0.95545889,0
454,55499,0.13285005,0.00000000,403.29000000,141.31265586,2.85352710,0.52282244,0.49768111,0.02055136,0.97944864,0
455,55599,0.14428334,0.00000000,401.20000000,141.92499828,2.82700205,0.52526911,0.55973618,-0.00406139,1.00406139,0
456,55699,0.07651933,0.00000000,354.05000000,142.43854411,2.48572541,0.42641057,0.47792040,0.04866014,0.95133986,0
457,55799,0.10097207,0.00000000,365.64000000,142.91827086,2.55853200,0.44799482,0.58109183,0.01460941,0.98539059,0
458,55899,0.06408623,0.00000000,291.66000000,143.31896705,2.03510334,0.31319213,0.72137272,0.03202785,0.96797215,0
459,55999,0.05819926,0.00000000,338.40000000,143.65808525,2.35534972,0.38533835,0.46553819,0.04385004,0.95614996,0
460,56099,0.06195585,0.00000000,319.88000000,144.09384529,2.22000460,0.35233324,0.57705850,0.01991790,0.98008210,0
461,56199,0.05321254,0.00000000,333.36000000,144.47555699,2.30732008,0.36873809,0.44670789,0.04051833,0.95948167,0
462,56299,0.09102082,0.00000000,380.33000000,144.94136483,2.62403071,0.46735757,0.50943389,0.02226188,0.97773812,0
463,56399,0.08365240,0.00000000,393.53000000,145.49657094,2.70513298,0.48815217,0.49428974,0.00744788,0.99255212,0
464,56499,0.09177457,0.00000000,365.39000000,145.93938083,2.50342622,0.44328471,0.53419561,0.03219731,0.96780269,0
465,56599,0.09492651,0.00000000,411.76000000,146.48970791,2.81087345,0.50573669,0.44151701,0.01061551,0.98938449,0
466,56699,0.11889150,0.00000000,438.49000000,147.10193625,2.98109427,0.53522529,0.50888614,0.03136813,0.96863187,0
467,56799,0.09499292,0.00000000,409.26000000,147.67222134,2.77135155,0.49732868,0.49909668,0.01801419,0.98198581,0
468,56899,0.10150610,0.00000000,364.32000000,148.23121840,2.45821249,0.41109016,0.83693356,0.04144171,0.95855829,0
469,56999,0.05089224,0.00000000,363.10000000,148.65152226,2.44267218,0.41228296,0.34393497,0.01310191,0.98689809,0
470,57099,0.08452815,0.00000000,380.56000000,149.12308286,2.55200802,0.42945429,0.51704392,0.02074625,0.97925375,0
471,57199,0.13408855,0.00000000,413.59000000,149.64263150,2.76380896,0.49510524,0.46518359,0.05713312,0.94286688,0
472,57299,0.06732461,0.00000000,338.48000000,150.14673525,2.25450529,0.36601992,0.72880834,0.03622753,0.96377247,0
473,57399,0.05130531,0.00000000,351.28000000,150.51293012,2.33366774,0.38637717,0.38847884,0.03701649,0.96298351,0
474,57499,0.08358269,0.00000000,374.83000000,150.98279747,2.48257995,0.43182613,0.48071443,0.02521766,0.97478234,0
475,57599,0.03533539,0.00000000,291.30000000,151.39708304,1.92425270,0.26681270,0.85326971,0.01813972,0.98186028,0
476,57699,0.06023192,0.00000000,326.11000000,151.69716424,2.14973374,0.34871015,0.39456336,0.04598946,0.95401054,0
477,57799,0.06895107,0.00000000,361.98000000,152.08173972,2.37999266,0.39751390,0.45460620,0.03752341,0.96247659,0
478,57899,0.06180322,0.00000000,370.32000000,152.55954804,2.42748346,0.39860360,0.47901998,0.02390614,0.97609386,0
479,57999,0.08501474,0.00000000,446.37000000,153.09122123,2.91583575,0.53586103,0.40511268,0.00738092,0.99261908,0
480,58099,0.07539616,0.00000000,375.97000000,153.58903110,2.44761504,0.41593816,0.50504649,-0.00456164,1.00456164,0
481,58199,0.07577597,0.00000000,400.19000000,154.10930810,2.59683221,0.45605669,0.45457076,0.02036912,0.97963088,0
482,58299,0.06372190,0.00000000,367.85000000,154.58066652,2.37964467,0.39946127,0.42186073,-0.00119791,1.00119791,0
483,58399,0.07363298,0.00000000,386.27000000,155.03604719,2.49142364,0.40758699,0.52650745,0.01543770,0.98456230,0
484,58499,0.05948291,0.00000000,379.59000000,155.50154774,2.44096293,0.42011081,0.41844185,0.02288200,0.97711800,0
485,58599,0.05668500,0.00000000,350.75000000,155.92140494,2.24934026,0.37532706,0.59241187,0.02494545,0.97505455,0
486,58699,0.06601301,0.00000000,361.64000000,156.36593616,2.31286015,0.37912317,0.51623080,0.00880447,0.99119553,0
487,58799,0.05639113,0.00000000,370.53000000,156.76365833,2.36342320,0.37502743,0.34100529,0.02007100,0.97992900,0
488,58899,0.04604110,0.00000000,362.82000000,157.19969840,2.30788081,0.39061582,0.59081760,0.00860221,0.99139779,0
489,58999,0.09173340,0.00000000,415.35000000,157.68499793,2.63400269,0.47901265,0.43197696,0.04519688,0.95480312,0
490,59099,0.06191218,0.00000000,329.17000000,158.11612376,2.08174255,0.31239664,0.65755071,0.00041627,0.99958373,0
491,59199,0.06196291,0.00000000,386.68000000,158.54458473,2.43903266,0.41106934,0.37459059,0.02911004,0.97088996,0
492,59299,0.06850585,0.00000000,407.79000000,159.01122737,2.56446796,0.43997623,0.42583966,0.00303143,0.99696857,0
493,59399,0.07391035,0.00000000,403.39000000,159.49173691,2.52897253,0.43303827,0.49882496,0.00679988,0.99320012,0
494,59499,0.07118441,0.00000000,392.63000000,160.01837689,2.45381657,0.41486601,0.47292291,0.03019492,0.96980508,0
495,59599,0.08972064,0.00000000,371.60000000,160.45283655,2.31598001,0.37223680,0.62217366,0.02868206,0.97131794,0
496,59699,0.02878575,0.00000000,322.35000000,160.85125715,2.00419221,0.29432866,0.43966165,0.03843145,0.96156855,0
497,59799,0.05042938,0.00000000,418.97000000,161.23970491,2.59836607,0.43881133,0.42859963,0.02614917,0.97385083,0
498,59899,0.06157805,0.00000000,404.00000000,161.73380553,2.49780127,0.40494240,0.44814115,0.05579100,0.94420900,0
499,59999,0.11210734,0.00000000,388.57000000,162.24564725,2.39519294,0.39921498,0.74383243,0.00196451,0.99803549,0
500,60099,0.06486956,0.00000000,402.21000000,162.63635066,2.47264121,0.42519161,0.39132811,0.02408469,0.97591531,0
501,60199,0.04362500,0.00000000,351.92000000,163.13031858,2.15742700,0.34153160,0.46386921,-0.00478029,1.00478029,0
502,60299,0.07179923,0.00000000,386.71000000,163.50330292,2.36500382,0.38360119,0.53963040,0.05002093,0.94997907,0
503,60399,0.04876434,0.00000000,369.05000000,163.92595211,2.25115760,0.35550985,0.45985744,0.05375808,0.94624192,0
504,60499,0.05379661,0.00000000,347.31000000,164.31916672,2.11353954,0.31534259,0.54050352,0.02035374,0.97964626,0
505,60599,0.04110527,0.00000000,248.43000000,164.61591065,1.50921032,0.17307224,1.13366841,-0.01597962,1.01597962,0
506,60699,0.01308526,0.00000000,220.92000000,164.73742788,1.34104921,0.13366030,0.56996384,-0.03897484,1.03897484,0
507,60799,0.03472547,0.00000000,226.76000000,164.86982245,1.37543450,0.16190807,0.80422058,-0.01371734,1.01371734,0
508,60899,0.02995875,0.00000000,297.01000000,165.01918974,1.79974386,0.24071564,0.47476629,-0.00868479,1.00868479,0
509,60999,0.02804215,0.00000000,284.69000000,165.27966046,1.72243368,0.23406632,0.49738857,0.01739026,0.98260974,0
510,61099,0.03306150,0.00000000,266.18000000,165.50744825,1.60828100,0.19860387,0.57925886,0.04033577,0.95966423,0
511,61199,0.04297412,0.00000000,370.98000000,165.77680675,2.23762790,0.35464909,0.32414531,0.04078484,0.95921516,0
512,61299,0.06815976,0.00000000,408.96000000,166.22917610,2.46011693,0.40069285,0.41424656,0.03302550,0.96697450,0
513,61399,0.08134365,0.00000000,415.95000000,166.72203392,2.49488511,0.43233663,0.53340063,0.01441862,0.98558138,0
514,61499,0.05340340,0.00000000,370.48000000,167.16166726,2.21629994,0.34573566,0.46036408,0.03196611,0.96803389,0
515,61599,0.08048835,0.00000000,455.37000000,167.65100304,2.71631807,0.47280692,0.42537369,0.02670519,0.97329481,0
516,61699,0.09265049,0.00000000,478.28000000,168.18586689,2.84342434,0.52617401,0.53128335,0.02205512,0.97794488,0
