block_end_step,block_win_rate,q_short,q_long,rate_gap,detector_armed,regime_change,positive_streak,rearm_streak,rate_warmup_remaining
10099,0.95000000,0.95000000,0.95000000,0.00000000,0,0,0,0,19
10199,0.98000000,0.95600000,0.95030000,0.00570000,0,0,0,0,18
10299,0.99000000,0.96280000,0.95069700,0.01210300,0,0,0,0,17
10399,0.23000000,0.81624000,0.94349003,-0.12725003,0,0,0,0,16
10499,0.45000000,0.74299200,0.93855513,-0.19556313,0,0,0,0,15
10599,0.46000000,0.68639360,0.93376958,-0.24737598,0,0,0,0,14
10699,0.71000000,0.69111488,0.93153188,-0.24041700,0,0,0,0,13
10799,0.55000000,0.66289190,0.92771656,-0.26482466,0,0,0,0,12
10899,0.74000000,0.67831352,0.92583940,-0.24752587,0,0,0,0,11
10999,0.76000000,0.69465082,0.92418100,-0.22953019,0,0,0,0,10
11099,0.86000000,0.72772065,0.92353919,-0.19581854,0,0,0,0,9
11199,0.75000000,0.73217652,0.92180380,-0.18962728,0,0,0,0,8
11299,0.75000000,0.73574122,0.92008576,-0.18434455,0,0,0,0,7
11399,0.68000000,0.72459298,0.91768491,-0.19309193,0,0,0,0,6
11499,0.64000000,0.70767438,0.91490806,-0.20723368,0,0,0,0,5
11599,0.70000000,0.70613950,0.91275898,-0.20661947,0,0,0,0,4
11699,0.91000000,0.74691160,0.91273139,-0.16581978,0,0,0,0,3
11799,0.87000000,0.77152928,0.91230407,-0.14077479,0,0,0,0,2
11899,0.84000000,0.78522343,0.91158103,-0.12635761,0,0,0,0,1
11999,0.91000000,0.81017874,0.91156522,-0.10138648,1,0,0,0,0
12099,0.53000000,0.75414299,0.90774957,-0.15360658,1,0,0,0,0
12199,0.88000000,0.77931439,0.90747207,-0.12815768,1,0,0,0,0
12299,0.92000000,0.80745152,0.90759735,-0.10014584,1,0,0,0,0
12399,0.90000000,0.82596121,0.90752138,-0.08156017,1,0,0,0,0
12499,0.85000000,0.83076897,0.90694617,-0.07617720,1,0,0,0,0
12599,0.94000000,0.85261518,0.90727670,-0.05466153,1,0,0,0,0
12699,0.95000000,0.87209214,0.90770394,-0.03561180,1,0,0,0,0
12799,0.91000000,0.87967371,0.90772690,-0.02805319,1,0,0,0,0
12899,0.93000000,0.88973897,0.90794963,-0.01821066,1,0,0,0,0
12999,0.81000000,0.87379118,0.90697013,-0.03317896,1,0,0,0,0
13099,0.65000000,0.82903294,0.90440043,-0.07536749,1,0,0,0,0
13199,0.98000000,0.85922635,0.90515643,-0.04593007,1,0,0,0,0
13299,0.98000000,0.88338108,0.90590486,-0.02252378,1,0,0,0,0
13399,0.86000000,0.87870487,0.90544581,-0.02674095,1,0,0,0,0
13499,0.31000000,0.76496389,0.89949136,-0.13452746,1,0,0,0,0
13599,0.50000000,0.71197111,0.89549644,-0.18352533,1,0,0,0,0
13699,0.77000000,0.72357689,0.89424148,-0.17066459,1,0,0,0,0
13799,0.73000000,0.72486151,0.89259906,-0.16773755,1,0,0,0,0
13899,0.87000000,0.75388921,0.89237307,-0.13848386,1,0,0,0,0
13999,0.88000000,0.77911137,0.89224934,-0.11313797,1,0,0,0,0
14099,0.72000000,0.76728909,0.89052685,-0.12323775,1,0,0,0,0
14199,0.59000000,0.73183128,0.88752158,-0.15569030,1,0,0,0,0
14299,0.64000000,0.71346502,0.88504636,-0.17158134,1,0,0,0,0
14399,0.72000000,0.71477202,0.88339590,-0.16862388,1,0,0,0,0
14499,0.82000000,0.73581761,0.88276194,-0.14694433,1,0,0,0,0
14599,0.96000000,0.78065409,0.88353432,-0.10288023,1,0,0,0,0
14699,0.83000000,0.79052327,0.88299898,-0.09247571,1,0,0,0,0
14799,0.93000000,0.81841862,0.88346899,-0.06505037,1,0,0,0,0
14899,0.89000000,0.83273489,0.88353430,-0.05079940,1,0,0,0,0
14999,0.86000000,0.83818792,0.88329896,-0.04511104,1,0,0,0,0
15099,0.61000000,0.79255033,0.88056597,-0.08801563,1,0,0,0,0
15199,0.99000000,0.83204027,0.88166031,-0.04962004,1,0,0,0,0
15299,0.99000000,0.86363221,0.88274370,-0.01911149,1,0,0,0,0
15399,0.99000000,0.88890577,0.88381627,0.00508950,1,0,0,0,0
15499,0.91000000,0.89312462,0.88407810,0.00904651,1,0,0,0,0
15599,1.00000000,0.91449969,0.88523732,0.02926237,1,0,0,0,0
15699,0.98000000,0.92759975,0.88618495,0.04141480,1,0,0,0,0
15799,0.97000000,0.93607980,0.88702310,0.04905670,1,0,0,0,0
15899,0.93000000,0.93486384,0.88745287,0.04741097,1,0,0,0,0
15999,0.88000000,0.92389107,0.88737834,0.03651273,1,0,0,0,0
16099,0.65000000,0.86911286,0.88500456,-0.01589170,1,0,0,0,0
16199,0.76000000,0.84729029,0.88375451,-0.03646422,1,0,0,0,0
16299,0.87000000,0.85183223,0.88361697,-0.03178474,1,0,0,0,0
16399,0.80000000,0.84146578,0.88278080,-0.04131501,1,0,0,0,0
16499,0.91000000,0.85517263,0.88305299,-0.02788036,1,0,0,0,0
16599,0.87000000,0.85813810,0.88292246,-0.02478436,1,0,0,0,0
16699,0.74000000,0.83451048,0.88149323,-0.04698275,1,0,0,0,0
16799,0.75000000,0.81760839,0.88017830,-0.06256992,1,0,0,0,0
16899,0.87000000,0.82808671,0.88007652,-0.05198981,1,0,0,0,0
16999,0.81000000,0.82446937,0.87937575,-0.05490639,1,0,0,0,0
17099,0.54000000,0.76757549,0.87598200,-0.10840650,1,0,0,0,0
17199,0.96000000,0.80606039,0.87682218,-0.07076178,1,0,0,0,0
17299,0.97000000,0.83884832,0.87775395,-0.03890564,1,0,0,0,0
17399,0.71000000,0.81307865,0.87607642,-0.06299776,1,0,0,0,0
17499,0.84000000,0.81846292,0.87571565,-0.05725273,1,0,0,0,0
17599,0.67000000,0.78877034,0.87365849,-0.08488816,1,0,0,0,0
17699,0.83000000,0.79701627,0.87322191,-0.07620564,1,0,0,0,0
17799,0.95000000,0.82761302,0.87398969,-0.04637667,1,0,0,0,0
17899,0.98000000,0.85809041,0.87504979,-0.01695938,1,0,0,0,0
17999,0.97000000,0.88047233,0.87599930,0.00447303,1,0,0,0,0
18099,0.59000000,0.82237786,0.87313930,-0.05076144,1,0,0,0,0
18199,0.94000000,0.84590229,0.87380791,-0.02790562,1,0,0,0,0
18299,0.99000000,0.87472183,0.87496983,-0.00024800,1,0,0,0,0
18399,0.89000000,0.87777747,0.87512013,0.00265733,1,0,0,0,0
18499,0.89000000,0.88022197,0.87526893,0.00495304,1,0,0,0,0
18599,0.95000000,0.89417758,0.87601624,0.01816134,1,0,0,0,0
18699,0.99000000,0.91334206,0.87715608,0.03618598,1,0,0,0,0
18799,0.97000000,0.92467365,0.87808452,0.04658913,1,0,0,0,0
18899,0.96000000,0.93173892,0.87890367,0.05283525,1,0,0,0,0
18999,0.91000000,0.92739114,0.87921464,0.04817650,1,0,0,0,0
19099,0.97000000,0.93591291,0.88012249,0.05579042,1,0,0,0,0
19199,0.97000000,0.94273033,0.88102127,0.06170906,1,0,0,0,0
19299,0.89000000,0.93218426,0.88111105,0.05107321,1,0,0,0,0
19399,0.78000000,0.90174741,0.88009994,0.02164747,1,0,0,0,0
19499,0.97000000,0.91539793,0.88099894,0.03439898,1,0,0,0,0
19599,0.95000000,0.92231834,0.88168895,0.04062939,1,0,0,0,0
19699,0.88000000,0.91385467,0.88167206,0.03218261,1,0,0,0,0
19799,0.88000000,0.90708374,0.88165534,0.02542840,1,0,0,0,0
19899,0.89000000,0.90366699,0.88173879,0.02192820,1,0,0,0,0
19999,0.78000000,0.87893359,0.88072140,-0.00178781,1,0,0,0,0
20099,0.02000000,0.70714687,0.87211419,-0.16496731,1,0,0,0,0
20199,0.18000000,0.60171750,0.86519305,-0.26347555,1,0,0,0,0
20299,0.38000000,0.55737400,0.86034112,-0.30296712,1,0,0,0,0
20399,0.72000000,0.58989920,0.85893770,-0.26903850,1,0,0,0,0
20499,0.78000000,0.62791936,0.85814833,-0.23022897,1,0,0,0,0
20599,0.79000000,0.66033549,0.85746684,-0.19713136,1,0,0,0,0
20699,0.60000000,0.64826839,0.85489218,-0.20662379,1,0,0,0,0
20799,0.57000000,0.63261471,0.85204325,-0.21942854,1,0,0,0,0
20899,0.52000000,0.61009177,0.84872282,-0.23863105,1,0,0,0,0
20999,0.70000000,0.62807342,0.84723559,-0.21916218,1,0,0,0,0
21099,0.16000000,0.53445873,0.84036324,-0.30590450,1,0,0,0,0
21199,0.52000000,0.53156699,0.83715960,-0.30559262,1,0,0,0,0
21299,0.58000000,0.54125359,0.83458801,-0.29333442,1,0,0,0,0
21399,0.35000000,0.50300287,0.82974213,-0.32673926,1,0,0,0,0
21499,0.38000000,0.47840230,0.82524471,-0.34684241,1,0,0,0,0
21599,0.32000000,0.44672184,0.82019226,-0.37347042,1,0,0,0,0
21699,0.23000000,0.40337747,0.81429034,-0.41091287,1,0,0,0,0
21799,0.56000000,0.43470198,0.81174743,-0.37704546,1,0,0,0,0
21899,0.58000000,0.46376158,0.80942996,-0.34566838,1,0,0,0,0
21999,0.75000000,0.52100926,0.80883566,-0.28782640,1,0,0,0,0
22099,0.50000000,0.51680741,0.80574730,-0.28893989,1,0,0,0,0
22199,0.97000000,0.60744593,0.80738983,-0.19994390,1,0,0,0,0
22299,0.92000000,0.66995674,0.80851593,-0.13855919,1,0,0,0,0
22399,0.75000000,0.68596539,0.80793077,-0.12196538,1,0,0,0,0
22499,0.64000000,0.67677232,0.80625147,-0.12947915,1,0,0,0,0
22599,0.64000000,0.66941785,0.80458895,-0.13517110,1,0,0,0,0
22699,0.27000000,0.58953428,0.79924306,-0.20970878,1,0,0,0,0
22799,0.29000000,0.52962743,0.79415063,-0.26452320,1,0,0,0,0
22899,0.23000000,0.46970194,0.78850912,-0.31880718,1,0,0,0,0
22999,0.29000000,0.43376155,0.78352403,-0.34976248,1,0,0,0,0
23099,0.62000000,0.47100924,0.78188879,-0.31087955,1,0,0,0,0
23199,0.96000000,0.56880739,0.78366990,-0.21486251,1,0,0,0,0
23299,0.73000000,0.60104591,0.78313321,-0.18208729,1,0,0,0,0
23399,0.84000000,0.64883673,0.78370187,-0.13486514,1,0,0,0,0
23499,0.49000000,0.61706939,0.78076485,-0.16369547,1,0,0,0,0
23599,0.65000000,0.62365551,0.77945721,-0.15580170,1,0,0,0,0
23699,0.43000000,0.58492441,0.77596263,-0.19103823,1,0,0,0,0
23799,0.44000000,0.55593953,0.77260301,-0.21666348,1,0,0,0,0
23899,0.52000000,0.54875162,0.77007698,-0.22132536,1,0,0,0,0
23999,0.77000000,0.59300130,0.77007621,-0.17707491,1,0,0,0,0
24099,0.58000000,0.59040104,0.76817545,-0.17777441,1,0,0,0,0
24199,0.93000000,0.65832083,0.76979369,-0.11147286,1,0,0,0,0
24299,0.72000000,0.67065666,0.76929575,-0.09863909,1,0,0,0,0
24399,0.67000000,0.67052533,0.76830280,-0.09777747,1,0,0,0,0
24499,0.37000000,0.61042026,0.76431977,-0.15389950,1,0,0,0,0
24599,0.34000000,0.55633621,0.76007657,-0.20374036,1,0,0,0,0
24699,0.31000000,0.50706897,0.75557581,-0.24850684,1,0,0,0,0
24799,0.75000000,0.55565518,0.75552005,-0.19986487,1,0,0,0,0
24899,0.73000000,0.59052414,0.75526485,-0.16474071,1,0,0,0,0
24999,0.55000000,0.58241931,0.75321220,-0.17079289,1,0,0,0,0
25099,0.53000000,0.57193545,0.75098008,-0.17904463,1,0,0,0,0
25199,0.66000000,0.58954836,0.75007028,-0.16052192,1,0,0,0,0
25299,0.57000000,0.58563869,0.74826957,-0.16263089,1,0,0,0,0
25399,0.75000000,0.61851095,0.74828688,-0.12977593,1,0,0,0,0
25499,0.55000000,0.60480876,0.74630401,-0.14149525,1,0,0,0,0
25599,0.65000000,0.61384701,0.74534097,-0.13149396,1,0,0,0,0
25699,0.72000000,0.63507761,0.74508756,-0.11000995,1,0,0,0,0
25799,0.46000000,0.60006209,0.74223668,-0.14217460,1,0,0,0,0
25899,0.46000000,0.57204967,0.73941432,-0.16736465,1,0,0,0,0
25999,0.49000000,0.55563973,0.73692017,-0.18128044,1,0,0,0,0
26099,0.41000000,0.52651179,0.73365097,-0.20713918,1,0,0,0,0
26199,0.63000000,0.54720943,0.73261446,-0.18540503,1,0,0,0,0
26299,0.69000000,0.57576754,0.73218832,-0.15642077,1,0,0,0,0
26399,0.75000000,0.61061404,0.73236643,-0.12175240,1,0,0,0,0
26499,0.78000000,0.64449123,0.73284277,-0.08835154,1,0,0,0,0
26599,0.67000000,0.64959298,0.73221434,-0.08262136,1,0,0,0,0
26699,0.89000000,0.69767439,0.73379220,-0.03611781,1,0,0,0,0
26799,0.63000000,0.68413951,0.73275428,-0.04861477,1,0,0,0,0
26899,0.73000000,0.69331161,0.73272673,-0.03941513,1,0,0,0,0
26999,0.42000000,0.63864929,0.72959947,-0.09095018,1,0,0,0,0
27099,0.76000000,0.66291943,0.72990347,-0.06698404,1,0,0,0,0
27199,0.93000000,0.71633554,0.73190444,-0.01556889,1,0,0,0,0
27299,0.79000000,0.73106843,0.73248539,-0.00141696,1,0,0,0,0
27399,0.71000000,0.72685475,0.73226054,-0.00540579,1,0,0,0,0
27499,0.92000000,0.76548380,0.73413793,0.03134586,1,0,0,0,0
27599,0.91000000,0.79438704,0.73589655,0.05849048,1,0,0,0,0
27699,0.98000000,0.83150963,0.73833759,0.09317204,1,0,0,0,0
27799,0.97000000,0.85920770,0.74065421,0.11855349,1,0,0,0,0
27899,0.88000000,0.86336616,0.74204767,0.12131849,1,0,0,0,0
27999,0.81000000,0.85269293,0.74272719,0.10996574,1,0,0,0,0
28099,0.59000000,0.80015434,0.74119992,0.05895442,1,0,0,0,0
28199,0.63000000,0.76612348,0.74008792,0.02603555,1,0,0,0,0
28299,0.83000000,0.77889878,0.74098704,0.03791174,1,0,0,0,0
28399,0.87000000,0.79711902,0.74227717,0.05484185,1,0,0,0,0
28499,0.80000000,0.79769522,0.74285440,0.05484082,1,0,0,0,0
28599,0.73000000,0.78415618,0.74272586,0.04143032,1,0,0,0,0
28699,0.52000000,0.73132494,0.74049860,-0.00917366,1,0,0,0,0
28799,0.44000000,0.67305995,0.73749361,-0.06443366,1,0,0,0,0
28899,0.39000000,0.61644796,0.73401868,-0.11757071,1,0,0,0,0
28999,0.58000000,0.60915837,0.73247849,-0.12332012,1,0,0,0,0
29099,0.36000000,0.55932670,0.72875370,-0.16942701,1,0,0,0,0
29199,0.53000000,0.55346136,0.72676617,-0.17330481,1,0,0,0,0
29299,0.58000000,0.55876909,0.72529851,-0.16652942,1,0,0,0,0
29399,0.47000000,0.54101527,0.72274552,-0.18173025,1,0,0,0,0
29499,0.66000000,0.56481221,0.72211807,-0.15730585,1,0,0,0,0
29599,0.67000000,0.58584977,0.72159689,-0.13574711,1,0,0,0,0
29699,0.62000000,0.59267982,0.72058092,-0.12790110,1,0,0,0,0
29799,0.67000000,0.60814385,0.72007511,-0.11193125,1,0,0,0,0
29899,0.55000000,0.59651508,0.71837436,-0.12185927,1,0,0,0,0
29999,0.67000000,0.61121207,0.71789061,-0.10667855,1,0,0,0,0
30099,0.30000000,0.54896965,0.71371171,-0.16474205,1,0,0,0,0
30199,0.33000000,0.50517572,0.70987459,-0.20469887,1,0,0,0,0
30299,0.39000000,0.48214058,0.70667584,-0.22453527,1,0,0,0,0
30399,0.45000000,0.47571246,0.70410909,-0.22839662,1,0,0,0,0
30499,0.48000000,0.47656997,0.70186799,-0.22529802,1,0,0,0,0
30599,0.45000000,0.47125598,0.69934931,-0.22809334,1,0,0,0,0
30699,0.48000000,0.47300478,0.69715582,-0.22415104,1,0,0,0,0
30799,0.57000000,0.49240382,0.69588426,-0.20348044,1,0,0,0,0
30899,0.56000000,0.50592306,0.69452542,-0.18860236,1,0,0,0,0
30999,0.41000000,0.48673845,0.69168017,-0.20494172,1,0,0,0,0
31099,0.30000000,0.44939076,0.68776336,-0.23837261,1,0,0,0,0
31199,0.04000000,0.36751261,0.68128573,-0.31377312,1,0,0,0,0
31299,0.06000000,0.30601009,0.67507287,-0.36906279,1,0,0,0,0
31399,0.14000000,0.27280807,0.66972214,-0.39691408,1,0,0,0,0
31499,0.28000000,0.27424645,0.66582492,-0.39157847,1,0,0,0,0
31599,0.30000000,0.27939716,0.66216667,-0.38276951,1,0,0,0,0
31699,0.32000000,0.28751773,0.65874501,-0.37122728,1,0,0,0,0
31799,0.17000000,0.26401418,0.65385756,-0.38984337,1,0,0,0,0
31899,0.56000000,0.32321135,0.65291898,-0.32970763,1,0,0,0,0
31999,0.56000000,0.37056908,0.65198979,-0.28142071,1,0,0,0,0
32099,0.65000000,0.42645526,0.65196989,-0.22551463,1,0,0,0,0
32199,0.49000000,0.43916421,0.65035020,-0.21118598,1,0,0,0,0
32299,0.67000000,0.48533137,0.65054669,-0.16521533,1,0,0,0,0
32399,0.67000000,0.52226509,0.65074123,-0.12847613,1,0,0,0,0
32499,0.59000000,0.53581208,0.65013381,-0.11432174,1,0,0,0,0
32599,0.37000000,0.50264966,0.64733248,-0.14468282,1,0,0,0,0
32699,0.37000000,0.47611973,0.64455915,-0.16843942,1,0,0,0,0
32799,0.44000000,0.46889578,0.64251356,-0.17361778,1,0,0,0,0
32899,0.49000000,0.47311663,0.64098842,-0.16787180,1,0,0,0,0
32999,0.42000000,0.46249330,0.63877854,-0.17628524,1,0,0,0,0
33099,0.40000000,0.44999464,0.63639075,-0.18639611,1,0,0,0,0
33199,0.02000000,0.36399571,0.63022685,-0.26623113,1,0,0,0,0
33299,0.05000000,0.30119657,0.62442458,-0.32322801,1,0,0,0,0
33399,0.09000000,0.25895726,0.61908033,-0.36012308,1,0,0,0,0
33499,0.22000000,0.25116580,0.61508953,-0.36392372,1,0,0,0,0
33599,0.26000000,0.25293264,0.61153863,-0.35860599,1,0,0,0,0
33699,0.37000000,0.27634612,0.60912325,-0.33277713,1,0,0,0,0
33799,0.42000000,0.30507689,0.60723202,-0.30215512,1,0,0,0,0
33899,0.43000000,0.33006151,0.60545969,-0.27539818,1,0,0,0,0
33999,0.65000000,0.39404921,0.60590510,-0.21185589,1,0,0,0,0
34099,0.61000000,0.43723937,0.60594605,-0.16870668,1,0,0,0,0
34199,0.37000000,0.42379149,0.60358659,-0.17979509,1,0,0,0,0
34299,0.51000000,0.44103320,0.60265072,-0.16161752,1,0,0,0,0
34399,0.38000000,0.42882656,0.60042421,-0.17159766,1,0,0,0,0
34499,0.49000000,0.44106125,0.59931997,-0.15825873,1,0,0,0,0
34599,0.47000000,0.44684900,0.59802677,-0.15117778,1,0,0,0,0
34699,0.56000000,0.46947920,0.59764650,-0.12816731,1,0,0,0,0
34799,0.35000000,0.44558336,0.59517004,-0.14958668,1,0,0,0,0
34899,0.25000000,0.40646669,0.59171834,-0.18525165,1,0,0,0,0
34999,0.27000000,0.37917335,0.58850116,-0.20932781,1,0,0,0,0
35099,0.73000000,0.44933868,0.58991614,-0.14057746,1,0,0,0,0
35199,1.00000000,0.55947094,0.59401698,-0.03454604,1,0,0,0,0
35299,0.51000000,0.54957675,0.59317681,-0.04360006,1,0,0,0,0
35399,0.48000000,0.53566140,0.59204504,-0.05638364,1,0,0,0,0
35499,0.58000000,0.54452912,0.59192459,-0.04739547,1,0,0,0,0
35599,0.46000000,0.52762330,0.59060535,-0.06298205,1,0,0,0,0
35699,0.36000000,0.49409864,0.58829929,-0.09420066,1,0,0,0,0
35799,0.71000000,0.53727891,0.58951630,-0.05223739,1,0,0,0,0
35899,0.65000000,0.55982313,0.59012114,-0.03029801,1,0,0,0,0
35999,0.74000000,0.59585850,0.59161993,0.00423858,1,0,0,0,0
36099,0.73000000,0.62268680,0.59300373,0.02968307,1,0,0,0,0
36199,0.48000000,0.59414944,0.59187369,0.00227575,1,0,0,0,0
36299,0.50000000,0.57531955,0.59095495,-0.01563540,1,0,0,0,0
36399,0.57000000,0.57425564,0.59074540,-0.01648976,1,0,0,0,0
36499,0.60000000,0.57940451,0.59083795,-0.01143344,1,0,0,0,0
36599,0.78000000,0.61952361,0.59272957,0.02679404,1,0,0,0,0
36699,0.85000000,0.66561889,0.59530227,0.07031661,1,0,0,0,0
36799,0.69000000,0.67049511,0.59624925,0.07424586,1,0,0,0,0
36899,0.39000000,0.61439609,0.59418676,0.02020933,1,0,0,0,0
36999,0.41000000,0.57351687,0.59234489,-0.01882802,1,0,0,0,0
37099,0.59000000,0.57681350,0.59232144,-0.01550795,1,0,0,0,0
37199,0.20000000,0.50145080,0.58839823,-0.08694743,1,0,0,0,0
37299,0.10000000,0.42116064,0.58351425,-0.16235361,1,0,0,0,0
37399,0.36000000,0.40892851,0.58127910,-0.17235059,1,0,0,0,0
37499,0.72000000,0.47114281,0.58266631,-0.11152350,1,0,0,0,0
37599,0.73000000,0.52291425,0.58413965,-0.06122540,1,0,0,0,0
37699,0.66000000,0.55033140,0.58489825,-0.03456686,1,0,0,0,0
37799,0.69000000,0.57826512,0.58594927,-0.00768415,1,0,0,0,0
37899,0.77000000,0.61661209,0.58778978,0.02882232,1,0,0,0,0
37999,0.63000000,0.61928968,0.58821188,0.03107780,1,0,0,0,0
38099,0.29000000,0.55343174,0.58522976,-0.03179802,1,0,0,0,0
38199,0.17000000,0.47674539,0.58107746,-0.10433207,1,0,0,0,0
38299,0.21000000,0.42339631,0.57736669,-0.15397038,1,0,0,0,0
38399,0.47000000,0.43271705,0.57629302,-0.14357597,1,0,0,0,0
38499,0.52000000,0.45017364,0.57573009,-0.12555645,1,0,0,0,0
38599,0.34000000,0.42813891,0.57337279,-0.14523388,1,0,0,0,0
38699,0.52000000,0.44651113,0.57283906,-0.12632793,1,0,0,0,0
38799,0.52000000,0.46120890,0.57231067,-0.11110177,1,0,0,0,0
38899,0.75000000,0.51896712,0.57408757,-0.05512044,1,0,0,0,0
38999,0.74000000,0.56317370,0.57574669,-0.01257299,1,0,0,0,0
39099,0.31000000,0.51253896,0.57308922,-0.06055026,1,0,0,0,0
39199,0.15000000,0.44003117,0.56885833,-0.12882716,1,0,0,0,0
39299,0.26000000,0.40402493,0.56576975,-0.16174481,1,0,0,0,0
39399,0.33000000,0.38921995,0.56341205,-0.17419210,1,0,0,0,0
39499,0.46000000,0.40337596,0.56237793,-0.15900197,1,0,0,0,0
39599,0.50000000,0.42270077,0.56175415,-0.13905338,1,0,0,0,0
39699,0.40000000,0.41816061,0.56013661,-0.14197600,1,0,0,0,0
39799,0.30000000,0.39452849,0.55753524,-0.16300675,1,0,0,0,0
39899,0.50000000,0.41562279,0.55695989,-0.14133710,1,0,0,0,0
39999,0.30000000,0.39249823,0.55439029,-0.16189206,1,0,0,0,0
40099,0.32000000,0.37799859,0.55204639,-0.17404780,1,0,0,0,0
40199,0.29000000,0.36039887,0.54942592,-0.18902706,1,0,0,0,0
40299,0.29000000,0.34631910,0.54683167,-0.20051257,1,0,0,0,0
40399,0.46000000,0.36905528,0.54596335,-0.17690807,1,0,0,0,0
40499,0.47000000,0.38924422,0.54520372,-0.15595949,1,0,0,0,0
40599,0.73000000,0.45739538,0.54705168,-0.08965630,1,0,0,0,0
40699,0.66000000,0.49791630,0.54818116,-0.05026486,1,0,0,0,0
40799,0.65000000,0.52833304,0.54919935,-0.02086631,1,0,0,0,0
40899,0.67000000,0.55666643,0.55040736,0.00625908,1,0,0,0,0
40999,0.56000000,0.55733315,0.55050328,0.00682986,1,0,0,0,0
41099,0.32000000,0.50986652,0.54819825,-0.03833173,1,0,0,0,0
41199,0.35000000,0.47789321,0.54621627,-0.06832305,1,0,0,0,0
41299,0.51000000,0.48431457,0.54585410,-0.06153953,1,0,0,0,0
41399,0.61000000,0.50945166,0.54649556,-0.03704391,1,0,0,0,0
41499,0.47000000,0.50156133,0.54573061,-0.04416928,1,0,0,0,0
41599,0.32000000,0.46524906,0.54347330,-0.07822424,1,0,0,0,0
41699,0.51000000,0.47419925,0.54313857,-0.06893932,1,0,0,0,0
41799,0.54000000,0.48735940,0.54310718,-0.05574778,1,0,0,0,0
41899,0.62000000,0.51388752,0.54387611,-0.02998859,1,0,0,0,0
41999,0.39000000,0.48911002,0.54233735,-0.05322734,1,0,0,0,0
42099,0.36000000,0.46328801,0.54051398,-0.07722596,1,0,0,0,0
42199,0.25000000,0.42063041,0.53760884,-0.11697843,1,0,0,0,0
42299,0.39000000,0.41450433,0.53613275,-0.12162842,1,0,0,0,0
42399,0.38000000,0.40760346,0.53457142,-0.12696796,1,0,0,0,0
42499,0.26000000,0.37808277,0.53182571,-0.15374294,1,0,0,0,0
42599,0.53000000,0.40846622,0.53180745,-0.12334123,1,0,0,0,0
42699,0.33000000,0.39277297,0.52978938,-0.13701640,1,0,0,0,0
42799,0.54000000,0.42221838,0.52989148,-0.10767310,1,0,0,0,0
42899,0.52000000,0.44177470,0.52979257,-0.08801786,1,0,0,0,0
42999,0.47000000,0.44741976,0.52919464,-0.08177488,1,0,0,0,0
43099,0.12000000,0.38193581,0.52510269,-0.14316689,1,0,0,0,0
43199,0.27000000,0.35954865,0.52255167,-0.16300302,1,0,0,0,0
43299,0.21000000,0.32963892,0.51942615,-0.18978723,1,0,0,0,0
43399,0.30000000,0.32371113,0.51723189,-0.19352076,1,0,0,0,0
43499,0.57000000,0.37296891,0.51775957,-0.14479066,1,0,0,0,0
43599,0.64000000,0.42637513,0.51898197,-0.09260685,1,0,0,0,0
43699,0.54000000,0.44910010,0.51919216,-0.07009205,1,0,0,0,0
43799,0.45000000,0.44928008,0.51850023,-0.06922015,1,0,0,0,0
43899,0.32000000,0.42342406,0.51651523,-0.09309117,1,0,0,0,0
43999,0.22000000,0.38273925,0.51355008,-0.13081083,1,0,0,0,0
44099,0.20000000,0.34619140,0.51041458,-0.16422318,1,0,0,0,0
44199,0.08000000,0.29295312,0.50611043,-0.21315731,1,0,0,0,0
44299,0.14000000,0.26236250,0.50244933,-0.24008683,1,0,0,0,0
44399,0.28000000,0.26589000,0.50022483,-0.23433484,1,0,0,0,0
44499,0.24000000,0.26071200,0.49762259,-0.23691059,1,0,0,0,0
44599,0.42000000,0.29256960,0.49684636,-0.20427676,1,0,0,0,0
44699,0.47000000,0.32805568,0.49657790,-0.16852222,1,0,0,0,0
44799,0.47000000,0.35644454,0.49631212,-0.13986758,1,0,0,0,0
44899,0.51000000,0.38715563,0.49644900,-0.10929336,1,0,0,0,0
44999,0.30000000,0.36972451,0.49448451,-0.12476000,1,0,0,0,0
45099,0.48000000,0.39177961,0.49433966,-0.10256006,1,0,0,0,0
45199,0.48000000,0.40942368,0.49419627,-0.08477258,1,0,0,0,0
45299,0.78000000,0.48353895,0.49705430,-0.01351535,1,0,0,0,0
45399,0.74000000,0.53483116,0.49948376,0.03534740,1,0,0,0,0
45499,0.68000000,0.56386493,0.50128892,0.06257600,1,0,0,0,0
45599,0.67000000,0.58509194,0.50297603,0.08211591,1,0,0,0,0
45699,0.27000000,0.52207355,0.50064627,0.02142728,1,0,0,0,0
45799,0.18000000,0.45365884,0.49743981,-0.04378097,1,0,0,0,0
45899,0.22000000,0.40692707,0.49466541,-0.08773834,1,0,0,0,0
45999,0.22000000,0.36954166,0.49191876,-0.12237710,1,0,0,0,0
46099,0.49000000,0.39363333,0.49189957,-0.09826624,1,0,0,0,0
46199,0.27000000,0.36890666,0.48968057,-0.12077391,1,0,0,0,0
46299,0.38000000,0.37112533,0.48858377,-0.11745844,1,0,0,0,0
46399,0.29000000,0.35490026,0.48659793,-0.13169767,1,0,0,0,0
46499,0.26000000,0.33592021,0.48433195,-0.14841174,1,0,0,0,0
46599,0.26000000,0.32073617,0.48208863,-0.16135246,1,0,0,0,0
46699,0.42000000,0.34058893,0.48146775,-0.14087881,1,0,0,0,0
46799,0.50000000,0.37247115,0.48165307,-0.10918192,1,0,0,0,0
46899,0.29000000,0.35597692,0.47973654,-0.12375962,1,0,0,0,0
46999,0.23000000,0.33078153,0.47723917,-0.14645764,1,0,0,0,0
47099,0.26000000,0.31662523,0.47506678,-0.15844155,1,0,0,0,0
47199,0.32000000,0.31730018,0.47351611,-0.15621593,1,0,0,0,0
47299,0.48000000,0.34984015,0.47358095,-0.12374081,1,0,0,0,0
47399,0.38000000,0.35587212,0.47264514,-0.11677303,1,0,0,0,0
47499,0.44000000,0.37269769,0.47231869,-0.09962100,1,0,0,0,0
47599,0.25000000,0.34815815,0.47009550,-0.12193735,1,0,0,0,0
47699,0.39000000,0.35652652,0.46929455,-0.11276802,1,0,0,0,0
47799,0.49000000,0.38322122,0.46950160,-0.08628038,1,0,0,0,0
47899,0.65000000,0.43657698,0.47130659,-0.03472961,1,0,0,0,0
47999,0.48000000,0.44526158,0.47139352,-0.02613194,1,0,0,0,0
48099,0.31000000,0.41820926,0.46977959,-0.05157032,1,0,0,0,0
48199,0.12000000,0.35856741,0.46628179,-0.10771438,1,0,0,0,0
48299,0.08000000,0.30285393,0.46241897,-0.15956504,1,0,0,0,0
48399,0.05000000,0.25228314,0.45829478,-0.20601164,1,0,0,0,0
48499,0.14000000,0.22982651,0.45511183,-0.22528532,1,0,0,0,0
48599,0.29000000,0.24186121,0.45346072,-0.21159950,1,0,0,0,0
48699,0.31000000,0.25548897,0.45202611,-0.19653714,1,0,0,0,0
48799,0.31000000,0.26639118,0.45060585,-0.18421467,1,0,0,0,0
48899,0.69000000,0.35111294,0.45299979,-0.10188685,1,0,0,0,0
48999,0.73000000,0.42689035,0.45576979,-0.02887944,1,0,0,0,0
49099,0.25000000,0.39151228,0.45371209,-0.06219981,1,0,0,0,0
49199,0.25000000,0.36320983,0.45167497,-0.08846515,1,0,0,0,0
49299,0.15000000,0.32056786,0.44865822,-0.12809036,1,0,0,0,0
49399,0.09000000,0.27445429,0.44507164,-0.17061735,1,0,0,0,0
49499,0.13000000,0.24556343,0.44192092,-0.19635749,1,0,0,0,0
49599,0.16000000,0.22845074,0.43910172,-0.21065097,1,0,0,0,0
49699,0.21000000,0.22476060,0.43681070,-0.21205010,1,0,0,0,0
49799,0.21000000,0.22180848,0.43454259,-0.21273411,1,0,0,0,0
49899,0.05000000,0.18744678,0.43069717,-0.24325038,1,0,0,0,0
49999,0.15000000,0.17995742,0.42789019,-0.24793277,1,0,0,0,0
50099,0.65000000,0.27396594,0.43011129,-0.15614535,1,0,0,0,0
50199,0.90000000,0.39917275,0.43481018,-0.03563743,1,0,0,0,0
50299,0.76000000,0.47133820,0.43806208,0.03327612,1,0,0,0,0
50399,0.81000000,0.53907056,0.44178146,0.09728911,1,0,0,0,0
50499,0.76000000,0.58325645,0.44496364,0.13829281,1,0,0,0,0
50599,0.71000000,0.60860516,0.44761401,0.16099115,1,0,1,0,0
50699,0.76000000,0.63888413,0.45073787,0.18814626,1,0,2,0,0
50799,0.69000000,0.64910730,0.45313049,0.19597682,0,1,0,0,0
50899,0.75000000,0.66928584,0.45609918,0.21318666,0,0,0,0,0
50999,0.72000000,0.67942867,0.45873819,0.22069048,0,0,0,0,0
51099,0.55000000,0.65354294,0.45965081,0.19389213,0,0,0,0,0
51199,0.70000000,0.66283435,0.46205430,0.20078005,0,0,0,0,0
51299,0.62000000,0.65426748,0.46363376,0.19063372,0,0,0,0,0
51399,0.75000000,0.67341398,0.46649742,0.20691657,0,0,0,0,0
51499,0.67000000,0.67273119,0.46853245,0.20419874,0,0,0,0,0
51599,0.86000000,0.71018495,0.47244712,0.23773783,0,0,0,0,0
51699,0.80000000,0.72814796,0.47572265,0.25242531,0,0,0,0,0
51799,0.75000000,0.73251837,0.47846542,0.25405295,0,0,0,0,0
51899,0.90000000,0.76601469,0.48268077,0.28333393,0,0,0,0,0
51999,0.82000000,0.77681176,0.48605396,0.29075779,0,0,0,0,0
52099,0.44000000,0.70944940,0.48559342,0.22385598,0,0,0,0,0
52199,0.84000000,0.73555952,0.48913749,0.24642204,0,0,0,0,0
52299,0.67000000,0.72244762,0.49094611,0.23150151,0,0,0,0,0
52399,0.57000000,0.69195810,0.49173665,0.20022144,0,0,0,0,0
52499,0.71000000,0.69556648,0.49391928,0.20164719,0,0,0,0,0
52599,0.81000000,0.71845318,0.49708009,0.22137309,0,0,0,0,0
52699,0.70000000,0.71476254,0.49910929,0.21565325,0,0,0,0,0
52799,0.82000000,0.73581004,0.50231820,0.23349184,0,0,0,0,0
52899,0.73000000,0.73464803,0.50459502,0.23005301,0,0,0,0,0
52999,0.73000000,0.73371842,0.50684907,0.22686936,0,0,0,0,0
53099,0.61000000,0.70897474,0.50788058,0.20109416,0,0,0,0,0
53199,0.62000000,0.69117979,0.50900177,0.18217802,0,0,0,0,0
53299,0.68000000,0.68894383,0.51071175,0.17823208,0,0,0,0,0
53399,0.61000000,0.67315507,0.51170463,0.16145043,0,0,0,0,0
53499,0.70000000,0.67852405,0.51358759,0.16493646,0,0,0,0,0
53599,0.67000000,0.67681924,0.51515171,0.16166753,0,0,0,0,0
53699,0.54000000,0.64945539,0.51540019,0.13405520,0,0,0,0,0
53799,0.54000000,0.62756432,0.51564619,0.11191812,0,0,0,0,0
53899,0.52000000,0.60605145,0.51568973,0.09036172,0,0,0,0,0
53999,0.47000000,0.57884116,0.51523283,0.06360833,0,0,0,0,0
54099,0.54000000,0.57107293,0.51548051,0.05559242,0,0,0,0,0
54199,0.43000000,0.54285834,0.51462570,0.02823264,0,0,0,1,0
54299,0.45000000,0.52428667,0.51397944,0.01030723,0,0,0,2,0
54399,0.43000000,0.50542934,0.51313965,-0.00771031,0,0,0,3,0
54499,0.33000000,0.47034347,0.51130825,-0.04096478,0,0,0,4,0
54599,0.44000000,0.46427478,0.51059517,-0.04632039,1,0,0,0,0
54699,0.56000000,0.48341982,0.51108922,-0.02766940,1,0,0,0,0
54799,0.65000000,0.51673586,0.51247833,0.00425753,1,0,0,0,0
54899,0.48000000,0.50938869,0.51215354,-0.00276486,1,0,0,0,0
54999,0.55000000,0.51751095,0.51253201,0.00497894,1,0,0,0,0
55099,0.87000000,0.58800876,0.51610669,0.07190207,1,0,0,0,0
55199,1.00000000,0.67040701,0.52094562,0.14946139,1,0,0,0,0
55299,1.00000000,0.73632561,0.52573616,0.21058944,1,0,1,0,0
55399,1.00000000,0.78906048,0.53047880,0.25858168,1,0,2,0,0
55499,1.00000000,0.83124839,0.53517401,0.29607437,0,1,0,0,0
55599,1.00000000,0.86499871,0.53982227,0.32517644,0,0,0,0,0
55699,1.00000000,0.89199897,0.54442405,0.34757492,0,0,0,0,0
55799,1.00000000,0.91359917,0.54897981,0.36461936,0,0,0,0,0
55899,1.00000000,0.93087934,0.55349001,0.37738933,0,0,0,0,0
55999,1.00000000,0.94470347,0.55795511,0.38674836,0,0,0,0,0
56099,0.06000000,0.76776278,0.55297556,0.21478722,0,0,0,0,0
56199,0.36000000,0.68621022,0.55104581,0.13516442,0,0,0,0,0
56299,0.93000000,0.73496818,0.55483535,0.18013283,0,0,0,0,0
56399,0.92000000,0.77197454,0.55848699,0.21348755,0,0,0,0,0
56499,0.97000000,0.81157963,0.56260212,0.24897751,0,0,0,0,0
56599,0.99000000,0.84726371,0.56687610,0.28038760,0,0,0,0,0
56699,1.00000000,0.87781097,0.57120734,0.30660362,0,0,0,0,0
56799,1.00000000,0.90224877,0.57549527,0.32675350,0,0,0,0,0
56899,1.00000000,0.92179902,0.57974032,0.34205870,0,0,0,0,0
56999,1.00000000,0.93743921,0.58394291,0.35349630,0,0,0,0,0
57099,0.92000000,0.93395137,0.58730348,0.34664789,0,0,0,0,0
57199,0.97000000,0.94116110,0.59113045,0.35003065,0,0,0,0,0
57299,1.00000000,0.95292888,0.59521914,0.35770973,0,0,0,0,0
57399,0.99000000,0.96034310,0.59916695,0.36117615,0,0,0,0,0
57499,1.00000000,0.96827448,0.60317528,0.36509920,0,0,0,0,0
57599,1.00000000,0.97461959,0.60714353,0.36747605,0,0,0,0,0
57699,1.00000000,0.97969567,0.61107210,0.36862357,0,0,0,0,0
57799,1.00000000,0.98375653,0.61496137,0.36879516,0,0,0,0,0
57899,0.99000000,0.98500523,0.61871176,0.36629347,0,0,0,0,0
57999,0.99000000,0.98600418,0.62242464,0.36357954,0,0,0,0,0
58099,0.96000000,0.98080335,0.62580040,0.35500295,0,0,0,0,0
58199,0.94000000,0.97264268,0.62894239,0.34370028,0,0,0,0,0
58299,0.99000000,0.97611414,0.63255297,0.34356117,0,0,0,0,0
58399,0.97000000,0.97489131,0.63592744,0.33896387,0,0,0,0,0
58499,0.98000000,0.97591305,0.63936816,0.33654489,0,0,0,0,0
58599,0.97000000,0.97473044,0.64267448,0.33205596,0,0,0,0,0
58699,0.98000000,0.97578435,0.64604774,0.32973661,0,0,0,0,0
58799,0.99000000,0.97862748,0.64948726,0.32914022,0,0,0,0,0
58899,0.97000000,0.97690199,0.65269239,0.32420960,0,0,0,0,0
58999,0.97000000,0.97552159,0.65586546,0.31965612,0,0,0,0,0
59099,0.83000000,0.94641727,0.65760681,0.28881046,0,0,0,0,0
59199,0.93000000,0.94313382,0.66033074,0.28280307,0,0,0,0,0
59299,0.97000000,0.94850705,0.66342743,0.28507962,0,0,0,0,0
59399,0.94000000,0.94680564,0.66619316,0.28061248,0,0,0,0,0
59499,0.94000000,0.94544451,0.66893123,0.27651329,0,0,0,0,0
59599,0.90000000,0.93635561,0.67124192,0.26511370,0,0,0,0,0
59699,0.94000000,0.93708449,0.67392950,0.26315499,0,0,0,0,0
59799,0.92000000,0.93366759,0.67639020,0.25727739,0,0,0,0,0
59899,0.88000000,0.92293407,0.67842630,0.24450777,0,0,0,0,0
59999,0.88000000,0.91434726,0.68044204,0.23390522,0,0,0,0,0
60099,0.88000000,0.90747781,0.68243762,0.22504019,0,0,0,0,0
60199,0.55000000,0.83598225,0.68111324,0.15486901,0,0,0,0,0
60299,0.65000000,0.79878580,0.68080211,0.11798369,0,0,0,0,0
60399,0.68000000,0.77502864,0.68079409,0.09423455,0,0,0,0,0
60499,0.73000000,0.76602291,0.68128615,0.08473676,0,0,0,0,0
60599,0.78000000,0.76881833,0.68227328,0.08654504,0,0,0,0,0
60699,0.84000000,0.78305466,0.68385055,0.09920411,0,0,0,0,0
60799,0.86000000,0.79844373,0.68561205,0.11283168,0,0,0,0,0
60899,0.87000000,0.81275498,0.68745593,0.12529906,0,0,0,0,0
60999,0.77000000,0.80420399,0.68828137,0.11592262,0,0,0,0,0
61099,0.39000000,0.72136319,0.68529855,0.03606464,0,0,0,1,0
61199,0.39000000,0.65509055,0.68234557,-0.02725502,0,0,0,2,0
61299,0.61000000,0.64607244,0.68162211,-0.03554967,0,0,0,3,0
61399,0.74000000,0.66485795,0.68220589,-0.01734794,0,0,0,4,0
61499,0.74000000,0.67988636,0.68278383,-0.00289747,1,0,0,0,0
61599,0.66000000,0.67590909,0.68255599,-0.00664690,1,0,0,0,0
61699,0.79000000,0.69872727,0.68363043,0.01509684,1,0,0,0,0
61799,0.70000000,0.69898182,0.68379413,0.01518769,1,0,0,0,0
61899,0.67000000,0.69318545,0.68365619,0.00952927,1,0,0,0,0
61999,0.75000000,0.70454836,0.68431963,0.02022874,1,0,0,0,0
62099,0.69000000,0.70163869,0.68437643,0.01726226,1,0,0,0,0
62199,0.69000000,0.69931095,0.68443267,0.01487829,1,0,0,0,0
62299,0.67000000,0.69344876,0.68428834,0.00916042,1,0,0,0,0
62399,0.59000000,0.67275901,0.68334546,-0.01058645,1,0,0,0,0
62499,0.51000000,0.64020721,0.68161200,-0.04140479,1,0,0,0,0
62599,0.47000000,0.60616577,0.67949588,-0.07333011,1,0,0,0,0
62699,0.54000000,0.59293261,0.67810092,-0.08516831,1,0,0,0,0
62799,0.51000000,0.57634609,0.67641991,-0.10007382,1,0,0,0,0
62899,0.59000000,0.57907687,0.67555571,-0.09647884,1,0,0,0,0
62999,0.60000000,0.58326150,0.67480016,-0.09153866,1,0,0,0,0
63099,0.57000000,0.58060920,0.67375215,-0.09314296,1,0,0,0,0
63199,0.00000000,0.46448736,0.66701463,-0.20252727,1,0,0,0,0
63299,0.03000000,0.37758989,0.66064449,-0.28305460,1,0,0,0,0
63399,0.07000000,0.31607191,0.65473804,-0.33866613,1,0,0,0,0
63499,0.16000000,0.28485753,0.64979066,-0.36493313,1,0,0,0,0
63599,0.36000000,0.29988602,0.64689276,-0.34700673,1,0,0,0,0
63699,0.33000000,0.30590882,0.64372383,-0.33781501,1,0,0,0,0
63799,0.49000000,0.34272705,0.64218659,-0.29945954,1,0,0,0,0
63899,0.38000000,0.35018164,0.63956472,-0.28938308,1,0,0,0,0
63999,0.58000000,0.39614531,0.63896908,-0.24282376,1,0,0,0,0
64099,0.45000000,0.40691625,0.63707939,-0.23016313,1,0,0,0,0
64199,0.42000000,0.40953300,0.63490859,-0.22537559,1,0,0,0,0
64299,0.72000000,0.47162640,0.63575951,-0.16413310,1,0,0,0,0
64399,0.79000000,0.53530112,0.63730191,-0.10200079,1,0,0,0,0
64499,0.84000000,0.59624090,0.63932889,-0.04308799,1,0,0,0,0
64599,0.90000000,0.65699272,0.64193560,0.01505711,1,0,0,0,0
64699,0.85000000,0.69559417,0.64401625,0.05157793,1,0,0,0,0
64799,0.84000000,0.72447534,0.64597608,0.07849926,1,0,0,0,0
64899,0.79000000,0.73758027,0.64741632,0.09016395,1,0,0,0,0
64999,0.56000000,0.70206422,0.64654216,0.05552206,1,0,0,0,0
65099,0.20000000,0.60165137,0.64207674,-0.04042536,1,0,0,0,0
65199,0.21000000,0.52332110,0.63775597,-0.11443487,1,0,0,0,0
65299,0.31000000,0.48065688,0.63447841,-0.15382153,1,0,0,0,0
65399,0.36000000,0.45652550,0.63173363,-0.17520812,1,0,0,0,0
65499,0.43000000,0.45122040,0.62971629,-0.17849589,1,0,0,0,0
65599,0.69000000,0.49897632,0.63031913,-0.13134281,1,0,0,0,0
65699,0.61000000,0.52118106,0.63011594,-0.10893488,1,0,0,0,0
65799,0.77000000,0.57094485,0.63151478,-0.06056993,1,0,0,0,0
65899,0.60000000,0.57675588,0.63119963,-0.05444375,1,0,0,0,0
65999,0.65000000,0.59140470,0.63138763,-0.03998293,1,0,0,0,0
66099,0.40000000,0.55312376,0.62907376,-0.07595000,1,0,0,0,0
66199,0.10000000,0.46249901,0.62378302,-0.16128401,1,0,0,0,0
66299,0.18000000,0.40599921,0.61934519,-0.21334598,1,0,0,0,0
66399,0.45000000,0.41479937,0.61765174,-0.20285237,1,0,0,0,0
66499,0.45000000,0.42183949,0.61597522,-0.19413573,1,0,0,0,0
66599,0.83000000,0.50347159,0.61811547,-0.11464387,1,0,0,0,0
66699,0.58000000,0.51877728,0.61773431,-0.09895704,1,0,0,0,0
66799,0.62000000,0.53902182,0.61775697,-0.07873515,1,0,0,0,0
66899,0.70000000,0.57121746,0.61857940,-0.04736194,1,0,0,0,0
66999,0.66000000,0.58897396,0.61899361,-0.03001964,1,0,0,0,0
67099,0.85000000,0.64117917,0.62130367,0.01987550,1,0,0,0,0
67199,0.34000000,0.58094334,0.61849063,-0.03754730,1,0,0,0,0
67299,0.06000000,0.47675467,0.61290573,-0.13615106,1,0,0,0,0
67399,0.14000000,0.40940374,0.60817667,-0.19877293,1,0,0,0,0
67499,0.42000000,0.41152299,0.60629490,-0.19477191,1,0,0,0,0
67599,0.69000000,0.46721839,0.60713195,-0.13991356,1,0,0,0,0
67699,0.69000000,0.51177471,0.60796063,-0.09618592,1,0,0,0,0
67799,0.72000000,0.55341977,0.60908103,-0.05566126,1,0,0,0,0
67899,0.90000000,0.62273582,0.61199022,0.01074560,1,0,0,0,0
67999,0.88000000,0.67418865,0.61467032,0.05951834,1,0,0,0,0
68099,0.12000000,0.56335092,0.60972361,-0.04637269,1,0,0,0,0
68199,0.63000000,0.57668074,0.60992638,-0.03324564,1,0,0,0,0
68299,0.73000000,0.60734459,0.61112711,-0.00378252,1,0,0,0,0
68399,0.91000000,0.66787567,0.61411584,0.05375983,1,0,0,0,0
68499,0.71000000,0.67630054,0.61507468,0.06122585,1,0,0,0,0
68599,0.72000000,0.68504043,0.61612394,0.06891649,1,0,0,0,0
68699,0.68000000,0.68403234,0.61676270,0.06726965,1,0,0,0,0
68799,0.58000000,0.66322588,0.61639507,0.04683081,1,0,0,0,0
68899,0.68000000,0.66658070,0.61703112,0.04954958,1,0,0,0,0
68999,0.73000000,0.67926456,0.61816081,0.06110375,1,0,0,0,0
69099,0.90000000,0.72341165,0.62097920,0.10243245,1,0,0,0,0
69199,0.44000000,0.66672932,0.61916941,0.04755991,1,0,0,0,0
69299,0.49000000,0.63138345,0.61787771,0.01350574,1,0,0,0,0
69399,0.73000000,0.65110676,0.61899894,0.03210783,1,0,0,0,0
69499,0.67000000,0.65488541,0.61950895,0.03537646,1,0,0,0,0
69599,0.77000000,0.67790833,0.62101386,0.05689447,1,0,0,0,0
69699,0.60000000,0.66232666,0.62080372,0.04152294,1,0,0,0,0
69799,0.83000000,0.69586133,0.62289568,0.07296565,1,0,0,0,0
69899,0.80000000,0.71668906,0.62466673,0.09202234,1,0,0,0,0
69999,0.75000000,0.72335125,0.62592006,0.09743119,1,0,0,0,0
70099,0.58000000,0.69468100,0.62546086,0.06922014,1,0,0,0,0
70199,0.47000000,0.64974480,0.62390625,0.02583855,1,0,0,0,0
70299,0.69000000,0.65779584,0.62456719,0.03322865,1,0,0,0,0
70399,0.70000000,0.66623667,0.62532151,0.04091516,1,0,0,0,0
70499,0.77000000,0.68698934,0.62676830,0.06022104,1,0,0,0,0
70599,0.69000000,0.68759147,0.62740062,0.06019085,1,0,0,0,0
70699,0.49000000,0.64807318,0.62602661,0.02204657,1,0,0,0,0
70799,0.58000000,0.63445854,0.62556634,0.00889220,1,0,0,0,0
70899,0.64000000,0.63556683,0.62571068,0.00985615,1,0,0,0,0
70999,0.46000000,0.60045347,0.62405357,-0.02360011,1,0,0,0,0
71099,0.85000000,0.65036277,0.62631304,0.02404973,1,0,0,0,0
71199,0.31000000,0.58229022,0.62314991,-0.04085969,1,0,0,0,0
71299,0.19000000,0.50383217,0.61881841,-0.11498623,1,0,0,0,0
71399,0.46000000,0.49506574,0.61723022,-0.12216448,1,0,0,0,0
71499,0.53000000,0.50205259,0.61635792,-0.11430533,1,0,0,0,0
71599,0.42000000,0.48564207,0.61439434,-0.12875227,1,0,0,0,0
71699,0.32000000,0.45251366,0.61145040,-0.15893674,1,0,0,0,0
71799,0.28000000,0.41801093,0.60813590,-0.19012497,1,0,0,0,0
71899,0.28000000,0.39040874,0.60485454,-0.21444580,1,0,0,0,0
71999,0.32000000,0.37632699,0.60200599,-0.22567900,1,0,0,0,0
72099,0.85000000,0.47106159,0.60448593,-0.13342434,1,0,0,0,0
72199,0.12000000,0.40084928,0.59964107,-0.19879180,1,0,0,0,0
72299,0.10000000,0.34067942,0.59464466,-0.25396524,1,0,0,0,0
72399,0.16000000,0.30454354,0.59029821,-0.28575468,1,0,0,0,0
72499,0.16000000,0.27563483,0.58599523,-0.31036040,1,0,0,0,0
72599,0.16000000,0.25250786,0.58173528,-0.32922742,1,0,0,0,0
72699,0.17000000,0.23600629,0.57761793,-0.34161164,1,0,0,0,0
72799,0.17000000,0.22280503,0.57354175,-0.35073672,1,0,0,0,0
72899,0.35000000,0.24824403,0.57130633,-0.32306230,1,0,0,0,0
72999,0.35000000,0.26859522,0.56909327,-0.30049805,1,0,0,0,0
73099,0.92000000,0.39887618,0.57260233,-0.17372616,1,0,0,0,0
73199,0.98000000,0.51510094,0.57667631,-0.06157537,1,0,0,0,0
73299,0.96000000,0.60408075,0.58050955,0.02357120,1,0,0,0,0
73399,0.84000000,0.65126460,0.58310445,0.06816015,1,0,0,0,0
73499,0.08000000,0.53701168,0.57807341,-0.04106173,1,0,0,0,0
73599,0.13000000,0.45560935,0.57359267,-0.11798333,1,0,0,0,0
73699,0.24000000,0.41248748,0.57025675,-0.15776927,1,0,0,0,0
73799,0.30000000,0.38998998,0.56755418,-0.17756420,1,0,0,0,0
73899,0.39000000,0.38999198,0.56577864,-0.17578665,1,0,0,0,0
73999,0.39000000,0.38999359,0.56402085,-0.17402726,1,0,0,0,0
74099,0.60000000,0.43199487,0.56438064,-0.13238577,1,0,0,0,0
74199,0.23000000,0.39159590,0.56103684,-0.16944094,1,0,0,0,0
74299,0.27000000,0.36727672,0.55812647,-0.19084975,1,0,0,0,0
74399,0.19000000,0.33182137,0.55444520,-0.22262383,1,0,0,0,0
74499,0.33000000,0.33145710,0.55220075,-0.22074365,1,0,0,0,0
74599,0.35000000,0.33516568,0.55017874,-0.21501307,1,0,0,0,0
74699,0.25000000,0.31813254,0.54717696,-0.22904441,1,0,0,0,0
74799,0.28000000,0.31050603,0.54450519,-0.23399915,1,0,0,0,0
74899,0.38000000,0.32440483,0.54286014,-0.21845531,1,0,0,0,0
74999,0.24000000,0.30752386,0.53983153,-0.23230767,1,0,0,0,0
75099,0.29000000,0.30401909,0.53733322,-0.23331413,1,0,0,0,0
75199,0.16000000,0.27521527,0.53355989,-0.25834461,1,0,0,0,0
75299,0.15000000,0.25017222,0.52972429,-0.27955207,1,0,0,0,0
75399,0.16000000,0.23213777,0.52602704,-0.29388927,1,0,0,0,0
75499,0.37000000,0.25971022,0.52446677,-0.26475656,1,0,0,0,0
75599,0.57000000,0.32176818,0.52492211,-0.20315393,1,0,0,0,0
75699,0.56000000,0.36941454,0.52527289,-0.15585835,1,0,0,0,0
75799,0.37000000,0.36953163,0.52372016,-0.15418852,1,0,0,0,0
75899,0.36000000,0.36762531,0.52208296,-0.15445765,1,0,0,0,0
75999,0.49000000,0.39210024,0.52176213,-0.12966188,1,0,0,0,0
76099,0.71000000,0.45568020,0.52364450,-0.06796431,1,0,0,0,0
76199,0.22000000,0.40854416,0.52060806,-0.11206390,1,0,0,0,0
76299,0.29000000,0.38483533,0.51830198,-0.13346665,1,0,0,0,0
76399,0.36000000,0.37986826,0.51671896,-0.13685070,1,0,0,0,0
76499,0.37000000,0.37789461,0.51525177,-0.13735716,1,0,0,0,0
76599,0.33000000,0.36831569,0.51339925,-0.14508357,1,0,0,0,0
76699,0.41000000,0.37665255,0.51236526,-0.13571271,1,0,0,0,0
76799,0.11000000,0.32332204,0.50834161,-0.18501957,1,0,0,0,0
76899,0.45000000,0.34865763,0.50775819,-0.15910056,1,0,0,0,0
76999,0.41000000,0.36092611,0.50678061,-0.14585450,1,0,0,0,0
77099,0.53000000,0.39474088,0.50701280,-0.11227192,1,0,0,0,0
77199,0.26000000,0.36779271,0.50454267,-0.13674997,1,0,0,0,0
77299,0.54000000,0.40223417,0.50489725,-0.10266308,1,0,0,0,0
77399,0.70000000,0.46178733,0.50684828,-0.04506094,1,0,0,0,0
77499,0.56000000,0.48142987,0.50737979,-0.02594993,1,0,0,0,0
77599,0.48000000,0.48114389,0.50710599,-0.02596210,1,0,0,0,0
77699,0.32000000,0.44891511,0.50523493,-0.05631982,1,0,0,0,0
77799,0.41000000,0.44113209,0.50428259,-0.06315049,1,0,0,0,0
77899,0.41000000,0.43490567,0.50333976,-0.06843409,1,0,0,0,0
77999,0.22000000,0.39192454,0.50050636,-0.10858182,1,0,0,0,0
78099,0.43000000,0.39953963,0.49980130,-0.10026167,1,0,0,0,0
78199,0.27000000,0.37363170,0.49750329,-0.12387158,1,0,0,0,0
78299,0.40000000,0.37890536,0.49652825,-0.11762289,1,0,0,0,0
78399,0.17000000,0.33712429,0.49326297,-0.15613868,1,0,0,0,0
78499,0.19000000,0.30769943,0.49023034,-0.18253091,1,0,0,0,0
78599,0.19000000,0.28415955,0.48722804,-0.20306849,1,0,0,0,0
78699,0.16000000,0.25932764,0.48395576,-0.22462812,1,0,0,0,0
78799,0.21000000,0.24946211,0.48121620,-0.23175409,1,0,0,0,0
78899,0.10000000,0.21956969,0.47740404,-0.25783435,1,0,0,0,0
78999,0.06000000,0.18765575,0.47323000,-0.28557425,1,0,0,0,0
79099,0.25000000,0.20012460,0.47099770,-0.27087310,1,0,0,0,0
79199,0.19000000,0.19809968,0.46818772,-0.27008804,1,0,0,0,0
79299,0.17000000,0.19247974,0.46520584,-0.27272610,1,0,0,0,0
79399,0.15000000,0.18398380,0.46205378,-0.27806999,1,0,0,0,0
79499,0.28000000,0.20318704,0.46023325,-0.25704621,1,0,0,0,0
79599,0.16000000,0.19454963,0.45723091,-0.26268128,1,0,0,0,0
79699,0.16000000,0.18763970,0.45425860,-0.26661890,1,0,0,0,0
79799,0.16000000,0.18211176,0.45131602,-0.26920426,1,0,0,0,0
79899,0.20000000,0.18568941,0.44880286,-0.26311345,1,0,0,0,0
79999,0.34000000,0.21655153,0.44771483,-0.23116330,1,0,0,0,0
80099,0.44000000,0.26124122,0.44763768,-0.18639646,1,0,0,0,0
80199,0.15000000,0.23899298,0.44466130,-0.20566833,1,0,0,0,0
80299,0.20000000,0.23119438,0.44221469,-0.21102031,1,0,0,0,0
80399,0.18000000,0.22095551,0.43959254,-0.21863704,1,0,0,0,0
80499,0.23000000,0.22276440,0.43749662,-0.21473221,1,0,0,0,0
80599,0.39000000,0.25621152,0.43702165,-0.18081013,1,0,0,0,0
80699,0.41000000,0.28696922,0.43675144,-0.14978222,1,0,0,0,0
80799,0.35000000,0.29957538,0.43588392,-0.13630855,1,0,0,0,0
80899,0.47000000,0.33366030,0.43622508,-0.10256478,1,0,0,0,0
80999,0.42000000,0.35092824,0.43606283,-0.08513459,1,0,0,0,0
81099,0.41000000,0.36274259,0.43580220,-0.07305961,1,0,0,0,0
81199,0.13000000,0.31619407,0.43274418,-0.11655011,1,0,0,0,0
81299,0.32000000,0.31695526,0.43161674,-0.11466148,1,0,0,0,0
81399,0.23000000,0.29956421,0.42960057,-0.13003637,1,0,0,0,0
81499,0.45000000,0.32965137,0.42980457,-0.10015320,1,0,0,0,0
81599,0.45000000,0.35372109,0.43000652,-0.07628543,1,0,0,0,0
81699,0.40000000,0.36297687,0.42970646,-0.06672958,1,0,0,0,0
81799,0.23000000,0.33638150,0.42770939,-0.09132789,1,0,0,0,0
81899,0.16000000,0.30110520,0.42503230,-0.12392710,1,0,0,0,0
81999,0.29000000,0.29888416,0.42368197,-0.12479781,1,0,0,0,0
82099,0.43000000,0.32510733,0.42374515,-0.09863783,1,0,0,0,0
82199,0.23000000,0.30608586,0.42180770,-0.11572184,1,0,0,0,0
82299,0.29000000,0.30286869,0.42048963,-0.11762094,1,0,0,0,0
82399,0.42000000,0.32629495,0.42048473,-0.09418978,1,0,0,0,0
82499,0.20000000,0.30103596,0.41827988,-0.11724392,1,0,0,0,0
82599,0.44000000,0.32882877,0.41849708,-0.08966831,1,0,0,0,0
82699,0.36000000,0.33506302,0.41791211,-0.08284910,1,0,0,0,0
82799,0.46000000,0.36005041,0.41833299,-0.05828258,1,0,0,0,0
82899,0.27000000,0.34204033,0.41684966,-0.07480933,1,0,0,0,0
82999,0.32000000,0.33763226,0.41588117,-0.07824890,1,0,0,0,0
83099,0.19000000,0.30810581,0.41362235,-0.10551654,1,0,0,0,0
83199,0.12000000,0.27048465,0.41068613,-0.14020148,1,0,0,0,0
83299,0.09000000,0.23438772,0.40747927,-0.17309155,1,0,0,0,0
83399,0.08000000,0.20351018,0.40420448,-0.20069430,1,0,0,0,0
83499,0.12000000,0.18680814,0.40136243,-0.21455429,1,0,0,0,0
83599,0.29000000,0.20744651,0.40024881,-0.19280229,1,0,0,0,0
83699,0.32000000,0.22995721,0.39944632,-0.16948911,1,0,0,0,0
83799,0.18000000,0.21996577,0.39725186,-0.17728609,1,0,0,0,0
83899,0.19000000,0.21397261,0.39517934,-0.18120672,1,0,0,0,0
83999,0.44000000,0.25917809,0.39562754,-0.13644945,1,0,0,0,0
84099,0.42000000,0.29134247,0.39587127,-0.10452880,1,0,0,0,0
84199,0.44000000,0.32107398,0.39631256,-0.07523858,1,0,0,0,0
84299,0.15000000,0.28685918,0.39384943,-0.10699025,1,0,0,0,0
84399,0.19000000,0.26748735,0.39181094,-0.12432359,1,0,0,0,0
84499,0.17000000,0.24798988,0.38959283,-0.14160295,1,0,0,0,0
84599,0.27000000,0.25239190,0.38839690,-0.13600500,1,0,0,0,0
84699,0.28000000,0.25791352,0.38731293,-0.12939941,1,0,0,0,0
84799,0.18000000,0.24233082,0.38523980,-0.14290898,1,0,0,0,0
84899,0.23000000,0.23986465,0.38368740,-0.14382275,1,0,0,0,0
84999,0.10000000,0.21189172,0.38085053,-0.16895880,1,0,0,0,0
85099,0.42000000,0.25351338,0.38124202,-0.12772864,1,0,0,0,0
85199,0.13000000,0.22881070,0.37872960,-0.14991890,1,0,0,0,0
85299,0.18000000,0.21904856,0.37674231,-0.15769374,1,0,0,0,0
85399,0.28000000,0.23123885,0.37577488,-0.14453603,1,0,0,0,0
85499,0.33000000,0.25099108,0.37531713,-0.12432605,1,0,0,0,0
85599,0.10000000,0.22079286,0.37256396,-0.15177110,1,0,0,0,0
85699,0.23000000,0.22263429,0.37113832,-0.14850403,1,0,0,0,0
85799,0.07000000,0.19210743,0.36812694,-0.17601951,1,0,0,0,0
85899,0.14000000,0.18168595,0.36584567,-0.18415972,1,0,0,0,0
85999,0.17000000,0.17934876,0.36388721,-0.18453846,1,0,0,0,0
86099,0.25000000,0.19347901,0.36274834,-0.16926934,1,0,0,0,0
86199,0.24000000,0.20278320,0.36152086,-0.15873765,1,0,0,0,0
86299,0.20000000,0.20222656,0.35990565,-0.15767909,1,0,0,0,0
86399,0.15000000,0.19178125,0.35780659,-0.16602534,1,0,0,0,0
86499,0.35000000,0.22342500,0.35772853,-0.13430353,1,0,0,0,0
86599,0.21000000,0.22074000,0.35625124,-0.13551124,1,0,0,0,0
86699,0.31000000,0.23859200,0.35578873,-0.11719673,1,0,0,0,0
86799,0.34000000,0.25887360,0.35563084,-0.09675724,1,0,0,0,0
86899,0.25000000,0.25709888,0.35457453,-0.09747565,1,0,0,0,0
86999,0.24000000,0.25367910,0.35342879,-0.09974968,1,0,0,0,0
87099,0.33000000,0.26894328,0.35319450,-0.08425122,1,0,0,0,0
87199,0.06000000,0.22715463,0.35026256,-0.12310793,1,0,0,0,0
87299,0.11000000,0.20372370,0.34785993,-0.14413623,1,0,0,0,0
87399,0.06000000,0.17497896,0.34498133,-0.17000237,1,0,0,0,0
87499,0.19000000,0.17798317,0.34343152,-0.16544835,1,0,0,0,0
87599,0.27000000,0.19638654,0.34269720,-0.14631067,1,0,0,0,0
87699,0.17000000,0.19110923,0.34097023,-0.14986100,1,0,0,0,0
87799,0.19000000,0.19088738,0.33946053,-0.14857315,1,0,0,0,0
87899,0.23000000,0.19870991,0.33836592,-0.13965602,1,0,0,0,0
87999,0.15000000,0.18896792,0.33648226,-0.14751434,1,0,0,0,0
88099,0.24000000,0.19917434,0.33551744,-0.13634310,1,0,0,0,0
88199,0.22000000,0.20333947,0.33436227,-0.13102279,1,0,0,0,0
88299,0.10000000,0.18267158,0.33201864,-0.14934707,1,0,0,0,0
88399,0.15000000,0.17613726,0.33019846,-0.15406120,1,0,0,0,0
88499,0.10000000,0.16090981,0.32789647,-0.16698666,1,0,0,0,0
88599,0.23000000,0.17472785,0.32691751,-0.15218966,1,0,0,0,0
88699,0.19000000,0.17778228,0.32554833,-0.14776605,1,0,0,0,0
88799,0.15000000,0.17222582,0.32379285,-0.15156703,1,0,0,0,0
88899,0.15000000,0.16778066,0.32205492,-0.15427426,1,0,0,0,0
88999,0.17000000,0.16822453,0.32053437,-0.15230985,1,0,0,0,0
89099,0.37000000,0.20857962,0.32102903,-0.11244941,1,0,0,0,0
89199,0.13000000,0.19286370,0.31911874,-0.12625504,1,0,0,0,0
89299,0.47000000,0.24829096,0.32062755,-0.07233659,1,0,0,0,0
89399,0.57000000,0.31263277,0.32312128,-0.01048851,1,0,0,0,0
89499,0.47000000,0.34410621,0.32459006,0.01951615,1,0,0,0,0
89599,0.45000000,0.36528497,0.32584416,0.03944081,1,0,0,0,0
89699,0.44000000,0.38022798,0.32698572,0.05324226,1,0,0,0,0
89799,0.40000000,0.38418238,0.32771586,0.05646652,1,0,0,0,0
89899,0.40000000,0.38734590,0.32843870,0.05890720,1,0,0,0,0
89999,0.38000000,0.38587672,0.32895432,0.05692241,1,0,0,0,0
90099,0.75000000,0.45870138,0.33316477,0.12553660,1,0,0,0,0
90199,0.04000000,0.37496110,0.33023313,0.04472798,1,0,0,0,0
90299,0.00000000,0.29996888,0.32693080,-0.02696191,1,0,0,0,0
90399,0.02000000,0.24397511,0.32386149,-0.07988638,1,0,0,0,0
90499,0.11000000,0.21718008,0.32172287,-0.10454279,1,0,0,0,0
90599,0.18000000,0.20974407,0.32030564,-0.11056158,1,0,0,0,0
90699,0.46000000,0.25979525,0.32170259,-0.06190733,1,0,0,0,0
90799,0.55000000,0.31783620,0.32398556,-0.00614936,1,0,0,0,0
90899,0.68000000,0.39026896,0.32754571,0.06272326,1,0,0,0,0
90999,0.83000000,0.47821517,0.33257025,0.14564492,1,0,0,0,0
91099,0.75000000,0.53257214,0.33674455,0.19582759,1,0,1,0,0
91199,0.57000000,0.54005771,0.33907710,0.20098061,1,0,2,0,0
91299,0.74000000,0.58004617,0.34308633,0.23695984,0,1,0,0,0
91399,0.80000000,0.62403693,0.34765547,0.27638147,0,0,0,0,0
91499,0.88000000,0.67522955,0.35297891,0.32225064,0,0,0,0,0
91599,0.83000000,0.70618364,0.35774912,0.34843451,0,0,0,0,0
91699,0.83000000,0.73094691,0.36247163,0.36847528,0,0,0,0,0
91799,0.68000000,0.72075753,0.36564692,0.35511061,0,0,0,0,0
91899,0.66000000,0.70860602,0.36859045,0.34001558,0,0,0,0,0
91999,0.67000000,0.70088482,0.37160454,0.32928028,0,0,0,0,0
92099,0.64000000,0.68870785,0.37428850,0.31441936,0,0,0,0,0
92199,0.51000000,0.65296628,0.37564561,0.27732067,0,0,0,0,0
92299,0.63000000,0.64837303,0.37818915,0.27018387,0,0,0,0,0
92399,0.28000000,0.57469842,0.37720726,0.19749116,0,0,0,0,0
92499,0.24000000,0.50775874,0.37583519,0.13192355,0,0,0,0,0
92599,0.24000000,0.45420699,0.37447684,0.07973015,0,0,0,0,0
92699,0.32000000,0.42736559,0.37393207,0.05343352,0,0,0,0,0
92799,0.38000000,0.41789247,0.37399275,0.04389972,0,0,0,1,0
92899,0.34000000,0.40231398,0.37365282,0.02866116,0,0,0,2,0
92999,0.19000000,0.35985118,0.37181629,-0.01196511,0,0,0,3,0
93099,0.71000000,0.42988095,0.37519813,0.05468282,0,0,0,0,0
93199,0.33000000,0.40990476,0.37474615,0.03515861,0,0,0,1,0
93299,0.15000000,0.35792381,0.37249869,-0.01457488,0,0,0,2,0
93399,0.23000000,0.33233904,0.37107370,-0.03873466,0,0,0,3,0
93499,0.31000000,0.32787124,0.37046296,-0.04259173,0,0,0,4,0
93599,0.41000000,0.34429699,0.37085833,-0.02656135,1,0,0,0,0
93699,0.50000000,0.37543759,0.37214975,0.00328784,1,0,0,0,0
93799,0.45000000,0.39035007,0.37292825,0.01742182,1,0,0,0,0
93899,0.39000000,0.39028006,0.37309897,0.01718109,1,0,0,0,0
93999,0.37000000,0.38622405,0.37306798,0.01315606,1,0,0,0,0
94099,0.34000000,0.37697924,0.37273730,0.00424194,1,0,0,0,0
94199,0.18000000,0.33758339,0.37080993,-0.03322654,1,0,0,0,0
94299,0.16000000,0.30206671,0.36870183,-0.06663512,1,0,0,0,0
94399,0.28000000,0.29765337,0.36781481,-0.07016144,1,0,0,0,0
94499,0.34000000,0.30612270,0.36753666,-0.06141397,1,0,0,0,0
94599,0.11000000,0.26689816,0.36496130,-0.09806314,1,0,0,0,0
94699,0.22000000,0.25751853,0.36351168,-0.10599316,1,0,0,0,0
94799,0.33000000,0.27201482,0.36317657,-0.09116175,1,0,0,0,0
94899,0.14000000,0.24561186,0.36094480,-0.11533294,1,0,0,0,0
94999,0.13000000,0.22248948,0.35863535,-0.13614587,1,0,0,0,0
95099,0.19000000,0.21599159,0.35694900,-0.14095741,1,0,0,0,0
95199,0.16000000,0.20479327,0.35497951,-0.15018624,1,0,0,0,0
95299,0.18000000,0.19983462,0.35322971,-0.15339510,1,0,0,0,0
95399,0.20000000,0.19986769,0.35169742,-0.15182972,1,0,0,0,0
95499,0.23000000,0.20589415,0.35048044,-0.14458629,1,0,0,0,0
95599,0.21000000,0.20671532,0.34907564,-0.14236032,1,0,0,0,0
95699,0.29000000,0.22337226,0.34848488,-0.12511262,1,0,0,0,0
95799,0.32000000,0.24269781,0.34820003,-0.10550223,1,0,0,0,0
95899,0.30000000,0.25415825,0.34771803,-0.09355979,1,0,0,0,0
95999,0.20000000,0.24332660,0.34624085,-0.10291426,1,0,0,0,0
96099,0.27000000,0.24866128,0.34547844,-0.09681717,1,0,0,0,0
96199,0.19000000,0.23692902,0.34392366,-0.10699464,1,0,0,0,0
96299,0.14000000,0.21754322,0.34188442,-0.12434121,1,0,0,0,0
96399,0.09000000,0.19203457,0.33936558,-0.14733101,1,0,0,0,0
96499,0.12000000,0.17762766,0.33717192,-0.15954426,1,0,0,0,0
96599,0.14000000,0.17010213,0.33520020,-0.16509808,1,0,0,0,0
96699,0.11000000,0.15808170,0.33294820,-0.17486650,1,0,0,0,0
96799,0.24000000,0.17446536,0.33201872,-0.15755336,1,0,0,0,0
96899,0.15000000,0.16957229,0.33019853,-0.16062624,1,0,0,0,0
96999,0.17000000,0.16965783,0.32859655,-0.15893872,1,0,0,0,0
97099,0.39000000,0.21372627,0.32921058,-0.11548432,1,0,0,0,0
97199,0.19000000,0.20898101,0.32781848,-0.11883746,1,0,0,0,0
97299,0.33000000,0.23318481,0.32784029,-0.09465548,1,0,0,0,0
97399,0.34000000,0.25454785,0.32796189,-0.07341404,1,0,0,0,0
97499,0.26000000,0.25563828,0.32728227,-0.07164399,1,0,0,0,0
97599,0.19000000,0.24251062,0.32590945,-0.08339882,1,0,0,0,0
97699,0.24000000,0.24200850,0.32505035,-0.08304185,1,0,0,0,0
97799,0.25000000,0.24360680,0.32429985,-0.08069305,1,0,0,0,0
97899,0.33000000,0.26088544,0.32435685,-0.06347141,1,0,0,0,0
97999,0.25000000,0.25870835,0.32361328,-0.06490493,1,0,0,0,0
98099,0.77000000,0.36096668,0.32807715,0.03288953,1,0,0,0,0
98199,0.34000000,0.35677334,0.32819638,0.02857697,1,0,0,0,0
98299,0.16000000,0.31741868,0.32651441,-0.00909574,1,0,0,0,0
98399,0.13000000,0.27993494,0.32454927,-0.04461433,1,0,0,0,0
98499,0.07000000,0.23794795,0.32200378,-0.08405582,1,0,0,0,0
98599,0.09000000,0.20835836,0.31968374,-0.11132538,1,0,0,0,0
98699,0.17000000,0.20068669,0.31818690,-0.11750021,1,0,0,0,0
98799,0.13000000,0.18654935,0.31630503,-0.12975568,1,0,0,0,0
98899,0.17000000,0.18323948,0.31484198,-0.13160250,1,0,0,0,0
98999,0.23000000,0.19259159,0.31399356,-0.12140198,1,0,0,0,0
99099,0.47000000,0.24807327,0.31555363,-0.06748036,1,0,0,0,0
99199,0.00000000,0.19845861,0.31239809,-0.11393948,1,0,0,0,0
99299,0.00000000,0.15876689,0.30927411,-0.15050722,1,0,0,0,0
99399,0.00000000,0.12701351,0.30618137,-0.17916786,1,0,0,0,0
99499,0.03000000,0.10761081,0.30341955,-0.19580874,1,0,0,0,0
99599,0.25000000,0.13608865,0.30288536,-0.16679671,1,0,0,0,0
99699,0.66000000,0.24087092,0.30645651,-0.06558559,1,0,0,0,0
99799,0.81000000,0.35469674,0.31149194,0.04320479,1,0,0,0,0
99899,0.74000000,0.43175739,0.31577702,0.11598037,1,0,0,0,0
99999,0.86000000,0.51740591,0.32121925,0.19618666,1,0,1,0,0
100099,0.61000000,0.53592473,0.32410706,0.21181767,1,0,2,0,0
100199,0.83000000,0.59473978,0.32916599,0.26557379,0,1,0,0,0
100299,0.92000000,0.65979183,0.33507433,0.32471750,0,0,0,0,0
100399,0.95000000,0.71783346,0.34122358,0.37660988,0,0,0,0,0
100499,0.97000000,0.76826677,0.34751135,0.42075542,0,0,0,0,0
100599,0.87000000,0.78861341,0.35273624,0.43587718,0,0,0,0,0
100699,0.89000000,0.80889073,0.35810887,0.45078186,0,0,0,0,0
100799,0.90000000,0.82711259,0.36352778,0.46358480,0,0,0,0,0
100899,0.91000000,0.84369007,0.36899251,0.47469756,0,0,0,0,0
100999,0.86000000,0.84695205,0.37390258,0.47304947,0,0,0,0,0
101099,0.68000000,0.81356164,0.37696356,0.43659809,0,0,0,0,0
101199,0.79000000,0.80884932,0.38109392,0.42775539,0,0,0,0,0
101299,0.72000000,0.79107945,0.38448298,0.40659647,0,0,0,0,0
101399,0.78000000,0.78886356,0.38843815,0.40042541,0,0,0,0,0
101499,0.65000000,0.76109085,0.39105377,0.37003708,0,0,0,0,0
101599,0.69000000,0.74687268,0.39404323,0.35282945,0,0,0,0,0
101699,0.68000000,0.73349814,0.39690280,0.33659534,0,0,0,0,0
101799,0.69000000,0.72479851,0.39983377,0.32496474,0,0,0,0,0
101899,0.65000000,0.70983881,0.40233543,0.30750338,0,0,0,0,0
101999,0.57000000,0.68187105,0.40401208,0.27785897,0,0,0,0,0
102099,0.59000000,0.66349684,0.40587196,0.25762488,0,0,0,0,0
102199,0.58000000,0.64679747,0.40761324,0.23918423,0,0,0,0,0
102299,0.69000000,0.65543798,0.41043711,0.24500087,0,0,0,0,0
102399,0.82000000,0.68835038,0.41453274,0.27381765,0,0,0,0,0
102499,1.00000000,0.75068031,0.42038741,0.33029290,0,0,0,0,0
102599,0.77000000,0.75454424,0.42388353,0.33066071,0,0,0,0,0
102699,0.57000000,0.71763540,0.42534470,0.29229070,0,0,0,0,0
102799,0.74000000,0.72210832,0.42849125,0.29361706,0,0,0,0,0
102899,0.85000000,0.74768665,0.43270634,0.31498031,0,0,0,0,0
102999,0.85000000,0.76814932,0.43687928,0.33127005,0,0,0,0,0
103099,0.72000000,0.75851946,0.43971048,0.31880897,0,0,0,0,0
103199,0.89000000,0.78481557,0.44421338,0.34060219,0,0,0,0,0
103299,0.91000000,0.80985245,0.44887124,0.36098121,0,0,0,0,0
103399,0.94000000,0.83588196,0.45378253,0.38209943,0,0,0,0,0
103499,0.98000000,0.86470557,0.45904471,0.40566086,0,0,0,0,0
103599,0.99000000,0.88976446,0.46435426,0.42541020,0,0,0,0,0
103699,0.97000000,0.90581156,0.46941072,0.43640085,0,0,0,0,0
103799,0.92000000,0.90864925,0.47391661,0.43473264,0,0,0,0,0
103899,0.97000000,0.92091940,0.47887744,0.44204196,0,0,0,0,0
103999,0.97000000,0.93073552,0.48378867,0.44694685,0,0,0,0,0
104099,0.40000000,0.82458842,0.48295078,0.34163763,0,0,0,0,0
104199,0.83000000,0.82567073,0.48642128,0.33924946,0,0,0,0,0
104299,0.88000000,0.83653659,0.49035706,0.34617952,0,0,0,0,0
104399,0.89000000,0.84722927,0.49435349,0.35287578,0,0,0,0,0
104499,0.93000000,0.86378342,0.49870996,0.36507346,0,0,0,0,0
104599,0.92000000,0.87502673,0.50292286,0.37210388,0,0,0,0,0
104699,0.82000000,0.86402139,0.50609363,0.35792776,0,0,0,0,0
104799,0.88000000,0.86721711,0.50983269,0.35738442,0,0,0,0,0
104899,0.80000000,0.85377369,0.51273437,0.34103932,0,0,0,0,0
104999,0.81000000,0.84501895,0.51570702,0.32931193,0,0,0,0,0
105099,0.39000000,0.75401516,0.51444995,0.23956521,0,0,0,0,0
105199,0.62000000,0.72721213,0.51550545,0.21170668,0,0,0,0,0
105299,0.73000000,0.72776970,0.51765040,0.21011930,0,0,0,0,0
105399,0.74000000,0.73021576,0.51987389,0.21034187,0,0,0,0,0
105499,0.81000000,0.74617261,0.52277515,0.22339745,0,0,0,0,0
105599,0.84000000,0.76493809,0.52594740,0.23899068,0,0,0,0,0
105699,0.75000000,0.76195047,0.52818793,0.23376254,0,0,0,0,0
105799,0.77000000,0.76356038,0.53060605,0.23295433,0,0,0,0,0
105899,0.71000000,0.75284830,0.53239999,0.22044831,0,0,0,0,0
105999,0.85000000,0.77227864,0.53557599,0.23670265,0,0,0,0,0
106099,0.41000000,0.69982291,0.53432023,0.16550268,0,0,0,0,0
106199,0.11000000,0.58185833,0.53007703,0.05178130,0,0,0,0,0
106299,0.15000000,0.49548666,0.52627626,-0.03078959,0,0,0,1,0
106399,0.34000000,0.46438933,0.52441349,-0.06002416,0,0,0,0,0
106499,0.49000000,0.46951146,0.52406936,-0.05455789,0,0,0,0,0
106599,0.58000000,0.49160917,0.52462867,-0.03301949,0,0,0,1,0
106699,0.67000000,0.52728734,0.52608238,0.00120496,0,0,0,2,0
106799,0.70000000,0.56182987,0.52782156,0.03400831,0,0,0,3,0
106899,0.84000000,0.61746390,0.53094334,0.08652056,0,0,0,0,0
106999,0.64000000,0.62197112,0.53203391,0.08993721,0,0,0,0,0
107099,0.60000000,0.61757689,0.53271357,0.08486333,0,0,0,0,0
107199,0.62000000,0.61806151,0.53358643,0.08447508,0,0,0,0,0
107299,0.65000000,0.62444921,0.53475057,0.08969864,0,0,0,0,0
107399,0.56000000,0.61155937,0.53500306,0.07655631,0,0,0,0,0
107499,0.49000000,0.58724750,0.53455303,0.05269446,0,0,0,0,0
107599,0.49000000,0.56779800,0.53410750,0.03369050,0,0,0,1,0
107699,0.55000000,0.56423840,0.53426643,0.02997197,0,0,0,2,0
107799,0.63000000,0.57739072,0.53522376,0.04216696,0,0,0,3,0
107899,0.67000000,0.59591257,0.53657152,0.05934105,0,0,0,0,0
107999,0.61000000,0.59873006,0.53730581,0.06142425,0,0,0,0,0
108099,0.50000000,0.57898405,0.53693275,0.04205130,0,0,0,1,0
108199,0.21000000,0.50518724,0.53366342,-0.02847619,0,0,0,2,0
108299,0.49000000,0.50214979,0.53322679,-0.03107700,0,0,0,3,0
108399,0.57000000,0.51571983,0.53359452,-0.01787469,0,0,0,4,0
108499,0.53000000,0.51857587,0.53355858,-0.01498271,1,0,0,0,0
108599,0.64000000,0.54286069,0.53462299,0.00823770,1,0,0,0,0
108699,0.42000000,0.51828855,0.53347676,-0.01518821,1,0,0,0,0
108799,0.42000000,0.49863084,0.53234199,-0.03371115,1,0,0,0,0
108899,0.57000000,0.51290467,0.53271857,-0.01981390,1,0,0,0,0
108999,0.38000000,0.48632374,0.53119139,-0.04486765,1,0,0,0,0
109099,0.62000000,0.51305899,0.53207947,-0.01902048,1,0,0,0,0
109199,0.17000000,0.44444719,0.52845868,-0.08401148,1,0,0,0,0
109299,0.27000000,0.40955775,0.52587409,-0.11631634,1,0,0,0,0
109399,0.38000000,0.40364620,0.52441535,-0.12076915,1,0,0,0,0
109499,0.35000000,0.39291696,0.52267120,-0.12975423,1,0,0,0,0
109599,0.37000000,0.38833357,0.52114448,-0.13281091,1,0,0,0,0
109699,0.45000000,0.40066686,0.52043304,-0.11976618,1,0,0,0,0
109799,0.33000000,0.38653349,0.51852871,-0.13199522,1,0,0,0,0
109899,0.50000000,0.40922679,0.51834342,-0.10911663,1,0,0,0,0
109999,0.54000000,0.43538143,0.51855999,-0.08317856,1,0,0,0,0
110099,0.39000000,0.42630514,0.51727439,-0.09096924,1,0,0,0,0
110199,0.17000000,0.37504412,0.51380164,-0.13875753,1,0,0,0,0
110299,0.33000000,0.36603529,0.51196363,-0.14592834,1,0,0,0,0
110399,0.39000000,0.37082823,0.51074399,-0.13991576,1,0,0,0,0
110499,0.57000000,0.41066259,0.51133655,-0.10067396,1,0,0,0,0
110599,0.62000000,0.45253007,0.51242319,-0.05989312,1,0,0,0,0
110699,0.43000000,0.44802406,0.51159895,-0.06357490,1,0,0,0,0
110799,0.56000000,0.47041924,0.51208297,-0.04166372,1,0,0,0,0
110899,0.26000000,0.42833540,0.50956214,-0.08122674,1,0,0,0,0
110999,0.28000000,0.39866832,0.50726651,-0.10859820,1,0,0,0,0
111099,0.43000000,0.40493465,0.50649385,-0.10155920,1,0,0,0,0
111199,0.25000000,0.37394772,0.50392891,-0.12998119,1,0,0,0,0
111299,0.21000000,0.34115818,0.50098962,-0.15983144,1,0,0,0,0
111399,0.27000000,0.32692654,0.49867973,-0.17175318,1,0,0,0,0
111499,0.28000000,0.31754123,0.49649293,-0.17895169,1,0,0,0,0
111599,0.27000000,0.30803299,0.49422800,-0.18619501,1,0,0,0,0
111699,0.30000000,0.30642639,0.49228572,-0.18585933,1,0,0,0,0
111799,0.36000000,0.31714111,0.49096286,-0.17382175,1,0,0,0,0
111899,0.21000000,0.29571289,0.48815323,-0.19244034,1,0,0,0,0
111999,0.28000000,0.29257031,0.48607170,-0.19350139,1,0,0,0,0
112099,0.67000000,0.36805625,0.48791098,-0.11985473,1,0,0,0,0
112199,0.13000000,0.32044500,0.48433187,-0.16388687,1,0,0,0,0
112299,0.31000000,0.31835600,0.48258855,-0.16423256,1,0,0,0,0
112399,0.22000000,0.29868480,0.47996267,-0.18127787,1,0,0,0,0
112499,0.25000000,0.28894784,0.47766304,-0.18871520,1,0,0,0,0
112599,0.30000000,0.29115827,0.47588641,-0.18472814,1,0,0,0,0
112699,0.38000000,0.30892662,0.47492755,-0.16600093,1,0,0,0,0
112799,0.39000000,0.32514129,0.47407827,-0.14893698,1,0,0,0,0
112899,0.25000000,0.31011304,0.47183749,-0.16172445,1,0,0,0,0
112999,0.23000000,0.29409043,0.46941912,-0.17532869,1,0,0,0,0
113099,0.27000000,0.28927234,0.46742492,-0.17815258,1,0,0,0,0
113199,0.21000000,0.27341787,0.46485067,-0.19143280,1,0,0,0,0
113299,0.20000000,0.25873430,0.46220217,-0.20346787,1,0,0,0,0
113399,0.25000000,0.25698744,0.46008015,-0.20309271,1,0,0,0,0
113499,0.24000000,0.25358995,0.45787934,-0.20428939,1,0,0,0,0
113599,0.22000000,0.24687196,0.45550055,-0.20862859,1,0,0,0,0
113699,0.33000000,0.26349757,0.45424555,-0.19074798,1,0,0,0,0
113799,0.17000000,0.24479806,0.45140309,-0.20660504,1,0,0,0,0
113899,0.33000000,0.26183844,0.45018906,-0.18835062,1,0,0,0,0
113999,0.35000000,0.27947076,0.44918717,-0.16971641,1,0,0,0,0
114099,0.57000000,0.33757660,0.45039530,-0.11281869,1,0,0,0,0
114199,0.18000000,0.30606128,0.44769134,-0.14163006,1,0,0,0,0
114299,0.28000000,0.30084903,0.44601443,-0.14516540,1,0,0,0,0
114399,0.34000000,0.30867922,0.44495429,-0.13627507,1,0,0,0,0
114499,0.32000000,0.31094338,0.44370474,-0.13276137,1,0,0,0,0
114599,0.29000000,0.30675470,0.44216770,-0.13541299,1,0,0,0,0
114699,0.43000000,0.33140376,0.44204602,-0.11064226,1,0,0,0,0
114799,0.38000000,0.34112301,0.44142556,-0.10030255,1,0,0,0,0
114899,0.35000000,0.34289841,0.44051130,-0.09761290,1,0,0,0,0
114999,0.32000000,0.33831873,0.43930619,-0.10098746,1,0,0,0,0
115099,0.43000000,0.35665498,0.43921313,-0.08255815,1,0,0,0,0
115199,0.50000000,0.38532398,0.43982100,-0.05449701,1,0,0,0,0
115299,0.37000000,0.38225919,0.43912279,-0.05686360,1,0,0,0,0
115399,0.48000000,0.40180735,0.43953156,-0.03772421,1,0,0,0,0
115499,0.39000000,0.39944588,0.43903624,-0.03959036,1,0,0,0,0
115599,0.41000000,0.40155670,0.43874588,-0.03718918,1,0,0,0,0
115699,0.32000000,0.38524536,0.43755842,-0.05231306,1,0,0,0,0
115799,0.31000000,0.37019629,0.43628284,-0.06608655,1,0,0,0,0
115899,0.46000000,0.38815703,0.43652001,-0.04836298,1,0,0,0,0
115999,0.39000000,0.38852563,0.43605481,-0.04752918,1,0,0,0,0
116099,0.76000000,0.46282050,0.43929426,0.02352624,1,0,0,0,0
116199,0.36000000,0.44225640,0.43850132,0.00375508,1,0,0,0,0
116299,0.51000000,0.45580512,0.43921631,0.01658881,1,0,0,0,0
116399,0.41000000,0.44664410,0.43892414,0.00771995,1,0,0,0,0
116499,0.59000000,0.47531528,0.44043490,0.03488038,1,0,0,0,0
116599,0.43000000,0.46625222,0.44033055,0.02592167,1,0,0,0,0
116699,0.25000000,0.42300178,0.43842725,-0.01542547,1,0,0,0,0
116799,0.28000000,0.39440142,0.43684297,-0.04244155,1,0,0,0,0
116899,0.34000000,0.38352114,0.43587454,-0.05235341,1,0,0,0,0
116999,0.29000000,0.36481691,0.43441580,-0.06959889,1,0,0,0,0
117099,0.64000000,0.41985353,0.43647164,-0.01661811,1,0,0,0,0
117199,0.41000000,0.41788282,0.43620692,-0.01832410,1,0,0,0,0
117299,0.32000000,0.39830626,0.43504486,-0.03673860,1,0,0,0,0
117399,0.29000000,0.37664501,0.43359441,-0.05694940,1,0,0,0,0
117499,0.28000000,0.35731601,0.43205846,-0.07474246,1,0,0,0,0
117599,0.42000000,0.36985280,0.43193788,-0.06208507,1,0,0,0,0
117699,0.56000000,0.40788224,0.43321850,-0.02533626,1,0,0,0,0
117799,0.34000000,0.39430579,0.43228631,-0.03798052,1,0,0,0,0
117899,0.27000000,0.36944464,0.43066345,-0.06121882,1,0,0,0,0
117999,0.35000000,0.36555571,0.42985682,-0.06430111,1,0,0,0,0
118099,0.27000000,0.34644457,0.42825825,-0.08181368,1,0,0,0,0
118199,0.29000000,0.33515565,0.42687567,-0.09172001,1,0,0,0,0
118299,0.27000000,0.32212452,0.42530691,-0.10318239,1,0,0,0,0
118399,0.29000000,0.31569962,0.42395384,-0.10825422,1,0,0,0,0
118499,0.41000000,0.33455969,0.42381430,-0.08925461,1,0,0,0,0
118599,0.19000000,0.30564776,0.42147616,-0.11582840,1,0,0,0,0
118699,0.25000000,0.29451820,0.41976140,-0.12524319,1,0,0,0,0
118799,0.25000000,0.28561456,0.41806378,-0.13244922,1,0,0,0,0
118899,0.28000000,0.28449165,0.41668315,-0.13219149,1,0,0,0,0
118999,0.20000000,0.26759332,0.41451631,-0.14692299,1,0,0,0,0
119099,0.66000000,0.34607466,0.41697115,-0.07089649,1,0,0,0,0
119199,0.00000000,0.27685973,0.41280144,-0.13594171,1,0,0,0,0
119299,0.06000000,0.23348778,0.40927343,-0.17578564,1,0,0,0,0
119399,0.04000000,0.19479022,0.40558069,-0.21079047,1,0,0,0,0
119499,0.12000000,0.17983218,0.40272488,-0.22289270,1,0,0,0,0
119599,0.14000000,0.17186574,0.40009764,-0.22823189,1,0,0,0,0
119699,0.38000000,0.21349259,0.39989666,-0.18640406,1,0,0,0,0
119799,0.22000000,0.21479408,0.39809769,-0.18330362,1,0,0,0,0
119899,0.41000000,0.25383526,0.39821672,-0.14438145,1,0,0,0,0
119999,0.54000000,0.31106821,0.39963455,-0.08856634,1,0,0,0,0
120099,0.33000000,0.31485457,0.39893820,-0.08408364,1,0,0,0,0
120199,0.08000000,0.26788365,0.39574882,-0.12786517,1,0,0,0,0
120299,0.27000000,0.26830692,0.39449133,-0.12618441,1,0,0,0,0
120399,0.37000000,0.28864554,0.39424642,-0.10560088,1,0,0,0,0
120499,0.34000000,0.29891643,0.39370395,-0.09478752,1,0,0,0,0
120599,0.36000000,0.31113314,0.39336692,-0.08223377,1,0,0,0,0
120699,0.36000000,0.32090652,0.39303325,-0.07212673,1,0,0,0,0
120799,0.36000000,0.32872521,0.39270291,-0.06397770,1,0,0,0,0
120899,0.36000000,0.33498017,0.39237588,-0.05739571,1,0,0,0,0
120999,0.42000000,0.35198414,0.39265213,-0.04066799,1,0,0,0,0
121099,0.42000000,0.36558731,0.39292560,-0.02733830,1,0,0,0,0
121199,0.17000000,0.32646985,0.39069635,-0.06422650,1,0,0,0,0
121299,0.24000000,0.30917588,0.38918938,-0.08001351,1,0,0,0,0
121399,0.17000000,0.28134070,0.38699749,-0.10565679,1,0,0,0,0
121499,0.25000000,0.27507256,0.38562752,-0.11055495,1,0,0,0,0
121599,0.31000000,0.28205805,0.38487124,-0.10281319,1,0,0,0,0
121699,0.28000000,0.28164644,0.38382253,-0.10217609,1,0,0,0,0
121799,0.26000000,0.27731715,0.38258430,-0.10526715,1,0,0,0,0
121899,0.21000000,0.26385372,0.38085846,-0.11700474,1,0,0,0,0
121999,0.36000000,0.28308298,0.38064988,-0.09756690,1,0,0,0,0
122099,0.36000000,0.29846638,0.38044338,-0.08197700,1,0,0,0,0
122199,0.23000000,0.28477311,0.37893894,-0.09416584,1,0,0,0,0
122299,0.22000000,0.27181848,0.37734955,-0.10553107,1,0,0,0,0
122399,0.22000000,0.26145479,0.37577606,-0.11432127,1,0,0,0,0
122499,0.32000000,0.27316383,0.37521830,-0.10205447,1,0,0,0,0
122599,0.30000000,0.27853106,0.37446611,-0.09593505,1,0,0,0,0
122699,0.21000000,0.26482485,0.37282145,-0.10799660,1,0,0,0,0
122799,0.13000000,0.23785988,0.37039324,-0.13253336,1,0,0,0,0
122899,0.28000000,0.24628790,0.36948931,-0.12320140,1,0,0,0,0
122999,0.32000000,0.26103032,0.36899441,-0.10796409,1,0,0,0,0
123099,0.24000000,0.25682426,0.36770447,-0.11088021,1,0,0,0,0
123199,0.25000000,0.25545941,0.36652742,-0.11106802,1,0,0,0,0
123299,0.09000000,0.22236753,0.36376215,-0.14139462,1,0,0,0,0
123399,0.17000000,0.21189402,0.36182453,-0.14993051,1,0,0,0,0
123499,0.19000000,0.20751522,0.36010628,-0.15259107,1,0,0,0,0
123599,0.19000000,0.20401217,0.35840522,-0.15439305,1,0,0,0,0
123699,0.37000000,0.23720974,0.35852117,-0.12131143,1,0,0,0,0
123799,0.51000000,0.29176779,0.36003596,-0.06826817,1,0,0,0,0
123899,0.41000000,0.31541423,0.36053560,-0.04512136,1,0,0,0,0
123999,0.35000000,0.32233139,0.36043024,-0.03809886,1,0,0,0,0
124099,0.26000000,0.30986511,0.35942594,-0.04956083,1,0,0,0,0
124199,0.14000000,0.27589209,0.35723168,-0.08133959,1,0,0,0,0
124299,0.12000000,0.24471367,0.35485936,-0.11014569,1,0,0,0,0
124399,0.35000000,0.26577094,0.35481077,-0.08903983,1,0,0,0,0
124499,0.20000000,0.25261675,0.35326266,-0.10064591,1,0,0,0,0
124599,0.24000000,0.25009340,0.35213003,-0.10203664,1,0,0,0,0
124699,0.26000000,0.25207472,0.35120873,-0.09913402,1,0,0,0,0
124799,0.17000000,0.23565978,0.34939665,-0.11373687,1,0,0,0,0
124899,0.24000000,0.23652782,0.34830268,-0.11177486,1,0,0,0,0
124999,0.35000000,0.25922226,0.34831965,-0.08909740,1,0,0,0,0
125099,0.41000000,0.28937780,0.34893646,-0.05955865,1,0,0,0,0
125199,0.15000000,0.26150224,0.34694709,-0.08544485,1,0,0,0,0
125299,0.15000000,0.23920180,0.34497762,-0.10577583,1,0,0,0,0
125399,0.24000000,0.23936144,0.34392785,-0.10456641,1,0,0,0,0
125499,0.28000000,0.24748915,0.34328857,-0.09579942,1,0,0,0,0
125599,0.19000000,0.23599132,0.34175568,-0.10576436,1,0,0,0,0
125699,0.15000000,0.21879306,0.33983812,-0.12104507,1,0,0,0,0
125799,0.12000000,0.19903444,0.33763974,-0.13860530,1,0,0,0,0
125899,0.17000000,0.19322756,0.33596335,-0.14273579,1,0,0,0,0
125999,0.29000000,0.21258204,0.33550371,-0.12292167,1,0,0,0,0
126099,0.41000000,0.25206564,0.33624868,-0.08418304,1,0,0,0,0
126199,0.13000000,0.22765251,0.33418619,-0.10653368,1,0,0,0,0
126299,0.19000000,0.22012201,0.33274433,-0.11262232,1,0,0,0,0
126399,0.22000000,0.22009761,0.33161688,-0.11151928,1,0,0,0,0
126499,0.11000000,0.19807808,0.32940071,-0.13132263,1,0,0,0,0
126599,0.26000000,0.21046247,0.32870671,-0.11824424,1,0,0,0,0
126699,0.24000000,0.21636997,0.32781964,-0.11144967,1,0,0,0,0
126799,0.23000000,0.21909598,0.32684144,-0.10774546,1,0,0,0,0
126899,0.26000000,0.22727678,0.32617303,-0.09889625,1,0,0,0,0
126999,0.23000000,0.22782143,0.32521130,-0.09738987,1,0,0,0,0
127099,0.17000000,0.21625714,0.32365919,-0.10740204,1,0,0,0,0
127199,0.21000000,0.21500571,0.32252259,-0.10751688,1,0,0,0,0
127299,0.23000000,0.21800457,0.32159737,-0.10359280,1,0,0,0,0
127399,0.15000000,0.20440366,0.31988139,-0.11547774,1,0,0,0,0
127499,0.11000000,0.18552293,0.31778258,-0.13225966,1,0,0,0,0
127599,0.14000000,0.17641834,0.31600476,-0.13958641,1,0,0,0,0
127699,0.11000000,0.16313467,0.31394471,-0.15081004,1,0,0,0,0
127799,0.19000000,0.16850774,0.31270526,-0.14419752,1,0,0,0,0
127899,0.27000000,0.18880619,0.31227821,-0.12347202,1,0,0,0,0
127999,0.30000000,0.21104495,0.31215543,-0.10111047,1,0,0,0,0
128099,0.52000000,0.27283596,0.31423387,-0.04139791,1,0,0,0,0
128199,0.21000000,0.26026877,0.31319153,-0.05292276,1,0,0,0,0
128299,0.29000000,0.26621502,0.31295962,-0.04674460,1,0,0,0,0
128399,0.20000000,0.25297201,0.31183002,-0.05885801,1,0,0,0,0
128499,0.25000000,0.25237761,0.31121172,-0.05883411,1,0,0,0,0
128599,0.26000000,0.25390209,0.31069960,-0.05679752,1,0,0,0,0
128699,0.30000000,0.26312167,0.31059261,-0.04747094,1,0,0,0,0
128799,0.26000000,0.26249734,0.31008668,-0.04758935,1,0,0,0,0
128899,0.20000000,0.24999787,0.30898581,-0.05898795,1,0,0,0,0
128999,0.23000000,0.24599830,0.30819596,-0.06219766,1,0,0,0,0
129099,0.15000000,0.22679864,0.30661400,-0.07981536,1,0,0,0,0
129199,0.19000000,0.21943891,0.30544786,-0.08600895,1,0,0,0,0
129299,0.13000000,0.20155113,0.30369338,-0.10214225,1,0,0,0,0
129399,0.20000000,0.20124090,0.30265644,-0.10141554,1,0,0,0,0
129499,0.14000000,0.18899272,0.30102988,-0.11203716,1,0,0,0,0
129599,0.18000000,0.18719418,0.29981958,-0.11262540,1,0,0,0,0
129699,0.29000000,0.20775534,0.29972139,-0.09196604,1,0,0,0,0
129799,0.11000000,0.18820427,0.29782417,-0.10961990,1,0,0,0,0
129899,0.21000000,0.19256342,0.29694593,-0.10438251,1,0,0,0,0
129999,0.21000000,0.19605073,0.29607647,-0.10002574,1,0,0,0,0
130099,0.40000000,0.23684059,0.29711571,-0.06027512,1,0,0,0,0
130199,0.11000000,0.21147247,0.29524455,-0.08377208,1,0,0,0,0
130299,0.11000000,0.19117798,0.29339210,-0.10221413,1,0,0,0,0
130399,0.11000000,0.17494238,0.29155818,-0.11661580,1,0,0,0,0
130499,0.13000000,0.16595390,0.28994260,-0.12398870,1,0,0,0,0
130599,0.22000000,0.17676312,0.28924317,-0.11248005,1,0,0,0,0
130699,0.27000000,0.19541050,0.28905074,-0.09364024,1,0,0,0,0
130799,0.16000000,0.18832840,0.28776024,-0.09943184,1,0,0,0,0
130899,0.13000000,0.17666272,0.28618263,-0.10951991,1,0,0,0,0
130999,0.13000000,0.16733018,0.28462081,-0.11729063,1,0,0,0,0
131099,0.41000000,0.21586414,0.28587460,-0.07001046,1,0,0,0,0
131199,0.26000000,0.22469131,0.28561585,-0.06092454,1,0,0,0,0
131299,0.28000000,0.23575305,0.28555969,-0.04980664,1,0,0,0,0
131399,0.22000000,0.23260244,0.28490410,-0.05230166,1,0,0,0,0
131499,0.14000000,0.21408195,0.28345506,-0.06937310,1,0,0,0,0
131599,0.17000000,0.20526556,0.28232051,-0.07705494,1,0,0,0,0
131699,0.20000000,0.20421245,0.28149730,-0.07728485,1,0,0,0,0
131799,0.14000000,0.19136996,0.28008233,-0.08871237,1,0,0,0,0
131899,0.21000000,0.19509597,0.27938150,-0.08428554,1,0,0,0,0
131999,0.23000000,0.20207677,0.27888769,-0.07681092,1,0,0,0,0
132099,0.31000000,0.22366142,0.27919881,-0.05553739,1,0,0,0,0
132199,0.09000000,0.19692914,0.27730682,-0.08037769,1,0,0,0,0
132299,0.20000000,0.19754331,0.27653376,-0.07899045,1,0,0,0,0
132399,0.15000000,0.18803465,0.27526842,-0.08723377,1,0,0,0,0
132499,0.14000000,0.17842772,0.27391573,-0.09548802,1,0,0,0,0
132599,0.26000000,0.19474217,0.27377658,-0.07903440,1,0,0,0,0
132699,0.11000000,0.17779374,0.27213881,-0.09434507,1,0,0,0,0
132799,0.14000000,0.17023499,0.27081742,-0.10058243,1,0,0,0,0
132899,0.10000000,0.15618799,0.26910925,-0.11292126,1,0,0,0,0
132999,0.19000000,0.16295039,0.26831816,-0.10536776,1,0,0,0,0
133099,0.25000000,0.18036032,0.26813497,-0.08777466,1,0,0,0,0
133199,0.17000000,0.17828825,0.26715363,-0.08886537,1,0,0,0,0
133299,0.11000000,0.16463060,0.26558209,-0.10095149,1,0,0,0,0
133399,0.11000000,0.15370448,0.26402627,-0.11032179,1,0,0,0,0
133499,0.24000000,0.17096359,0.26378601,-0.09282242,1,0,0,0,0
133599,0.22000000,0.18077087,0.26334815,-0.08257728,1,0,0,0,0
133699,0.31000000,0.20661669,0.26381466,-0.05719797,1,0,0,0,0
133799,0.21000000,0.20729336,0.26327652,-0.05598316,1,0,0,0,0
133899,0.18000000,0.20183468,0.26244375,-0.06060907,1,0,0,0,0
133999,0.08000000,0.17746775,0.26061931,-0.08315157,1,0,0,0,0
134099,0.46000000,0.23397420,0.26261312,-0.02863892,1,0,0,0,0
134199,0.17000000,0.22117936,0.26168699,-0.04050763,1,0,0,0,0
134299,0.07000000,0.19094349,0.25977012,-0.06882663,1,0,0,0,0
134399,0.25000000,0.20275479,0.25967242,-0.05691763,1,0,0,0,0
134499,0.37000000,0.23620383,0.26077569,-0.02457186,1,0,0,0,0
134599,0.29000000,0.24696307,0.26106794,-0.01410487,1,0,0,0,0
134699,0.25000000,0.24757045,0.26095726,-0.01338681,1,0,0,0,0
134799,0.23000000,0.24405636,0.26064769,-0.01659132,1,0,0,0,0
134899,0.17000000,0.22924509,0.25974121,-0.03049612,1,0,0,0,0
134999,0.24000000,0.23139607,0.25954380,-0.02814773,1,0,0,0,0
135099,0.45000000,0.27511686,0.26144836,0.01366850,1,0,0,0,0
135199,0.02000000,0.22409349,0.25903388,-0.03494039,1,0,0,0,0
135299,0.15000000,0.20927479,0.25794354,-0.04866875,1,0,0,0,0
135399,0.18000000,0.20341983,0.25716410,-0.05374427,1,0,0,0,0
135499,0.24000000,0.21073586,0.25699246,-0.04625660,1,0,0,0,0
135599,0.27000000,0.22258869,0.25712254,-0.03453384,1,0,0,0,0
135699,0.25000000,0.22807095,0.25705131,-0.02898036,1,0,0,0,0
135799,0.26000000,0.23445676,0.25708080,-0.02262403,1,0,0,0,0
135899,0.22000000,0.23156541,0.25670999,-0.02514458,1,0,0,0,0
135999,0.18000000,0.22125233,0.25594289,-0.03469056,1,0,0,0,0
136099,0.17000000,0.21100186,0.25508346,-0.04408160,1,0,0,0,0
136199,0.16000000,0.20080149,0.25413263,-0.05333114,1,0,0,0,0
136299,0.15000000,0.19064119,0.25309130,-0.06245011,1,0,0,0,0
136399,0.17000000,0.18651295,0.25226039,-0.06574743,1,0,0,0,0
136499,0.16000000,0.18121036,0.25133778,-0.07012742,1,0,0,0,0
136599,0.17000000,0.17896829,0.25052440,-0.07155611,1,0,0,0,0
136699,0.22000000,0.18717463,0.25021916,-0.06304453,1,0,0,0,0
136799,0.24000000,0.19773971,0.25011697,-0.05237726,1,0,0,0,0
136899,0.29000000,0.21619176,0.25051580,-0.03432403,1,0,0,0,0
136999,0.45000000,0.26295341,0.25251064,0.01044277,1,0,0,0,0
137099,0.34000000,0.27836273,0.25338554,0.02497719,1,0,0,0,0
137199,0.23000000,0.26869018,0.25315168,0.01553850,1,0,0,0,0
137299,0.16000000,0.24695215,0.25222016,-0.00526802,1,0,0,0,0
137399,0.26000000,0.24956172,0.25229796,-0.00273624,1,0,0,0,0
137499,0.36000000,0.27164937,0.25337498,0.01827439,1,0,0,0,0
137599,0.25000000,0.26731950,0.25334123,0.01397827,1,0,0,0,0
137699,0.30000000,0.27385560,0.25380782,0.02004778,1,0,0,0,0
137799,0.21000000,0.26108448,0.25336974,0.00771474,1,0,0,0,0
137899,0.10000000,0.22886758,0.25183604,-0.02296846,1,0,0,0,0
137999,0.18000000,0.21909407,0.25111768,-0.03202362,1,0,0,0,0
138099,0.37000000,0.24927525,0.25230651,-0.00303125,1,0,0,0,0
138199,0.20000000,0.23942020,0.25178344,-0.01236324,1,0,0,0,0
138299,0.18000000,0.22753616,0.25106561,-0.02352945,1,0,0,0,0
138399,0.31000000,0.24402893,0.25165495,-0.00762602,1,0,0,0,0
138499,0.23000000,0.24122314,0.25143840,-0.01021526,1,0,0,0,0
138599,0.06000000,0.20497852,0.24952402,-0.04454550,1,0,0,0,0
138699,0.25000000,0.21398281,0.24952878,-0.03554597,1,0,0,0,0
138799,0.24000000,0.21918625,0.24943349,-0.03024724,1,0,0,0,0
138899,0.12000000,0.19934900,0.24813915,-0.04879016,1,0,0,0,0
138999,0.26000000,0.21147920,0.24825776,-0.03677856,1,0,0,0,0
139099,0.34000000,0.23718336,0.24917519,-0.01199183,1,0,0,0,0
139199,0.06000000,0.20174669,0.24728343,-0.04553675,1,0,0,0,0
139299,0.13000000,0.18739735,0.24611060,-0.05871325,1,0,0,0,0
139399,0.15000000,0.17991788,0.24514949,-0.06523161,1,0,0,0,0
139499,0.15000000,0.17393430,0.24419800,-0.07026369,1,0,0,0,0
139599,0.18000000,0.17514744,0.24355602,-0.06840858,1,0,0,0,0
139699,0.19000000,0.17811795,0.24302046,-0.06490250,1,0,0,0,0
139799,0.16000000,0.17449436,0.24219025,-0.06769589,1,0,0,0,0
139899,0.14000000,0.16759549,0.24116835,-0.07357286,1,0,0,0,0
139999,0.10000000,0.15407639,0.23975667,-0.08568027,1,0,0,0,0
140099,0.21000000,0.16526111,0.23945910,-0.07419799,1,0,0,0,0
140199,0.04000000,0.14020889,0.23746451,-0.09725562,1,0,0,0,0
140299,0.10000000,0.13216711,0.23608986,-0.10392275,1,0,0,0,0
140399,0.12000000,0.12973369,0.23492897,-0.10519528,1,0,0,0,0
140499,0.15000000,0.13378695,0.23407968,-0.10029272,1,0,0,0,0
140599,0.34000000,0.17502956,0.23513888,-0.06010932,1,0,0,0,0
140699,0.30000000,0.20002365,0.23578749,-0.03576384,1,0,0,0,0
140799,0.24000000,0.20801892,0.23582962,-0.02781070,1,0,0,0,0
140899,0.14000000,0.19441514,0.23487132,-0.04045618,1,0,0,0,0
140999,0.29000000,0.21353211,0.23542261,-0.02189050,1,0,0,0,0
141099,0.23000000,0.21682569,0.23536838,-0.01854269,1,0,0,0,0
141199,0.29000000,0.23146055,0.23591470,-0.00445415,1,0,0,0,0
141299,0.30000000,0.24516844,0.23655555,0.00861289,1,0,0,0,0
141399,0.21000000,0.23813475,0.23628999,0.00184476,1,0,0,0,0
141499,0.22000000,0.23450780,0.23612709,-0.00161929,1,0,0,0,0
141599,0.29000000,0.24560624,0.23666582,0.00894042,1,0,0,0,0
141699,0.33000000,0.26248499,0.23759917,0.02488583,1,0,0,0,0
141799,0.35000000,0.27998799,0.23872317,0.04126482,1,0,0,0,0
141899,0.18000000,0.25999040,0.23813594,0.02185445,1,0,0,0,0
141999,0.18000000,0.24399232,0.23755458,0.00643773,1,0,0,0,0
142099,0.26000000,0.24719385,0.23777904,0.00941482,1,0,0,0,0
142199,0.17000000,0.23175508,0.23710125,-0.00534616,1,0,0,0,0
142299,0.38000000,0.26140407,0.23853023,0.02287383,1,0,0,0,0
142399,0.24000000,0.25712325,0.23854493,0.01857832,1,0,0,0,0
142499,0.23000000,0.25169860,0.23845948,0.01323912,1,0,0,0,0
142599,0.22000000,0.24535888,0.23827489,0.00708399,1,0,0,0,0
142699,0.21000000,0.23828711,0.23799214,0.00029497,1,0,0,0,0
142799,0.22000000,0.23462968,0.23781222,-0.00318253,1,0,0,0,0
142899,0.19000000,0.22570375,0.23733409,-0.01163035,1,0,0,0,0
142999,0.10000000,0.20056300,0.23596075,-0.03539776,1,0,0,0,0
143099,0.39000000,0.23845040,0.23750115,0.00094925,1,0,0,0,0
143199,0.11000000,0.21276032,0.23622613,-0.02346582,1,0,0,0,0
143299,0.12000000,0.19420825,0.23506387,-0.04085562,1,0,0,0,0
143399,0.26000000,0.20736660,0.23531323,-0.02794663,1,0,0,0,0
143499,0.33000000,0.23189328,0.23626010,-0.00436682,1,0,0,0,0
143599,0.38000000,0.26151463,0.23769750,0.02381713,1,0,0,0,0
143699,0.17000000,0.24321170,0.23702053,0.00619117,1,0,0,0,0
143799,0.20000000,0.23456936,0.23665032,-0.00208096,1,0,0,0,0
143899,0.26000000,0.23965549,0.23688382,0.00277167,1,0,0,0,0
143999,0.18000000,0.22772439,0.23631498,-0.00859059,1,0,0,0,0
144099,0.24000000,0.23017951,0.23635183,-0.00617232,1,0,0,0,0
144199,0.13000000,0.21014361,0.23528831,-0.02514470,1,0,0,0,0
144299,0.16000000,0.20011489,0.23453543,-0.03442054,1,0,0,0,0
144399,0.22000000,0.20409191,0.23439007,-0.03029816,1,0,0,0,0
144499,0.20000000,0.20327353,0.23404617,-0.03077265,1,0,0,0,0
144599,0.22000000,0.20661882,0.23390571,-0.02728689,1,0,0,0,0
144699,0.33000000,0.23129506,0.23486665,-0.00357160,1,0,0,0,0
144799,0.05000000,0.19503605,0.23301799,-0.03798194,1,0,0,0,0
144899,0.10000000,0.17602884,0.23168781,-0.05565897,1,0,0,0,0
144999,0.17000000,0.17482307,0.23107093,-0.05624786,1,0,0,0,0
145099,0.36000000,0.21185846,0.23236022,-0.02050177,1,0,0,0,0
145199,0.25000000,0.21948676,0.23253662,-0.01304985,1,0,0,0,0
145299,0.21000000,0.21758941,0.23231125,-0.01472184,1,0,0,0,0
145399,0.15000000,0.20407153,0.23148814,-0.02741661,1,0,0,0,0
145499,0.25000000,0.21325722,0.23167326,-0.01841604,1,0,0,0,0
145599,0.33000000,0.23660578,0.23265653,0.00394925,1,0,0,0,0
145699,0.40000000,0.26928462,0.23432996,0.03495466,1,0,0,0,0
145799,0.26000000,0.26742770,0.23458666,0.03284104,1,0,0,0,0
145899,0.07000000,0.22794216,0.23294079,-0.00499864,1,0,0,0,0
145999,0.17000000,0.21635373,0.23231139,-0.01595766,1,0,0,0,0
146099,0.47000000,0.26708298,0.23468827,0.03239471,1,0,0,0,0
146199,0.21000000,0.25566639,0.23444139,0.02122500,1,0,0,0,0
146299,0.17000000,0.23853311,0.23379698,0.00473613,1,0,0,0,0
146399,0.17000000,0.22482649,0.23315901,-0.00833252,1,0,0,0,0
146499,0.15000000,0.20986119,0.23232742,-0.02246623,1,0,0,0,0
146599,0.11000000,0.18988895,0.23110414,-0.04121519,1,0,0,0,0
146699,0.22000000,0.19591116,0.23099310,-0.03508194,1,0,0,0,0
146799,0.22000000,0.20072893,0.23088317,-0.03015424,1,0,0,0,0
146899,0.17000000,0.19458314,0.23027434,-0.03569119,1,0,0,0,0
146999,0.13000000,0.18166651,0.22927159,-0.04760508,1,0,0,0,0
147099,0.53000000,0.25133321,0.23227888,0.01905433,1,0,0,0,0
147199,0.18000000,0.23706657,0.23175609,0.00531048,1,0,0,0,0
147299,0.17000000,0.22365326,0.23113853,-0.00748527,1,0,0,0,0
147399,0.30000000,0.23892260,0.23182714,0.00709546,1,0,0,0,0
147499,0.15000000,0.22113808,0.23100887,-0.00987079,1,0,0,0,0
147599,0.13000000,0.20291047,0.22999878,-0.02708832,1,0,0,0,0
147699,0.18000000,0.19832837,0.22949880,-0.03117042,1,0,0,0,0
147799,0.13000000,0.18466270,0.22850381,-0.04384111,1,0,0,0,0
147899,0.20000000,0.18773016,0.22821877,-0.04048861,1,0,0,0,0
147999,0.33000000,0.21618413,0.22923658,-0.01305245,1,0,0,0,0
148099,0.31000000,0.23494730,0.23004422,0.00490309,1,0,0,0,0
148199,0.18000000,0.22395784,0.22954377,-0.00558593,1,0,0,0,0
148299,0.17000000,0.21316627,0.22894834,-0.01578206,1,0,0,0,0
148399,0.23000000,0.21653302,0.22895885,-0.01242583,1,0,0,0,0
148499,0.32000000,0.23722641,0.22986926,0.00735715,1,0,0,0,0
148599,0.25000000,0.23978113,0.23007057,0.00971056,1,0,0,0,0
148699,0.21000000,0.23382491,0.22986987,0.00395504,1,0,0,0,0
148799,0.22000000,0.23105992,0.22977117,0.00128876,1,0,0,0,0
148899,0.20000000,0.22484794,0.22947346,-0.00462552,1,0,0,0,0
148999,0.18000000,0.21587835,0.22897872,-0.01310037,1,0,0,0,0
149099,0.41000000,0.25470268,0.23078893,0.02391375,1,0,0,0,0
149199,0.07000000,0.21776215,0.22918104,-0.01141890,1,0,0,0,0
149299,0.05000000,0.18420972,0.22738923,-0.04317952,1,0,0,0,0
149399,0.19000000,0.18536777,0.22701534,-0.04164757,1,0,0,0,0
149499,0.06000000,0.16029422,0.22534519,-0.06505097,1,0,0,0,0
149599,0.19000000,0.16623537,0.22499174,-0.05875636,1,0,0,0,0
149699,0.22000000,0.17698830,0.22494182,-0.04795352,1,0,0,0,0
149799,0.17000000,0.17559064,0.22439240,-0.04880176,1,0,0,0,0
149899,0.19000000,0.17847251,0.22404848,-0.04557597,1,0,0,0,0
149999,0.16000000,0.17477801,0.22340799,-0.04862998,1,0,0,0,0
