step,surprise_raw,surprise_clipped,state_action_pseudo_count,familiarity_count_mean,familiarity_count_ratio,familiarity,e_t,block_E_k,W_k,block_completed,warmup_remaining,regime_change,mean_total_var,mean_epistemic_var,raw_residual_mse,raw_delta_state_mse,raw_reward_sq_error,mean_total_var_raw,mean_epistemic_var_raw,gradient_coherence,gradient_novelty,predictor_nll
0,12.42890358,12.42890358,0,0.00000000,0.00000000,0.00000000,0.00000000,nan,0.00000000,0,9999,0,0.99828541,0.00049803,12.42115784,13.14998913,0.03102587,0.99828541,0.00049803,nan,nan,128.86026764
100,1.19949448,1.19949448,0,0.00000000,0.00000000,0.00000000,0.00000000,nan,0.00000000,0,9899,0,1.02440512,0.00527930,41.81229019,44.27050400,0.02262288,37.99763870,0.17949268,0.03686181,0.96313819,27.54150836
200,1.28029966,1.28029966,0,0.00000000,0.00000000,0.00000000,0.00000000,nan,0.00000000,0,9799,0,1.00022590,0.00428642,35.03097153,37.06558990,0.44247890,37.11767960,0.13543318,-0.09719234,1.09719234,27.97544098
300,0.35044938,0.35044938,0,0.00000000,0.00000000,0.00000000,0.00000000,nan,0.00000000,0,9699,0,1.01272571,0.00329091,32.23524857,34.12921524,0.03779485,37.80369186,0.09927527,-0.18112656,1.18112656,19.83563614
400,0.54597878,0.54597878,0,0.00000000,0.00000000,0.00000000,0.00000000,nan,0.00000000,0,9599,0,0.96825463,0.00442120,6.59261942,6.96814585,0.20867679,35.79050446,0.18965727,0.13288435,0.86711565,20.97066307
500,0.53477931,0.53477931,0,0.00000000,0.00000000,0.00000000,0.00000000,nan,0.00000000,0,9499,0,0.95138526,0.00318243,37.08033752,39.25983429,0.02888155,33.76943588,0.09785692,0.01557298,0.98442702,20.87319756
600,0.92970932,0.92970932,0,0.00000000,0.00000000,0.00000000,0.00000000,nan,0.00000000,0,9399,0,0.96731675,0.00523431,21.09646988,22.32248497,0.25424802,34.12305832,0.17852207,-0.01825245,1.01825245,24.65682507
700,1.71736896,1.71736896,0,0.00000000,0.00000000,0.00000000,0.00000000,nan,0.00000000,0,9299,0,0.96544021,0.00674152,52.24704361,55.28685760,0.57025850,33.11418152,0.29648030,-0.16025858,1.16025858,32.77496338
800,0.23573512,0.23573512,0,0.00000000,0.00000000,0.00000000,0.00000000,nan,0.00000000,0,9199,0,0.96857941,0.00383359,12.18355942,12.89988708,0.00597657,32.97748184,0.15368380,-0.15635572,1.15635572,18.62941043
900,0.42513430,0.42513430,0,0.00000000,0.00000000,0.00000000,0.00000000,nan,0.00000000,0,9099,0,0.91525203,0.01115456,28.67063332,30.35549355,0.02805243,32.28988647,0.56580096,-0.03525059,1.03525059,19.55739276
1000,0.12515491,0.12515491,0,0.00000000,0.00000000,0.00000000,0.00000000,nan,0.00000000,0,8999,0,0.87479317,0.00493122,2.75867105,2.92091584,0.00050946,29.84560776,0.15308961,-0.28852405,1.28852405,16.21424699
1100,0.95648533,0.95648533,0,0.00000000,0.00000000,0.00000000,0.00000000,nan,0.00000000,0,8899,0,0.97899830,0.01181214,16.84887505,17.83338737,0.11220346,28.57995605,0.47972897,-0.14950625,1.14950625,24.74931383
1200,0.26194590,0.26194590,0,0.00000000,0.00000000,0.00000000,0.00000000,nan,0.00000000,0,8799,0,0.84437305,0.01324069,3.83074069,4.05444288,0.02780026,22.20845795,0.61400962,0.01311423,0.98688577,17.17566140
1300,0.74709773,0.74709773,0,0.00000000,0.00000000,0.00000000,0.00000000,nan,0.00000000,0,8699,0,0.70625025,0.03463963,2.97927570,3.14804649,0.11017154,18.10607338,1.62341583,0.02184320,0.97815680,20.41707516
1400,0.41166872,0.41166872,0,0.00000000,0.00000000,0.00000000,0.00000000,nan,0.00000000,0,8599,0,0.72606409,0.02327272,7.93349648,8.39547443,0.07986867,19.64104652,1.40263128,-0.13885862,1.13885862,16.85384674
1500,0.43588999,0.43588999,0,0.00000000,0.00000000,0.00000000,0.00000000,nan,0.00000000,0,8499,0,0.57218891,0.03559889,1.87557936,1.98155844,0.07393382,9.48989391,1.20117533,0.05699308,0.94300692,14.56512475
1600,2.28615737,2.28615737,0,0.00000000,0.00000000,0.00000000,0.00000000,nan,0.00000000,0,8399,0,0.64661729,0.07418989,9.45134640,9.96633720,0.69649541,10.20029736,3.94972229,0.14878107,0.85121893,36.41755867
1700,1.67486846,1.67486846,0,0.00000000,0.00000000,0.00000000,0.00000000,nan,0.00000000,0,8299,0,0.49891472,0.06363746,4.71212387,4.98030996,0.15295841,7.37602329,1.95090532,-0.01113846,1.01113846,27.92888069
1800,0.51065755,0.51065755,0,0.00000000,0.00000000,0.00000000,0.00000000,nan,0.00000000,0,8199,0,0.50539440,0.02790112,0.58648181,0.61725247,0.06338103,9.21839905,0.99168861,-0.05018053,1.05018053,13.69446087
1900,0.20470747,0.20470747,0,0.00000000,0.00000000,0.00000000,0.00000000,nan,0.00000000,0,8099,0,0.46775532,0.05210851,1.44325495,1.52811897,0.00056821,8.66546822,2.43994904,-0.02046465,1.02046465,11.25580382
2000,0.27857900,0.27857900,0,0.00000000,0.00000000,0.00000000,0.00000000,nan,0.00000000,0,7999,0,0.63148838,0.01347121,0.56571305,0.56791747,0.52823782,11.93874645,0.43323338,-0.02799196,1.02799196,14.50921965
2100,0.47924137,0.47924137,0,0.00000000,0.00000000,0.00000000,0.00000000,nan,0.00000000,0,7899,0,0.49364361,0.05293380,0.89353824,0.94074160,0.09108208,5.96547508,1.61736846,0.04134387,0.95865613,13.52291155
2200,1.41071975,1.41071975,0,0.00000000,0.00000000,0.00000000,0.00000000,nan,0.00000000,0,7799,0,0.49123472,0.06125061,7.41293859,7.82635689,0.38482547,7.33382750,2.46563673,0.02948735,0.97051265,23.73557663
2300,0.27475482,0.27475482,0,0.00000000,0.00000000,0.00000000,0.00000000,nan,0.00000000,0,7699,0,0.39904159,0.05396812,0.47910658,0.50714505,0.00245283,6.94323778,1.76218724,0.01494692,0.98505308,11.62380600
2400,1.20252192,1.20252192,0,0.00000000,0.00000000,0.00000000,0.00000000,nan,0.00000000,0,7599,0,0.31371000,0.06071909,2.80322218,2.96450758,0.06137246,4.80314732,2.06730127,0.00772507,0.99227493,19.59108520
2500,0.84327722,0.84327722,0,0.00000000,0.00000000,0.00000000,0.00000000,nan,0.00000000,0,7499,0,0.31865072,0.03914149,4.37125206,4.62822485,0.00271909,5.55706596,1.99169052,0.03491157,0.96508843,13.55099614
2600,0.19022928,0.19022928,0,0.00000000,0.00000000,0.00000000,0.00000000,nan,0.00000000,0,7399,0,0.33034095,0.03726535,0.61985350,0.65474075,0.02677050,4.42378473,1.10943997,0.00899653,0.99100347,6.89607966
2700,0.15229422,0.15229422,0,0.00000000,0.00000000,0.00000000,0.00000000,nan,0.00000000,0,7299,0,0.24376284,0.03389449,0.18289401,0.19204795,0.02727710,3.60261488,1.08191216,0.02248438,0.97751562,3.99172604
2800,0.23747604,0.23747604,0,0.00000000,0.00000000,0.00000000,0.00000000,nan,0.00000000,0,7199,0,0.22078663,0.03969835,0.73971570,0.78225791,0.01649756,3.89814973,1.15037596,0.03537968,0.96462032,5.60235941
2900,0.35367668,0.35367668,0,0.00000000,0.00000000,0.00000000,0.00000000,nan,0.00000000,0,7099,0,0.20361391,0.03838654,1.05122805,1.09889293,0.24092785,4.08078098,1.62952459,0.00552420,0.99447580,5.98432875
3000,0.69832987,0.69832987,0,0.00000000,0.00000000,0.00000000,0.00000000,nan,0.00000000,0,6999,0,0.31472602,0.02576083,1.16993177,1.19930482,0.67058897,6.71690464,0.81662112,0.11117834,0.88882166,12.68931007
3100,0.44588354,0.44588354,0,0.00000000,0.00000000,0.00000000,0.00000000,nan,0.00000000,0,6899,0,0.37723154,0.05377888,3.42136025,3.62150478,0.01890194,4.82809544,1.17749298,-0.12905169,1.12905169,11.09422183
3200,0.48036587,0.48036587,0,0.00000000,0.00000000,0.00000000,0.00000000,nan,0.00000000,0,6799,0,0.31198719,0.02462479,0.99546558,1.02063596,0.56757021,4.49552679,0.97552913,0.08345633,0.91654367,8.01758170
3300,0.44244203,0.44244203,0,0.00000000,0.00000000,0.00000000,0.00000000,nan,0.00000000,0,6699,0,0.22787118,0.02218839,0.64626539,0.68292660,0.02302560,3.18937826,0.61577427,0.03754534,0.96245466,6.76397053
3400,0.60453385,0.60453385,0,0.00000000,0.00000000,0.00000000,0.00000000,nan,0.00000000,0,6599,0,0.15936799,0.03169309,1.16601050,1.23040879,0.07123930,2.21298695,1.07968760,-0.04546579,1.04546579,8.57067776
3500,0.13450590,0.13450590,0,0.00000000,0.00000000,0.00000000,0.00000000,nan,0.00000000,0,6499,0,0.15423955,0.02620370,0.26895714,0.28454825,0.00390794,2.06014752,0.71930367,-0.02596720,1.02596720,1.04513872
3600,0.72833723,0.72833723,0,0.00000000,0.00000000,0.00000000,0.00000000,nan,0.00000000,0,6399,0,0.15107320,0.01816601,0.84193677,0.88566804,0.09850354,1.98935103,0.48969454,0.06079712,0.93920288,5.42414606
3700,0.49491835,0.49491835,0,0.00000000,0.00000000,0.00000000,0.00000000,nan,0.00000000,0,6299,0,0.22601904,0.03046637,0.88973594,0.93892103,0.05358879,3.39236164,0.92263824,0.03161927,0.96838073,6.76374118
3800,0.36922729,0.36922729,0,0.00000000,0.00000000,0.00000000,0.00000000,nan,0.00000000,0,6199,0,0.18465935,0.01887006,0.67939365,0.71424687,0.08688886,2.84176135,0.71170074,0.04317322,0.95682678,4.07535903
3900,0.25247437,0.25247437,0,0.00000000,0.00000000,0.00000000,0.00000000,nan,0.00000000,0,6099,0,0.18047865,0.03181417,0.27355042,0.28680357,0.04824652,3.19258976,1.22454512,0.01137313,0.98862687,3.52949683
4000,0.88140684,0.88140684,0,0.00000000,0.00000000,0.00000000,0.00000000,nan,0.00000000,0,5999,0,0.35896945,0.03764259,0.91820472,0.92023164,0.88374758,6.74238205,1.10080492,0.00574952,0.99425048,12.08187294
4100,0.35515717,0.35515717,0,0.00000000,0.00000000,0.00000000,0.00000000,nan,0.00000000,0,5899,0,0.36621255,0.03854167,0.83129227,0.88013268,0.00100576,4.84790421,0.69292283,-0.08563983,1.08563983,9.58486843
4200,1.27463782,1.27463782,0,0.00000000,0.00000000,0.00000000,0.00000000,nan,0.00000000,0,5799,0,0.30931678,0.05129556,1.63611054,1.72277963,0.16273460,3.07523823,1.00556886,-0.05106893,1.05106893,17.68995953
4300,0.48278338,0.48278338,0,0.00000000,0.00000000,0.00000000,0.00000000,nan,0.00000000,0,5699,0,0.25612387,0.02579003,0.14884408,0.14733598,0.17448157,2.93492842,1.15448165,-0.00101553,1.00101553,6.36535616
4400,0.24217932,0.24217932,0,0.00000000,0.00000000,0.00000000,0.00000000,nan,0.00000000,0,5599,0,0.21964134,0.02705229,0.26149118,0.27638462,0.00830299,2.66512346,0.58208096,0.00839867,0.99160133,2.66264999
4500,0.46813399,0.46813399,0,0.00000000,0.00000000,0.00000000,0.00000000,nan,0.00000000,0,5499,0,0.17888242,0.02036684,0.76381111,0.79770410,0.18763059,2.27926588,0.47522366,-0.02330543,1.02330543,2.96754424
4600,0.47201225,0.47201225,0,0.00000000,0.00000000,0.00000000,0.00000000,nan,0.00000000,0,5399,0,0.18431267,0.02688546,0.50753933,0.52871275,0.14759131,2.87311053,0.74983966,-0.04403197,1.04403197,5.26032654
4700,0.15676734,0.15676734,0,0.00000000,0.00000000,0.00000000,0.00000000,nan,0.00000000,0,5299,0,0.23372012,0.01932214,0.31845936,0.33472675,0.04191331,3.50982285,0.51909310,0.03003837,0.96996163,2.25451481
4800,0.42207298,0.42207298,0,0.00000000,0.00000000,0.00000000,0.00000000,nan,0.00000000,0,5199,0,0.17412119,0.01420881,0.46539128,0.49128374,0.02521841,2.45689702,0.45545018,0.04895314,0.95104686,5.12678623
4900,0.41240665,0.41240665,0,0.00000000,0.00000000,0.00000000,0.00000000,nan,0.00000000,0,5099,0,0.16502371,0.02628968,0.31255925,0.33006307,0.01499502,2.11863494,0.54927528,-0.04024221,1.04024221,3.17262440
5000,0.76578498,0.76578498,0,0.00000000,0.00000000,0.00000000,0.00000000,nan,0.00000000,0,4999,0,0.37838382,0.02406685,1.92091286,1.99965084,0.58236766,6.61183643,0.79651558,0.09536124,0.90463876,14.08651511
5100,0.14342648,0.14342648,0,0.00000000,0.00000000,0.00000000,0.00000000,nan,0.00000000,0,4899,0,0.34403729,0.02317965,0.20158684,0.20718801,0.10636692,4.38525581,0.96963000,-0.03207923,1.03207923,5.44129908
5200,0.98071128,0.98071128,0,0.00000000,0.00000000,0.00000000,0.00000000,nan,0.00000000,0,4799,0,0.50753236,0.04313756,5.30646420,5.57051086,0.81767392,4.88695288,0.71696723,-0.03323417,1.03323417,16.59295902
5300,0.64134151,0.64134151,0,0.00000000,0.00000000,0.00000000,0.00000000,nan,0.00000000,0,4699,0,0.48778841,0.03179717,1.01033497,1.02706802,0.72587544,5.05566168,1.08898306,0.00665502,0.99334498,12.22242451
5400,0.52093601,0.52093601,0,0.00000000,0.00000000,0.00000000,0.00000000,nan,0.00000000,0,4599,0,0.34601071,0.01983040,1.37083888,1.44772923,0.06370293,2.71340942,0.50085068,0.00233387,0.99766613,7.29716027
5500,0.26848722,0.26848722,0,0.00000000,0.00000000,0.00000000,0.00000000,nan,0.00000000,0,4499,0,0.22151759,0.02211460,0.27828109,0.29280397,0.03139267,2.48074174,0.66649556,0.03693614,0.96306386,2.44362702
5600,0.19548836,0.19548836,0,0.00000000,0.00000000,0.00000000,0.00000000,nan,0.00000000,0,4399,0,0.24873005,0.01942902,0.20879711,0.22092380,0.00264339,3.12263203,0.89238954,0.02058843,0.97941157,2.80336220
5700,0.42041573,0.42041573,0,0.00000000,0.00000000,0.00000000,0.00000000,nan,0.00000000,0,4299,0,0.18936890,0.01896205,0.44936547,0.47543883,0.00611791,2.84143972,0.77862591,-0.02846582,1.02846582,4.12216806
5800,0.12103751,0.12103751,0,0.00000000,0.00000000,0.00000000,0.00000000,nan,0.00000000,0,4199,0,0.15861218,0.02477523,0.17423028,0.18384260,0.01082085,1.98040140,0.61276942,-0.00319939,1.00319939,-0.06816194
5900,0.14080997,0.14080997,0,0.00000000,0.00000000,0.00000000,0.00000000,nan,0.00000000,0,4099,0,0.16574833,0.01861224,0.28387251,0.29886189,0.02905295,2.42104912,0.71554387,0.04134665,0.95865335,-1.47939006
6000,0.65768391,0.65768391,0,0.00000000,0.00000000,0.00000000,0.00000000,nan,0.00000000,0,3999,0,0.35561740,0.02042456,0.96153218,0.99969357,0.31278837,5.59363127,0.54321045,0.13672087,0.86327913,nan
6100,0.96857250,0.96857250,0,0.00000000,0.00000000,0.00000000,0.00000000,nan,0.00000000,0,3899,0,0.31773168,0.02187781,2.20460081,2.31670499,0.29883012,3.11173940,0.90294099,-0.00162221,1.00162221,12.71789551
6200,0.30018151,0.30018151,0,0.00000000,0.00000000,0.00000000,0.00000000,nan,0.00000000,0,3799,0,0.41297540,0.03200034,0.33097050,0.33285904,0.29886526,4.24434757,0.58426321,-0.06382190,1.06382190,8.34470940
6300,0.14476690,0.14476690,0,0.00000000,0.00000000,0.00000000,0.00000000,nan,0.00000000,0,3699,0,0.19320415,0.01516372,0.22558559,0.23723726,0.02750756,2.29297304,0.60630119,0.03031538,0.96968462,0.04532905
6400,0.39057964,0.39057964,0,0.00000000,0.00000000,0.00000000,0.00000000,nan,0.00000000,0,3599,0,0.20216712,0.03797437,0.83055967,0.87860477,0.01379279,1.98434579,0.66825652,0.06262152,0.93737848,4.17193023
6500,0.42578432,0.42578432,0,0.00000000,0.00000000,0.00000000,0.00000000,nan,0.00000000,0,3499,0,0.16937640,0.02843161,0.71947014,0.75974256,0.03483844,1.68401539,0.49347591,0.00938539,0.99061461,5.62938019
6600,0.46820879,0.46820879,0,0.00000000,0.00000000,0.00000000,0.00000000,nan,0.00000000,0,3399,0,0.22159889,0.02349344,0.61177784,0.64727849,0.00826688,3.15236211,0.59546852,-0.00573502,1.00573502,4.93405807
6700,0.23090649,0.23090649,0,0.00000000,0.00000000,0.00000000,0.00000000,nan,0.00000000,0,3299,0,0.21265014,0.02886622,0.20522822,0.21423425,0.05212574,2.99454069,0.87451762,-0.03680706,1.03680706,2.50924734
6800,0.47432905,0.47432905,0,0.00000000,0.00000000,0.00000000,0.00000000,nan,0.00000000,0,3199,0,0.20063204,0.02618977,0.53937888,0.56783116,0.05568992,2.49199390,0.67021072,-0.00603289,1.00603289,5.97246544
6900,0.41944700,0.41944700,0,0.00000000,0.00000000,0.00000000,0.00000000,nan,0.00000000,0,3099,0,0.11011834,0.02219702,0.14309601,0.14711618,0.07475323,1.37928081,0.72430736,0.01307344,0.98692656,0.28924000
7000,0.21474451,0.21474451,0,0.00000000,0.00000000,0.00000000,0.00000000,nan,0.00000000,0,2999,0,0.39076573,0.01642374,0.49951607,0.51701552,0.20202492,6.14525080,0.34643051,-0.08970746,1.08970746,7.55557728
7100,0.46901411,0.46901411,0,0.00000000,0.00000000,0.00000000,0.00000000,nan,0.00000000,0,2899,0,0.39028072,0.01999156,0.33777964,0.31885549,0.65949023,4.39795494,0.62907517,0.05699569,0.94300431,8.48360002
7200,0.36029509,0.36029509,0,0.00000000,0.00000000,0.00000000,0.00000000,nan,0.00000000,0,2799,0,0.34263244,0.01966237,0.65537685,0.68926573,0.07926452,3.35423064,0.63651305,-0.04124961,1.04124961,6.73765588
7300,0.37478161,0.37478161,0,0.00000000,0.00000000,0.00000000,0.00000000,nan,0.00000000,0,2699,0,0.25888667,0.02175409,0.65544480,0.69335085,0.01104168,3.07436967,0.85030472,-0.01936556,1.01936556,4.35330358
7400,0.68352139,0.68352139,0,0.00000000,0.00000000,0.00000000,0.00000000,nan,0.00000000,0,2599,0,0.16807738,0.01520020,0.57180530,0.60509467,0.00588680,1.99781501,0.63221365,-0.02558766,1.02558766,3.74963498
7500,0.15983680,0.15983680,0,0.00000000,0.00000000,0.00000000,0.00000000,nan,0.00000000,0,2499,0,0.15470725,0.01619523,0.17576562,0.18409418,0.03418022,2.09001088,0.50501698,0.04363039,0.95636961,-0.94270341
7600,0.39309627,0.39309627,0,0.00000000,0.00000000,0.00000000,0.00000000,nan,0.00000000,0,2399,0,0.16482183,0.02310660,0.58658737,0.62042689,0.01131510,1.93805230,0.75270981,0.02333427,0.97666573,2.18850203
7700,0.33658192,0.33658192,0,0.00000000,0.00000000,0.00000000,0.00000000,nan,0.00000000,0,2299,0,0.13350849,0.01235131,0.34470257,0.36437857,0.01021078,1.64244366,0.40507495,-0.03839002,1.03839002,-1.29810822
7800,0.08756959,0.08756959,0,0.00000000,0.00000000,0.00000000,0.00000000,nan,0.00000000,0,2199,0,0.13943896,0.02631958,0.11000337,0.11635416,0.00203999,2.13124704,0.85085547,-0.04306534,1.04306534,-1.36471374
7900,0.42445001,0.42445001,0,0.00000000,0.00000000,0.00000000,0.00000000,nan,0.00000000,0,2099,0,0.13092081,0.02108592,0.14194883,0.14295614,0.12482487,2.10436034,0.63818318,0.01928690,0.98071310,0.69121021
8000,0.11434601,0.11434601,0,0.00000000,0.00000000,0.00000000,0.00000000,nan,0.00000000,0,1999,0,0.29705629,0.02182650,0.64220351,0.67764735,0.03965712,4.27303648,0.54985410,0.00641161,0.99358839,4.44213843
8100,0.71519184,0.71519184,0,0.00000000,0.00000000,0.00000000,0.00000000,nan,0.00000000,0,1899,0,0.19542797,0.02686209,1.13103688,1.19513607,0.04135095,2.35854816,0.78679627,-0.00450893,1.00450893,7.37284279
8200,0.56881833,0.56881833,0,0.00000000,0.00000000,0.00000000,0.00000000,nan,0.00000000,0,1799,0,0.17860714,0.00847162,0.49056530,0.51909441,0.00557076,1.98879600,0.22714104,-0.06608390,1.06608390,2.84997129
8300,0.35459885,0.35459885,0,0.00000000,0.00000000,0.00000000,0.00000000,nan,0.00000000,0,1699,0,0.11734528,0.02107544,0.60196549,0.63591105,0.02489028,1.67472601,0.67344856,-0.06235081,1.06235081,0.67351428
8400,0.21361049,0.21361049,0,0.00000000,0.00000000,0.00000000,0.00000000,nan,0.00000000,0,1599,0,0.10505280,0.01292925,0.10008577,0.10159037,0.07450759,1.39412475,0.44040874,0.01154826,0.98845174,-4.60082984
8500,0.24463280,0.24463280,0,0.00000000,0.00000000,0.00000000,0.00000000,nan,0.00000000,0,1499,0,0.07051279,0.01247908,0.05669620,0.05766308,0.04025936,1.11373973,0.59949058,0.04173470,0.95826530,-5.95629867
8600,0.22784632,0.22784632,0,0.00000000,0.00000000,0.00000000,0.00000000,nan,0.00000000,0,1399,0,0.09105738,0.00840232,0.47566631,0.50242358,0.02079325,1.26991761,0.22900902,-0.03362466,1.03362466,-5.14032960
8700,0.07273605,0.07273605,0,0.00000000,0.00000000,0.00000000,0.00000000,nan,0.00000000,0,1299,0,0.11483806,0.00815591,0.15985863,0.16926205,0.00000041,1.59833288,0.22008310,-0.06200407,1.06200407,-5.22726591
8800,0.27777797,0.27777797,0,0.00000000,0.00000000,0.00000000,0.00000000,nan,0.00000000,0,1199,0,0.09689197,0.00954912,0.27652359,0.29245028,0.00576970,1.42420697,0.33844408,-0.05496069,1.05496069,-3.19282222
8900,0.67109054,0.67109054,0,0.00000000,0.00000000,0.00000000,0.00000000,nan,0.00000000,0,1099,0,0.13996945,0.02678848,0.43403041,0.45927975,0.00479186,1.87547934,0.86131501,0.09090075,0.90909925,3.11063683
9000,0.24066049,0.24066049,0,0.00000000,0.00000000,0.00000000,0.00000000,nan,0.00000000,0,999,0,0.35798562,0.01973876,0.93532425,0.97946393,0.18494989,5.48791838,0.53843701,0.08785848,0.91214152,7.66730964
9100,0.20511964,0.20511964,0,0.00000000,0.00000000,0.00000000,0.00000000,nan,0.00000000,0,899,0,0.31945547,0.02558160,0.32333407,0.33971372,0.04488039,3.76221204,0.55445695,0.04131655,0.95868345,5.13179111
9200,0.17090914,0.17090914,0,0.00000000,0.00000000,0.00000000,0.00000000,nan,0.00000000,0,799,0,0.19264561,0.01714292,0.47292668,0.50019735,0.00932503,2.17749190,0.55149472,0.12357287,0.87642713,1.22100326
9300,0.34204352,0.34204352,0,0.00000000,0.00000000,0.00000000,0.00000000,nan,0.00000000,0,699,0,0.15054207,0.01718564,0.22010244,0.22122151,0.20107819,1.74198723,0.39773026,0.01947292,0.98052708,0.27660197
9400,0.12517208,0.12517208,0,0.00000000,0.00000000,0.00000000,0.00000000,nan,0.00000000,0,599,0,0.10966003,0.01421123,0.13028522,0.13706727,0.01499006,1.26724374,0.39783752,-0.04530283,1.04530283,-5.22654653
9500,0.78582573,0.78582573,0,0.00000000,0.00000000,0.00000000,0.00000000,nan,0.00000000,0,499,0,0.07829155,0.01786484,0.49861580,0.52747434,0.00801969,0.84798139,0.41299331,0.02301563,0.97698437,5.28858113
9600,0.18165915,0.18165915,0,0.00000000,0.00000000,0.00000000,0.00000000,nan,0.00000000,0,399,0,0.08707625,0.01569479,0.24569307,0.26014525,0.00000643,1.03889978,0.37295640,0.04007277,0.95992723,-4.31384659
9700,0.63272315,0.63272315,0,0.00000000,0.00000000,0.00000000,0.00000000,nan,0.00000000,0,299,0,0.09958482,0.00844053,1.50447631,1.59228253,0.01177056,1.21084964,0.17377819,0.02911035,0.97088965,0.70860100
9800,0.27365562,0.27365562,0,0.00000000,0.00000000,0.00000000,0.00000000,nan,0.00000000,0,199,0,0.10636270,0.01632328,0.15294825,0.15936218,0.04391130,1.45224321,0.58868474,-0.01288855,1.01288855,-4.55153990
9900,0.24988352,0.24988352,0,0.00000000,0.00000000,0.00000000,0.00000000,nan,0.00000000,0,99,0,0.11940544,0.00848568,0.12040576,0.12399166,0.05944526,1.46972895,0.18074706,0.00580711,0.99419289,-5.76893616
10000,0.51371783,0.51371783,0,0.00000000,0.00000000,0.00000000,0.00000000,nan,0.00000000,0,0,0,0.33290327,0.01498632,0.35649359,0.35685378,0.35037002,4.79033375,0.35332096,0.05183334,0.94816666,9.28238940
10100,1.85343218,1.85343218,0,0.12000000,0.00000000,0.00000000,0.00000000,nan,0.00000000,0,0,0,0.13462204,0.02402583,2.67131400,2.82808733,0.00616621,1.40264297,0.69017768,-0.00928439,1.00928439,21.26257782
10200,0.90864426,0.90864426,1,0.35500000,2.81690133,0.99999816,0.90863756,nan,0.00000000,0,0,0,0.15702377,0.01101028,0.29380843,0.29542899,0.26625898,1.30886650,0.15440501,0.04979698,0.95020302,3.82790112
10300,0.14715420,0.14715420,1,0.73333333,1.36363635,0.41076227,0.00418924,nan,0.00000000,0,0,0,0.15661174,0.01174780,0.13116159,0.13872504,0.00258286,1.60869157,0.27153859,0.00031506,0.99968494,-3.73339796
10400,1.83337212,1.83337212,2,1.15500000,1.73160172,0.88245856,1.11180313,nan,0.00000000,0,0,0,0.18593891,0.01591299,0.84436136,0.87780797,0.27576956,1.63331711,0.48328176,-0.03489471,1.03489471,16.56792688
10500,0.31059712,0.31059712,3,1.52400000,1.96850392,0.97652923,0.28244794,nan,0.00000000,0,0,0,0.11933658,0.01337802,0.29521054,0.31030095,0.03867395,1.74251449,0.55309242,-0.01089213,1.01089213,-1.76463318
10600,1.69114792,1.69114792,1,1.88333333,0.53097345,0.00000000,0.00000000,nan,0.00000000,0,0,0,0.08681801,0.02568185,0.86577970,0.91418451,0.04289763,1.24062490,0.81156999,-0.03095525,1.03095525,30.20717049
10700,0.05887547,0.05887547,10,2.23571429,4.47284343,1.00000000,0.05887547,nan,0.00000000,0,0,0,0.14681926,0.00655765,0.11341204,0.11998814,0.00161836,2.38494277,0.30565110,0.06897126,0.93102874,-2.12315446
10800,0.20680965,0.20680965,3,2.63375000,1.13906027,0.07443511,0.00000635,nan,0.00000000,0,0,0,0.09360232,0.01125326,0.29668805,0.31412694,0.00022769,1.03461647,0.21165061,0.07229422,0.92770578,-3.77221139
10900,0.34247363,0.34247363,2,2.98111111,0.67089079,0.00000000,0.00000000,nan,0.00000000,0,0,0,0.16514856,0.01490231,0.28376234,0.29741862,0.05160539,1.90572143,0.27729380,-0.02569531,1.02569531,0.73286891
11000,0.50299871,0.50299871,10,3.49700000,2.85959393,0.99999902,0.50299673,nan,0.00000000,0,0,0,0.43749130,0.01873509,1.94346428,2.03238106,0.43187469,4.96490097,0.59775835,-0.08724498,1.08724498,10.89870358
11100,0.70085835,0.70085835,3,3.73818182,0.80252918,0.00000000,0.00000000,nan,0.00000000,0,0,0,0.12027553,0.02759860,0.14522997,0.13635272,0.29614320,1.33751905,0.66924465,-0.01403330,1.01403330,4.34333316
11200,0.10619681,0.10619681,11,4.04916667,2.71660835,0.99999240,0.10619358,nan,0.00000000,0,0,0,0.11914423,0.00922893,0.07904239,0.08368204,0.00016829,1.64237535,0.28449178,0.01330325,0.98669675,-3.45530780
11300,0.41002184,0.41002184,9,4.36923077,2.05985915,0.98881527,0.39198337,nan,0.00000000,0,0,0,0.13242030,0.01694712,0.25543892,0.27010381,0.00613606,1.64216089,0.62169987,0.05612091,0.94387909,-1.28806305
11400,0.14852647,0.14852647,14,4.73071429,2.95938396,0.99999979,0.14852635,nan,0.00000000,0,0,0,0.15913637,0.01102092,0.23065774,0.24417877,0.00080004,2.27265120,0.24526528,0.00425435,0.99574565,-0.45479107
11500,0.41773987,0.41773987,17,5.04200000,3.37167790,1.00000000,0.41773987,nan,0.00000000,0,0,0,0.24196117,0.02848220,0.47926515,0.50707066,0.00657181,3.38003588,1.23718953,0.00762567,0.99237433,5.51768601
11600,0.45412078,0.45412078,0,5.29812500,0.00000000,0.00000000,0.00000000,nan,0.00000000,0,0,0,0.20679893,0.02084786,0.44024676,0.46416712,0.03360134,2.36900449,0.69374740,0.03703317,0.96296683,3.67625022
11700,0.15056901,0.15056901,24,5.63764706,4.25709515,1.00000000,0.15056901,nan,0.00000000,0,0,0,0.15010399,0.00826716,0.20948130,0.22087821,0.01573358,2.24961376,0.19434513,0.09341734,0.90658266,-1.59881806
11800,0.23031405,0.23031405,20,6.00888889,3.32840236,1.00000000,0.23031405,nan,0.00000000,0,0,0,0.12925586,0.01555333,0.17910488,0.18401903,0.09556431,1.49499059,0.31196859,0.02660666,0.97339334,-2.26279672
11900,0.11102413,0.11102413,2,6.39052632,0.31296327,0.00000000,0.00000000,nan,0.00000000,0,0,0,0.13855423,0.01778773,0.15655565,0.16555271,0.00360557,1.80691385,0.65718675,-0.03116812,1.03116812,-1.65259658
12000,0.14848921,0.14848921,23,6.86450000,3.35057178,1.00000000,0.14848921,nan,0.00000000,0,0,0,0.45356697,0.01620281,0.25314501,0.26757079,0.00790653,6.06413507,0.38882336,0.05699829,0.94300171,8.09594679
12100,0.85599273,0.85599273,0,6.88285714,0.00000000,0.00000000,0.00000000,nan,0.00000000,0,0,0,0.27709281,0.02590761,0.99452728,1.03244483,0.34993061,2.18638110,0.66825074,-0.04076147,1.04076147,9.50476128
12200,1.31956136,1.31956136,23,7.10909091,3.23529411,1.00000000,1.31956135,nan,0.00000000,0,0,0,0.17120148,0.01246438,2.20638704,2.33615446,0.00033808,1.27059197,0.21540713,-0.15459024,1.15459024,9.72858572
12300,0.37156191,0.37156191,12,7.50913043,1.59805454,0.76085302,0.12451861,nan,0.00000000,0,0,0,0.08351892,0.01062810,0.29284638,0.30814788,0.03272066,1.13660026,0.53579056,-0.01936911,1.01936911,-3.62322450
12400,0.32406160,0.32406160,8,7.87375000,1.01603429,0.00102787,0.00000000,nan,0.00000000,0,0,0,0.11967885,0.01086219,0.42283610,0.44270822,0.08501011,1.45845139,0.20987082,0.03361335,0.96638665,-1.60872312
12500,0.64435846,0.64435846,12,8.32960000,1.44064541,0.54006656,0.05481718,nan,0.00000000,0,0,0,0.14229852,0.02045916,0.25822675,0.27333349,0.00141237,1.61540854,0.60953289,0.02595055,0.97404945,4.42813110
12600,0.24723656,0.24723656,21,8.72692308,2.40634641,0.99963340,0.24687422,nan,0.00000000,0,0,0,0.17824258,0.01667852,0.10677384,0.11304184,0.00021787,1.94048095,0.53286046,-0.00286387,1.00286387,0.23981017
12700,0.13458785,0.13458785,16,9.15814815,1.74707809,0.89274034,0.08548827,nan,0.00000000,0,0,0,0.11148129,0.01239659,0.09894773,0.10243187,0.03971716,1.73330176,0.41016987,0.02846619,0.97153381,-5.28214836
12800,0.17100997,0.17100997,17,9.63357143,1.76466227,0.90355993,0.11398542,nan,0.00000000,0,0,0,0.10195744,0.00959059,0.27307552,0.28912336,0.00026243,1.76053596,0.45295250,0.00795396,0.99204604,-4.34094238
12900,1.06229675,1.06229675,21,10.07793103,2.08376103,0.99088790,1.02410373,nan,0.00000000,0,0,0,0.10484589,0.01105141,0.43914601,0.46488556,0.00157394,1.04667759,0.21175748,-0.03237328,1.03237328,3.81437361
13000,0.13416371,0.13416371,28,10.50100000,2.66641272,0.99998500,0.13415566,nan,0.50000000,0,0,0,0.51816499,0.01919940,0.40769210,0.42328733,0.14257291,6.60503340,0.56536150,0.14331687,0.85668313,8.75993204
13100,0.40148628,0.40148628,24,10.69774194,2.24346410,0.99793951,0.39818746,nan,0.50000000,0,0,0,0.30913243,0.01297371,0.32113239,0.33298561,0.11962797,3.05547738,0.24557267,-0.02426506,1.02426506,6.42573214
13200,0.47297329,0.47297329,17,10.84562500,1.56745231,0.72418047,0.13008399,nan,0.50000000,0,0,0,0.42276734,0.01983664,0.46428686,0.47371095,0.30407715,3.07006073,0.37471312,0.01354540,0.98645460,8.17681694
13300,0.18996760,0.18996760,11,11.23333333,0.97922849,0.00000000,0.00000000,nan,0.34772819,0,0,0,0.17065869,0.01452714,0.31623018,0.33475208,0.00135739,2.67051864,0.31597388,-0.01339132,1.01339132,0.65035415
13400,0.14418063,0.14418063,22,11.62441176,1.89256888,0.95869273,0.12179365,nan,0.00000000,0,0,0,0.17382172,0.01805921,0.17610399,0.18592896,0.00907947,2.13095355,0.37927389,-0.00906386,1.00906386,-0.85803378
13500,1.28882110,1.28882110,13,11.94485714,1.08833449,0.03072986,0.00000115,nan,0.00000000,0,0,0,0.11541246,0.02227444,2.70855999,2.86084843,0.11965477,1.41436636,0.51029468,-0.01787959,1.01787959,nan
13600,0.72463083,0.72463083,9,12.25444444,0.73442742,0.00000000,0.00000000,nan,0.00000000,0,0,0,0.14883211,0.01664304,0.20155805,0.20417371,0.15709154,1.57445478,0.45687830,-0.06495522,1.06495522,4.76486206
13700,0.10595556,0.10595556,14,12.60486486,1.11068228,0.04782103,0.00000055,nan,0.00000000,0,0,0,0.12602891,0.01531745,0.07188574,0.07544166,0.01143524,1.69348669,0.43776986,0.00273190,0.99726810,-4.28349334
13800,0.30873004,0.30873004,8,12.98026316,0.61632032,0.00000000,0.00000000,nan,0.00000000,0,0,0,0.11464736,0.01865217,0.29394940,0.31052658,0.01213734,1.41440248,0.52500951,-0.05689249,1.05689249,-1.17686113
13900,1.26058865,1.26058865,32,13.38102564,2.39144598,0.99956688,1.25840610,nan,0.00000000,0,0,0,0.12372938,0.02427065,0.57488108,0.60451537,0.07109843,1.20195794,0.46807629,-0.01244313,1.01244313,8.84693623
14000,0.25556263,0.25556263,44,13.63525000,3.22693020,1.00000000,0.25556263,nan,0.50000000,0,0,0,0.52620161,0.01614864,0.78569472,0.81266505,0.32719877,6.50729609,0.72774220,-0.03759158,1.03759158,9.96083355
14100,0.52905262,0.52905262,24,13.87585366,1.72962331,0.88109147,0.31884738,nan,1.00000000,0,0,0,0.50165409,0.02151806,0.80260974,0.84934974,0.00802972,4.65269852,0.63838273,0.03357693,0.96642307,10.59514809
14200,0.32302922,0.32302922,12,14.04238095,0.85455594,0.00000000,0.00000000,nan,1.00000000,0,0,0,0.56006318,0.02769024,0.67895663,0.67598534,0.72946829,3.95749784,0.67761093,0.04173926,0.95826074,8.96548748
14300,0.35408485,0.35408485,26,14.14209302,1.83848317,0.93992828,0.27636702,nan,1.00000000,0,0,0,0.39159250,0.01321128,0.86198449,0.90902835,0.06223937,3.33750629,0.27230024,-0.03429897,1.03429897,6.30500555
14400,0.18820880,0.18820880,21,14.20954545,1.47787979,0.59887266,0.02420906,nan,1.00000000,0,0,0,0.14414506,0.00985522,0.23046772,0.24075496,0.05558456,1.67831028,0.23857564,-0.01140636,1.01140636,-3.62175643
14500,0.67335457,0.67335457,8,14.37822222,0.55639702,0.00000000,0.00000000,nan,1.00000000,0,0,0,0.14438684,0.01582675,0.59246850,0.62389559,0.05820829,1.38932323,0.25987905,0.01971826,0.98028174,2.30661604
14600,0.41246551,0.41246551,1,14.56391304,0.06866287,0.00000000,0.00000000,nan,1.00000000,0,0,0,0.13835408,0.04002983,0.69894707,0.74002123,0.00068664,2.55014062,1.82359064,-0.08642577,1.08642577,14.08191772
14700,0.10940298,0.10940298,11,14.73106383,0.74672136,0.00000000,0.00000000,nan,0.67946216,0,0,0,0.16121399,0.01872500,0.11849044,0.12394242,0.02580695,1.64243233,0.55667806,0.03479030,0.96520970,-3.56590668
14800,0.10968225,0.10968225,45,15.05104167,2.98982628,0.99999987,0.10968220,nan,0.00000000,0,0,0,0.11955224,0.01927703,0.13853009,0.14659098,0.00149518,1.66449308,0.43643820,0.00826880,0.99173120,-3.84051800
14900,0.68726373,0.68726373,41,15.51040816,2.64338627,0.99997966,0.68720781,nan,0.00000000,0,0,0,0.10585968,0.01689687,0.63929582,0.67064083,0.10642929,1.08925331,0.37883267,0.02912154,0.97087846,3.89877808
15000,0.19926101,0.19926101,42,15.89980000,2.64154266,0.99997916,0.19924440,nan,0.00000000,0,0,0,0.48879009,0.01690649,0.55335057,0.58414727,0.02980662,5.32544518,0.50527018,-0.01918138,1.01918138,8.09610958
15100,2.99319148,2.99319148,6,16.05019608,0.37382721,0.00000000,0.00000000,nan,0.00000000,0,0,0,0.39709553,0.06060577,5.22345638,5.52328730,0.12633185,3.39310360,2.22511959,-0.00524036,1.00524036,74.54572296
15200,0.34633023,0.34633023,51,16.47711538,3.09520197,0.99999998,0.34633019,nan,0.00000000,0,0,0,0.13005644,0.00625462,1.15450788,1.22146177,0.01629030,1.95532250,0.24295463,-0.12070556,1.12070556,-2.01558761
15300,0.17412788,0.17412788,17,16.86849057,1.00779616,0.00024309,0.00000000,nan,0.00000000,0,0,0,0.10261394,0.02235279,0.27089909,0.28633863,0.00842674,1.40799832,0.61888283,0.03391870,0.96608130,-0.61159152
15400,0.79167610,0.79167610,53,17.33759259,3.05694113,0.99999996,0.79167596,nan,0.00000000,0,0,0,0.10510691,0.01961862,0.54091597,0.56897539,0.06390603,0.98575997,0.30971861,-0.00876455,1.00876455,6.40963173
15500,0.29566580,0.29566580,22,17.71036364,1.24221052,0.20916327,0.00056590,nan,0.00000000,0,0,0,0.12893623,0.00939134,0.23616208,0.24905328,0.01701157,1.35067320,0.16004679,-0.11802559,1.11802559,-3.71119809
15600,0.08899413,0.08899413,34,18.16714286,1.87151058,0.95207523,0.07312172,nan,0.00000000,0,0,0,0.12745994,0.01031326,0.09939543,0.10454861,0.01179129,1.41040504,0.22428247,0.03860510,0.96139490,-5.55653214
15700,0.61374289,0.61374289,9,18.53964912,0.48544608,0.00000000,0.00000000,nan,0.00000000,0,0,0,0.11576807,0.01219294,0.28533959,0.29188439,0.17407815,1.45023954,0.39445484,-0.00885305,1.00885305,0.28907314
15800,0.69283593,0.69283593,42,18.77827586,2.23662706,0.99779491,0.68674504,nan,0.50000000,0,0,0,0.19953585,0.01543646,0.91548741,0.96633857,0.05101750,1.57977509,0.39873907,-0.01998601,1.01998601,3.74527891
15900,0.53444034,0.53444034,9,18.96644068,0.47452235,0.00000000,0.00000000,nan,0.50000000,0,0,0,0.19093186,0.01511611,0.50886893,0.53799051,0.01380311,1.70503187,0.39477566,0.02582587,0.97417413,2.07552210
16000,0.58072823,0.58072823,51,19.25633333,2.64847929,0.99998098,0.58068405,nan,1.00000000,0,0,0,0.50306088,0.01764334,1.03226507,1.08898520,0.06802323,4.30519724,0.44218126,-0.01660753,1.01660753,11.13588587
16100,0.08044311,0.08044311,75,19.32655738,3.88067044,1.00000000,0.08044311,nan,1.00000000,0,0,0,0.54158384,0.02263845,0.38377321,0.40628335,0.00110019,4.53077221,0.69851017,-0.04965048,1.04965048,7.15385509
16200,0.16121642,0.16121642,64,19.44935484,3.29059758,1.00000000,0.16121642,nan,1.00000000,0,0,0,0.15656523,0.00764730,0.10930965,0.11566070,0.00134182,1.62856925,0.21121897,-0.01098512,1.01098512,-3.70106554
16300,0.61713839,0.61713839,33,19.76968254,1.66922255,0.83327930,0.29753971,nan,0.00000000,0,0,0,0.16224225,0.01411747,0.25649071,0.27154726,0.00052978,0.93849969,0.20007271,-0.06533376,1.06533376,-1.25322334
16400,0.21380340,0.21380340,28,20.04906250,1.39657403,0.46692004,0.01016213,nan,0.50000000,0,0,0,0.11245426,0.01430884,0.12661009,0.13393176,0.00214151,1.08152854,0.41843092,-0.03578802,1.03578802,-4.93525004
16500,0.52317882,0.52317882,61,20.47861538,2.97871701,0.99999984,0.52317849,nan,0.00000000,0,0,0,0.08690969,0.01696975,0.25713089,0.27166599,0.01003389,0.98048186,0.45773146,-0.00165124,1.00165124,3.64595032
16600,0.30402276,0.30402276,8,20.72181818,0.38606651,0.00000000,0.00000000,nan,0.00000000,0,0,0,0.11281100,0.00912652,0.04968075,0.05225112,0.00598449,0.89281917,0.15265730,-0.02992888,1.02992888,-6.64602009
16700,1.71589756,1.71589756,2,21.17611940,0.09444601,0.00000000,0.00000000,nan,0.00000000,0,0,0,0.12729715,0.01837801,6.87043190,7.27299547,0.02685818,1.56138551,0.43913662,-0.02464685,1.02464685,24.86548519
16800,1.32735789,1.32735789,22,21.39264706,1.02839073,0.00321894,0.00000000,nan,0.00000000,0,0,0,0.12733048,0.02086741,0.96156406,1.01736212,0.01299736,1.34301877,0.42368519,0.07718303,0.92281697,9.81367874
16900,0.51339614,0.51339614,14,21.68434783,0.64562698,0.00000000,0.00000000,nan,0.00000000,0,0,0,0.15733680,0.01828037,0.14491688,0.15049089,0.05015839,1.46829021,0.60215926,-0.05547432,1.05547432,0.27635258
17000,0.15443785,0.15443785,98,21.95157143,4.46437287,1.00000000,0.15443785,nan,0.00000000,0,0,0,0.58854866,0.01542079,0.22929423,0.23534870,0.12636818,6.83212471,0.39248210,0.04671743,0.95328257,9.66395903
17100,1.43348169,1.43348169,79,22.03000000,3.58601906,1.00000000,1.43348169,nan,0.00000000,0,0,0,0.33970639,0.03089627,3.64911222,3.84036255,0.39785692,3.19952679,0.90223479,0.00116476,0.99883524,17.10150019
17200,0.13496470,0.13496470,39,22.43250000,1.73854898,0.88716384,0.08360563,nan,0.00000000,0,0,0,0.10950869,0.00785503,0.23223989,0.24589370,0.00012486,1.50904989,0.25949347,0.10806955,0.89193045,-4.85948980
17300,0.48944461,0.48944461,23,22.71315068,1.01262922,0.00063778,0.00000000,nan,0.00000000,0,0,0,0.18014461,0.02377139,0.51304877,0.54301041,0.00370013,1.44516897,0.53517985,0.07193239,0.92806761,4.29275608
17400,1.02471030,1.02471030,10,22.96500000,0.43544524,0.00000000,0.00000000,nan,0.00000000,0,0,0,0.20003049,0.01986905,1.10024321,1.16176200,0.05442323,1.24767828,0.34591758,-0.07917523,1.07917523,9.52992948
17500,0.46022898,0.46022898,17,23.11080000,0.73558682,0.00000000,0.00000000,nan,0.00000000,0,0,0,0.14376783,0.02036760,0.23755550,0.24789995,0.06169944,1.57593167,0.54746461,-0.02838078,1.02838078,0.84569515
17600,0.37825230,0.37825230,38,23.27644737,1.63255154,0.79820154,0.15354364,nan,0.00000000,0,0,0,0.24572521,0.02264075,0.83334714,0.88234985,0.00030249,3.30870652,0.58345640,-0.00912397,1.00912397,4.87596645
17700,0.96194106,0.96194106,8,23.50493506,0.34035406,0.00000000,0.00000000,nan,0.00000000,0,0,0,0.19778612,0.01665672,0.36609003,0.38183758,0.09838127,1.41811645,0.36758146,0.00350437,0.99649563,7.65956863
17800,0.47380733,0.47380733,26,23.66884615,1.09849039,0.03805829,0.00000099,nan,0.00000000,0,0,0,0.18644363,0.01445363,0.41071549,0.42912638,0.09773088,1.35918140,0.33621895,-0.01592588,1.01592588,0.74789569
17900,0.37385219,0.37385219,54,23.83594937,2.26548560,0.99834808,0.37138801,nan,0.00000000,0,0,0,0.12158927,0.01667825,0.31277514,0.33106279,0.00188486,1.11123955,0.28948835,0.04978659,0.95021341,0.34956058
18000,0.74186665,0.74186665,35,24.12662500,1.45067949,0.55622961,0.07101372,nan,0.28621025,0,0,0,0.51288342,0.01581985,1.87555945,1.95442808,0.53479314,4.28222466,0.46829817,0.12253743,0.87746257,12.60553455
18100,0.34819213,0.34819213,20,24.11851852,0.82923833,0.00000000,0.00000000,nan,0.28621025,0,0,0,0.25338754,0.02499224,0.44753832,0.46978682,0.06931374,1.69157624,0.47678885,0.00067745,0.99932255,1.68809962
18200,0.27384365,0.27384365,37,24.19548780,1.52921075,0.67380374,0.05644641,nan,0.28621025,0,0,0,0.17516528,0.01666751,0.16698046,0.17401959,0.04731534,1.75173402,0.33447474,0.01717454,0.98282546,2.30087674
18300,0.31857917,0.31857917,7,24.50457831,0.28566090,0.00000000,0.00000000,nan,0.00000000,0,0,0,0.09770666,0.00923245,0.24532424,0.25910968,0.01097231,0.85404563,0.17294770,0.07564628,0.92435372,-5.28404599
18400,0.52622962,0.52622962,40,24.78976190,1.61356935,0.77817564,0.19296823,nan,0.50000000,0,0,0,0.15254277,0.01003586,0.39006132,0.41257954,0.00725168,1.66218996,0.23073421,0.01716741,0.98283259,-0.61227810
18500,0.31033483,0.31033483,23,25.09917647,0.91636473,0.00000000,0.00000000,nan,0.18915003,0,0,0,0.11529769,0.01278714,0.16910760,0.17865564,0.00679081,1.22808003,0.27998739,0.03354610,0.96645390,-3.57664892
18600,0.75087458,0.75087458,44,25.40069767,1.73223588,0.88289421,0.45624916,nan,0.00000000,0,0,0,0.10064735,0.01355211,0.48333740,0.50739610,0.07434008,1.16602027,0.26457965,-0.03307104,1.03307104,1.08035710
18700,0.26800025,0.26800025,39,25.68057471,1.51865760,0.65905116,0.05056054,nan,0.00000000,0,0,0,0.08751272,0.01586357,0.25128481,0.26383212,0.03798061,1.12352264,0.33381292,0.09779180,0.90220820,-2.81791192
18800,0.34645215,0.34645215,27,25.88034091,1.04326292,0.00745876,0.00000000,nan,0.05277679,0,0,0,0.17294016,0.01425237,0.54500198,0.57703745,0.00039874,1.69751406,0.37286773,0.07931094,0.92068906,-0.58807162
18900,0.46296227,0.46296227,19,26.16595506,0.72613440,0.00000000,0.00000000,nan,0.34133076,0,0,0,0.11374640,0.02693490,0.34151909,0.35972142,0.03207935,1.43197334,0.77064043,0.05733179,0.94266821,2.00147859
19000,0.18266575,0.18266575,118,26.49655556,4.45340904,1.00000000,0.18266575,nan,0.84133076,0,0,0,0.66806698,0.01650257,0.80005896,0.84685141,0.00458684,5.07311583,0.33463418,0.03836536,0.96163464,9.25719833
19100,0.25522307,0.25522307,49,26.66252747,1.83778526,0.93964651,0.19896558,nan,0.84133076,0,0,0,0.26639625,0.00873301,0.39007220,0.41296193,0.00094686,2.93145704,0.35552019,0.01369468,0.98630532,2.43712326
19200,0.11998443,0.11998443,66,26.94989130,2.44898947,0.99977475,0.11987635,nan,0.00000000,0,0,0,0.12246741,0.00929859,0.06235766,0.06535280,0.01144022,1.61832380,0.22607511,-0.02512650,1.02512650,-3.88305895
19300,0.35394654,0.35394654,69,27.18731183,2.53794860,0.99992218,0.35383638,nan,0.00000000,0,0,0,0.12770902,0.00947468,0.17763530,0.18798792,0.00164095,1.03813004,0.14398023,0.03957864,0.96042136,-3.13944948
19400,0.73182946,0.73182946,22,27.43021277,0.80203534,0.00000000,0.00000000,nan,0.50000000,0,0,0,0.08558763,0.01159704,0.13778844,0.13115342,0.25058386,0.81523740,0.25501105,0.07792690,0.92207310,-3.03794336
19500,0.15418361,0.15418361,96,27.71115789,3.46430850,1.00000000,0.15418361,nan,0.72982291,0,0,0,0.14798674,0.00760531,0.09376855,0.09920822,0.00129412,1.55925786,0.17901437,0.04337628,0.95662372,-3.44363409
19600,0.55756903,0.55756903,49,27.97364583,1.75164869,0.89563939,0.35878261,nan,0.98866554,0,0,0,0.15859760,0.01632685,0.61654335,0.65149677,0.02233503,1.18717682,0.23085918,-0.11659489,1.11659489,2.38611504
19700,0.08505042,0.08505042,15,28.24082474,0.53114596,0.00000000,0.00000000,nan,0.59603000,0,0,0,0.14043522,0.01410279,0.09720700,0.10290102,0.00040876,1.56051958,0.27768040,0.04502745,0.95497255,-5.01725411
19800,0.74091977,0.74091977,72,28.52255102,2.52431839,0.99990804,0.74064727,nan,0.24684550,0,0,0,0.11860570,0.01249384,0.16150005,0.16270062,0.14109021,1.41060126,0.29670411,0.01827090,0.98172910,0.17884994
19900,0.32734415,0.32734415,8,28.78919192,0.27788206,0.00000000,0.00000000,nan,0.74684550,0,0,0,0.14764950,0.01734914,0.32079121,0.33939284,0.00456382,1.26805365,0.48897043,0.03494767,0.96505233,-1.95025563
20000,0.13978989,0.13978989,95,29.08720000,3.26604142,1.00000000,0.13978989,nan,0.00000000,0,0,0,0.56850028,0.01728029,0.39450434,0.41744560,0.00450262,4.56205416,0.54972100,0.03380201,0.96619799,7.10835040
20100,0.72512138,0.72512138,90,29.27108911,3.07470623,0.99999997,0.72512128,nan,0.00000000,0,0,0,0.17340074,0.01348668,0.89660496,0.94739532,0.03316992,1.72115433,0.41184318,0.01013518,0.98986482,2.67615512
20200,0.88183081,0.88183081,20,29.56666667,0.67643743,0.00000000,0.00000000,nan,0.00000000,0,0,0,0.11300940,0.01523728,2.23794150,2.36561751,0.06745329,1.32538354,0.33485234,0.05047076,0.94952924,5.87222046
20300,0.29420662,0.29420662,39,29.81766990,1.30794928,0.31568097,0.00292177,nan,0.36937805,0,0,0,0.16529959,0.01568074,0.30417883,0.31841654,0.06213783,2.22017860,0.54094929,0.04731362,0.95268638,0.69010293
20400,0.42303777,0.42303777,18,30.15384615,0.59693878,0.00000000,0.00000000,nan,0.00000000,0,0,0,0.09111404,0.01758738,0.18634970,0.19341084,0.06631026,1.39104509,0.40758249,0.05739980,0.94260020,-1.17326623
20500,0.31635237,0.31635237,40,30.39600000,1.31596263,0.32923037,0.00371681,nan,0.50000000,0,0,0,0.17494695,0.01549878,0.29134452,0.30847022,0.00020715,1.50215065,0.32330838,-0.10071391,1.10071391,-0.85997240
20600,1.00425422,1.00425422,44,30.65245283,1.43544793,0.53161263,0.08020932,nan,0.89597620,0,0,0,0.18410966,0.04259082,0.70985854,0.75158775,0.00046151,1.85427964,1.12940371,-0.05787364,1.05787364,25.03185463
20700,0.20515753,0.20515753,53,30.89691589,1.71538157,0.87088905,0.11801543,nan,0.48591963,0,0,0,0.11730528,0.00798799,0.25124228,0.26520246,0.01391854,1.98196518,0.22211619,0.01845968,0.98154032,-2.78334048
20800,0.80980194,0.80980194,47,31.10583333,1.51097061,0.64808438,0.14285816,nan,0.00000000,0,0,0,0.18287115,0.01370110,0.68622321,0.72295499,0.06178217,1.34878600,0.24098550,0.02338080,0.97661920,4.00018803
20900,0.46236119,0.46236119,6,31.41642202,0.19098292,0.00000000,0.00000000,nan,0.00000000,0,0,0,0.10771182,0.01541507,0.42051819,0.44519162,0.00106939,1.16601098,0.41143924,0.00016333,0.99983667,-2.36827119
21000,0.22438329,0.22438329,85,31.76018182,2.67630710,0.99998686,0.22437150,nan,0.00000000,0,0,0,0.56053752,0.01800568,0.43853468,0.46431091,0.00033883,4.25163174,0.58561254,-0.00094761,1.00094761,6.70294714
21100,0.30141947,0.30141947,60,32.05360360,1.87186442,0.95219334,0.24778319,nan,0.50000000,0,0,0,0.14316677,0.01428920,0.28990945,0.30536905,0.02709615,1.38216698,0.26038802,0.12572507,0.87427493,-1.93384695
21200,0.19798666,0.19798666,26,32.35937500,0.80347658,0.00000000,0.00000000,nan,0.47651830,0,0,0,0.10470463,0.01392945,0.12713771,0.13405329,0.00957282,1.16124928,0.38796395,0.03346946,0.96653054,-4.34060639
21300,0.16379997,0.16379997,87,32.74929204,2.65654598,0.99998290,0.16378877,nan,0.00000000,0,0,0,0.09732000,0.01981593,0.18367815,0.19230075,0.03709402,1.57032442,0.67390466,-0.04228840,1.04228840,-4.71569173
21400,0.25786269,0.25786269,13,33.07192982,0.39308259,0.00000000,0.00000000,nan,0.50000000,0,0,0,0.09959202,0.01194118,0.22019391,0.23305216,0.00160338,1.58810961,0.42509338,0.02767322,0.97232678,-2.98953924
21500,0.35823095,0.35823095,26,33.41339130,0.77813113,0.00000000,0.00000000,nan,0.29986914,0,0,0,0.12571341,0.01319245,0.45334128,0.47723299,0.04718238,1.28949690,0.41189790,-0.12144447,1.12144447,-4.16282928
21600,0.44326413,0.44326413,59,33.73094828,1.74913553,0.89405298,0.28321458,nan,0.79986914,0,0,0,0.12123256,0.02655265,0.28302753,0.29967144,0.00008134,1.18015814,0.38134378,0.03498579,0.96501421,0.30775523
21700,1.27438307,1.27438307,0,0.00000000,0.00000000,0.00000000,0.00000000,nan,0.00000000,0,0,0,1.00971019,0.00450539,9.12840939,9.66301918,0.04005735,32.44726562,0.14317597,nan,nan,28.08420944
21800,1.16943717,1.16943717,1,0.16831683,5.94117612,1.00000000,1.16943717,nan,0.00000000,0,0,0,1.04811358,0.00390092,48.20222855,50.97822189,1.01040602,33.67265320,0.15794721,0.11294293,0.88705707,27.53949471
21900,0.51471353,0.51471353,1,0.48258706,2.07216491,0.98992955,0.49429105,nan,0.00000000,0,0,0,1.08119988,0.00311668,37.53313446,39.73886108,0.03578028,34.83345795,0.10729868,-0.07610975,1.07610975,21.93040657
22000,0.80490333,0.80490333,1,0.73754153,1.35585584,0.39741920,0.02007886,nan,0.00000000,0,0,0,1.07212305,0.00376885,13.59519863,14.39155388,0.05715981,34.23352814,0.09745678,0.26686994,0.73313006,24.45248985
22100,0.64957714,0.64957714,8,0.90274314,8.86187835,1.00000000,0.64957714,nan,0.00000000,0,0,0,1.13054788,0.01036755,10.02144146,10.58996391,0.35655037,34.69785690,0.29572618,-0.26829681,1.26829681,23.66739909
22200,0.60340619,0.60340619,4,1.21357285,3.29605260,1.00000000,0.60340619,nan,0.00000000,0,0,0,1.12994230,0.02623273,31.86182976,33.73481369,0.02105457,32.29203033,0.82576030,-0.14616324,1.14616324,22.71954918
22300,1.67153347,1.67153347,2,1.55241265,1.28831725,0.28287660,0.01070294,nan,0.00000000,0,0,0,1.01521921,0.02287829,78.14388275,82.68960571,0.86655325,28.71065331,0.76191676,-0.10248476,1.10248476,32.10550499
22400,0.46742317,0.46742317,0,1.85306705,0.00000000,0.00000000,0.00000000,nan,0.00000000,0,0,0,0.78042275,0.04416931,8.26665211,8.71006870,0.72859049,19.84109879,0.99210483,-0.00711591,1.00711591,18.37847042
22500,0.65204591,0.65204591,6,2.15355805,2.78608694,0.99999713,0.65203841,nan,0.00000000,0,0,0,0.75768685,0.03645842,5.57472658,5.89669514,0.10125069,20.19372368,1.09836876,-0.00108820,1.00108820,19.33042272
22600,0.94785351,0.94785351,3,2.49167592,1.20400890,0.15335901,0.00052430,nan,0.00000000,0,0,0,0.68438756,0.02440003,17.86244202,18.90786362,0.09029859,19.25298309,0.93936568,-0.03504201,1.03504201,21.59859896
22700,0.46272007,0.46272007,9,2.80619381,3.20719116,1.00000000,0.46272006,nan,0.00000000,0,0,0,0.68099332,0.02816459,3.17070580,3.35644579,0.01312740,17.79804230,0.82729191,0.14505739,0.85494261,16.71710730
22800,0.62940937,0.62940937,9,3.17529519,2.83438214,0.99999857,0.62940578,nan,0.00000000,0,0,0,0.60727024,0.01785327,9.97185898,10.55842304,0.00027104,16.34094620,0.64500457,-0.07771379,1.07771379,17.49278196
22900,0.56331009,0.56331009,4,3.51124063,1.13919848,0.07457748,0.00001743,nan,0.00000000,0,0,0,0.53339863,0.02520961,5.19290018,5.48833704,0.17047566,13.69067574,0.76890910,-0.06321280,1.06321280,15.55011368
23000,1.50146592,1.50146592,10,3.88854727,2.57165447,0.99994883,1.50115863,nan,0.00000000,0,0,0,0.71358323,0.00843968,6.33338451,6.61753368,1.50285232,18.46704483,0.26402783,-0.02479114,1.02479114,27.20192337
23100,1.00860834,1.00860834,6,4.28836545,1.39913448,0.47124672,0.04974116,nan,0.00000000,0,0,0,0.51485562,0.02455974,11.45959282,12.11735249,0.27767429,8.23711681,0.97264838,0.03057703,0.96942297,17.86197042
23200,0.74391693,0.74391693,9,4.58760826,1.96180656,0.97528358,0.67305118,nan,0.00000000,0,0,0,0.47242975,0.03830209,6.73788786,7.12759590,0.11285569,8.99962044,1.56311882,0.04799505,0.95200495,17.09486643
23300,0.72214264,0.72214264,11,4.89319176,2.24802144,0.99803100,0.71647182,nan,0.00000000,0,0,0,0.36653697,0.05933797,6.62756872,7.01672173,0.01195671,6.18001652,1.77008975,0.04881639,0.95118361,15.90914702
23400,0.76229191,0.76229191,10,5.29218107,1.88958009,0.95780320,0.64154400,nan,0.00000000,0,0,0,0.37242720,0.05521211,6.03111506,6.38572168,0.00280553,5.06144476,1.14233029,0.01174590,0.98825410,16.48377609
23500,0.51389122,0.51389122,19,5.63964464,3.36900659,1.00000000,0.51389122,nan,0.00000000,0,0,0,0.32573363,0.04463707,3.46757245,3.66995144,0.02712846,6.40289402,1.63468885,0.01671567,0.98328433,11.26244593
23600,1.10756171,1.10756171,12,5.91635981,2.02827420,0.98543875,1.04444716,nan,0.00000000,0,0,0,0.38702133,0.02981546,1.68987882,1.78830552,0.01662494,6.12197351,0.99113190,0.01177170,0.98822830,17.66145921
23700,0.40927899,0.40927899,20,6.21339330,3.21885305,1.00000000,0.40927898,nan,0.00000000,0,0,0,0.30710113,0.03275630,0.71655113,0.75807047,0.01072284,4.47541857,1.09683442,0.06571913,0.93428087,9.50480199
23800,0.30420548,0.30420548,11,6.61922894,1.66182498,0.82658179,0.14200720,nan,0.00000000,0,0,0,0.31443104,0.03025889,1.00203300,1.06028748,0.01170579,3.60119295,1.06239676,-0.03264968,1.03264968,6.54369116
23900,0.48137411,0.48137411,38,7.01726488,5.41521527,1.00000000,0.48137411,nan,0.00000000,0,0,0,0.29021373,0.03018568,2.07374072,2.19369769,0.03447363,3.49439692,0.92279190,-0.01753958,1.01753958,8.52286863
24000,1.09490478,1.09490478,20,7.36766623,2.71456379,0.99999218,1.09487054,nan,0.00000000,0,0,0,0.50502992,0.01281038,3.64901829,3.81071210,0.90021992,9.63226509,0.35073525,0.15941297,0.84058703,19.57696152
24100,0.29579061,0.29579061,7,7.56601416,0.92518991,0.00000000,0.00000000,nan,0.00000000,0,0,0,0.42573771,0.03033558,0.89631104,0.94800264,0.01755320,3.30590820,0.78144002,-0.06384854,1.06384854,7.76976662
24200,0.51924407,0.51924407,9,7.88244702,1.14177742,0.07725591,0.00001850,nan,0.00000000,0,0,0,0.26669115,0.03155611,0.54820251,0.57759774,0.04848389,3.98187733,1.26705074,0.04883546,0.95116454,9.68690109
24300,0.78878462,0.78878462,9,8.23375625,1.09306126,0.03404844,0.00000106,nan,0.00000000,0,0,0,0.27989760,0.03624965,0.34426907,0.36405760,0.00786392,3.26540327,0.95910943,0.02352951,0.97647049,10.91794658
24400,0.50770164,0.50770164,7,8.55868197,0.81788294,0.00000000,0.00000000,nan,0.00000000,0,0,0,0.18582045,0.03731104,0.16563573,0.17483492,0.00924939,2.83769679,1.04367125,-0.07271096,1.07271096,7.36004651
24500,0.48239857,0.48239857,14,8.85612281,1.58082722,0.74061479,0.14513613,nan,0.00000000,0,0,0,0.26164806,0.04199512,0.34274805,0.36275923,0.00255795,4.87200928,1.53228736,0.10684582,0.89315418,9.48012288
24600,0.30937684,0.30937684,21,9.22509479,2.27639937,0.99852158,0.30755133,nan,0.00000000,0,0,0,0.24622853,0.02964762,0.46983781,0.49613807,0.02273293,3.43988967,1.10321844,-0.04192540,1.04192540,6.02404006
24700,0.59102756,0.59102756,25,9.58547151,2.60811374,0.99996782,0.59095148,nan,0.00000000,0,0,0,0.25410959,0.02627231,0.86152321,0.89649034,0.26708215,2.97208023,0.92015541,-0.03656459,1.03656459,9.32899737
24800,0.26445448,0.26445448,28,9.90873912,2.82578839,0.99999838,0.26445277,nan,0.00000000,0,0,0,0.24238555,0.01812042,0.41203669,0.43626308,0.00018802,3.34371519,0.42458820,0.01164224,0.98835776,4.96467066
24900,0.55861461,0.55861461,19,10.22649172,1.85791966,0.94735082,0.44994106,nan,0.00000000,0,0,0,0.18362269,0.02717457,2.32192707,2.45346427,0.08579374,2.75838470,1.04744697,0.03720716,0.96279284,10.86070251
25000,0.42595917,0.42595917,27,10.59709179,2.54786884,0.99993115,0.42584187,nan,0.00000000,0,0,0,0.51992661,0.01103328,2.97780037,3.15081668,0.03652311,11.54605675,0.26411581,0.14441107,0.85558893,14.00581779
25100,0.39118895,0.39118895,9,10.86503969,0.82834488,0.00000000,0.00000000,nan,0.00000000,0,0,0,0.19159333,0.03021243,0.86732405,0.91327339,0.08618505,2.79801822,1.39925110,0.00114250,0.99885750,5.49217439
25200,0.55545884,0.55545884,30,11.10654099,2.70111099,0.99999060,0.55543797,nan,0.00000000,0,0,0,0.30918410,0.02999273,2.98840570,3.16395116,0.00412991,3.37039828,1.00366664,-0.13200983,1.13200983,8.05973864
25300,0.20629080,0.20629080,24,11.37600666,2.10970340,0.99274284,0.20036733,nan,0.00000000,0,0,0,0.17300929,0.01988727,0.36735332,0.38726273,0.02889314,2.13775921,0.61976415,0.01899210,0.98100790,0.09018786
25400,0.74301869,0.74301869,35,11.75736287,2.97685802,0.99999984,0.74301820,nan,0.00000000,0,0,0,0.14635606,0.01831452,0.91240811,0.95862973,0.12664156,2.02249265,0.56415915,-0.02884660,1.02884660,5.92836936
25500,0.23507160,0.23507160,22,12.08971323,1.81972885,0.93197103,0.17734127,nan,0.00000000,0,0,0,0.23074287,0.03167015,0.45805946,0.48432946,0.01146922,3.38254714,1.17421865,-0.03700080,1.03700080,4.44808197
25600,0.27431005,0.27431005,52,12.46552166,4.17150612,1.00000000,0.27431005,nan,0.00000000,0,0,0,0.18306737,0.03280326,0.31973419,0.33683002,0.02910464,1.70607710,0.58048403,0.04989072,0.95010928,4.53185475
25700,0.22157033,0.22157033,34,12.86778305,2.64225779,0.99997936,0.22155203,nan,0.00000000,0,0,0,0.17915897,0.01585826,0.60088092,0.63580245,0.00721489,2.91881561,0.60396522,0.03191106,0.96808894,1.21923971
25800,0.16944326,0.16944326,35,13.30870519,2.62985764,0.99997572,0.16942681,nan,0.00000000,0,0,0,0.22264989,0.01989603,0.45169598,0.47821674,0.00084248,3.19364262,0.65017807,0.00047906,0.99952094,2.15935573
25900,0.55633736,0.55633736,27,13.74339443,1.96458016,0.97580622,0.50442028,nan,0.00000000,0,0,0,0.15657377,0.02447448,0.53250599,0.56368166,0.00251934,2.04843354,0.71274316,-0.03293879,1.03293879,3.71050408
26000,0.83493829,0.83493829,27,14.12555220,1.91142970,0.96394885,0.72089220,nan,0.00000000,0,0,0,0.48036733,0.01680869,3.73150206,3.94245863,0.14524309,10.13588524,0.59058434,0.02297593,0.97702407,17.07984575
26100,1.62159121,1.62159121,2,14.08838900,0.14196087,0.00000000,0.00000000,nan,0.00000000,0,0,0,0.43319154,0.01762451,3.99360609,4.22827673,0.00420979,6.09265804,0.58754134,-0.09058616,1.09058616,21.99260966
26200,0.26054624,0.26054624,11,14.28993557,0.76977254,0.00000000,0.00000000,nan,0.00000000,0,0,0,0.31552660,0.01971974,0.70931476,0.75096434,0.00127201,2.22568083,0.52574664,-0.04158049,1.04158049,3.43625128
26300,1.02394569,1.02394569,19,14.75700935,1.28752375,0.28156470,0.00643561,nan,0.00000000,0,0,0,0.19005862,0.02441252,0.95467079,1.00473845,0.10352059,1.95954812,0.83376420,-0.01636672,1.01636672,11.19180139
26400,0.57279491,0.57279491,16,15.28781110,1.04658541,0.00864323,0.00000000,nan,0.00000000,0,0,0,0.21688038,0.02234080,0.32424676,0.34321979,0.00170566,2.36285114,0.69603181,0.10766889,0.89233111,5.36074173
26500,1.06467903,1.06467903,43,15.76484066,2.72758862,0.99999346,1.06465119,nan,0.00000000,0,0,0,0.14384393,0.03115462,0.60421216,0.63652384,0.05491289,2.00375199,0.82586533,-0.08328188,1.08328188,7.86207787
26600,0.71579671,0.71579671,37,16.25158131,2.27670153,0.99852614,0.71158608,nan,0.00000000,0,0,0,0.10685627,0.01377115,2.22990513,2.35831022,0.04701965,1.43558276,0.34710151,-0.05531720,1.05531720,4.82854927
26700,0.35234448,0.35234448,41,16.72845431,2.45091383,0.99977972,0.35203413,nan,0.00000000,0,0,0,0.10580567,0.02024899,0.16015886,0.16372097,0.09960297,1.65926242,0.67399979,0.01683655,0.98316345,-0.62579048
26800,0.33549002,0.33549002,19,17.20544991,1.10430126,0.04258182,0.00000110,nan,0.00000000,0,0,0,0.14632000,0.01468726,0.48135492,0.50867182,0.01696796,1.90749502,0.37327683,-0.04574097,1.04574097,0.44883452
26900,0.14542095,0.14542095,40,17.67563930,2.26300160,0.99830605,0.14443811,nan,0.00000000,0,0,0,0.14851032,0.00980764,0.11902526,0.12543975,0.00997889,1.42004859,0.22088777,-0.04717276,1.04717276,-4.21667624
27000,1.41877604,1.41877604,33,18.23957744,1.80925244,0.92716495,1.04843588,nan,0.00000000,0,0,0,0.34762877,0.01671153,3.40469813,3.59810567,0.11676656,6.48695087,0.38946635,-0.03521371,1.03521371,18.92556000
27100,0.18385687,0.18385687,28,18.28790965,1.53106618,0.67636054,0.03847627,nan,0.00000000,0,0,0,0.23277113,0.04626194,0.23456298,0.24661614,0.02965912,2.28816009,0.75173962,-0.03736000,1.03736000,2.57395140
27200,0.28066218,0.28066218,122,18.80676241,6.48702830,1.00000000,0.28066218,nan,0.00000000,0,0,0,0.25237882,0.01153624,0.30731744,0.32506841,0.00555086,2.90739799,0.18052930,-0.10918641,1.10918641,3.90501720
27300,0.37022775,0.37022775,78,19.30262453,4.04090127,1.00000000,0.37022775,nan,0.00000000,0,0,0,0.19420621,0.01620308,0.63213819,0.66928649,0.00061643,1.59371531,0.45119646,0.02242753,0.97757247,1.39030870
27400,0.36679098,0.36679098,61,19.79003684,3.08235909,0.99999997,0.36679094,nan,0.00000000,0,0,0,0.17356111,0.01527198,0.19320358,0.20377190,0.01354219,1.77280641,0.40235499,-0.04925283,1.04925283,1.36160004
27500,0.34768325,0.34768325,73,20.32270298,3.59204187,1.00000000,0.34768325,nan,0.00000000,0,0,0,0.16059154,0.01945545,0.24207374,0.24433669,0.20360342,1.70467806,0.45987967,0.01351950,0.98648050,-0.17815110
27600,0.34701115,0.34701115,11,20.77817319,0.52940169,0.00000000,0.00000000,nan,0.00000000,0,0,0,0.11756790,0.01758783,0.11517080,0.12133926,0.01030669,2.08026028,0.71171331,0.03772602,0.96227398,-0.13542277
27700,0.77375180,0.77375180,65,21.17897017,3.06908218,0.99999996,0.77375168,nan,0.00000000,0,0,0,0.17489232,0.01764296,0.46145663,0.48476595,0.06519860,1.66294324,0.48275226,0.00280067,0.99719933,5.98403686
27800,0.25601935,0.25601935,53,21.52106212,2.46270373,0.99980800,0.25582279,nan,0.00000000,0,0,0,0.22981828,0.01083235,0.39486423,0.41738904,0.01194312,2.68188167,0.28867781,0.08567739,0.91432261,2.10692027
27900,0.41526657,0.41526657,26,21.89743590,1.18735363,0.13099424,0.00012227,nan,0.00000000,0,0,0,0.15486389,0.01351677,0.17072336,0.18073224,0.00057233,1.51427698,0.52646041,0.14584062,0.85415938,0.76091369
28000,0.23506816,0.23506816,47,22.30201555,2.10743284,0.99259522,0.22818260,nan,0.00000000,0,0,0,0.50147349,0.01302130,1.25916123,1.32882977,0.07479510,10.36023903,0.45758003,-0.09471147,1.09471147,11.61907355
28100,1.36306679,1.36306679,14,22.20949852,0.63036092,0.00000000,0.00000000,nan,0.00000000,0,0,0,0.17028159,0.02263168,0.68268478,0.72283679,0.00010059,1.23229444,0.44989020,-0.10975019,1.10975019,13.16153081
28200,0.21861607,0.21861607,69,22.69558529,3.04023884,0.99999994,0.21861602,nan,0.00000000,0,0,0,0.20989555,0.01503859,0.17385729,0.18313292,0.01617182,1.77879059,0.33758762,0.04075850,0.95924150,-0.10142665
28300,0.09443439,0.09443439,17,23.06514165,0.73704295,0.00000000,0.00000000,nan,0.00000000,0,0,0,0.24491927,0.01376137,0.13424467,0.14199965,0.00240998,2.56710768,0.43586624,0.05772191,0.94227809,0.75674188
28400,0.78514677,0.78514677,7,23.43396508,0.29871172,0.00000000,0.00000000,nan,0.00000000,0,0,0,0.11510015,0.02301682,0.20659412,0.20344166,0.26018584,1.53697586,0.55733037,-0.02671323,1.02671323,4.92626458
28500,0.20533450,0.20533450,9,23.83281870,0.37763053,0.00000000,0.00000000,nan,0.00000000,0,0,0,0.11310603,0.01751591,0.07638933,0.08087593,0.00011722,1.10601199,0.49433941,0.11314192,0.88685808,0.13120463
28600,0.29586750,0.29586750,42,24.28677003,1.72933659,0.88089233,0.17815113,nan,0.00000000,0,0,0,0.19825344,0.01550240,0.12056843,0.12649405,0.01983286,1.82145929,0.45330212,0.07153320,0.92846680,0.13590697
28700,1.07198286,1.07198286,76,24.78774461,3.06603127,0.99999996,1.07198270,nan,0.00000000,0,0,0,0.12749277,0.01099937,0.70688194,0.73804992,0.17702669,1.16273582,0.24504028,-0.00870340,1.00870340,6.92571545
28800,0.25764930,0.25764930,49,25.23954373,1.94139801,0.97112909,0.22915895,nan,0.00000000,0,0,0,0.17978847,0.01374895,0.55109352,0.58236307,0.01951128,2.37975550,0.42697394,-0.00512785,1.00512785,0.34148207
28900,0.49246168,0.49246168,100,25.71934454,3.88812397,1.00000000,0.49246168,nan,0.00000000,0,0,0,0.15857083,0.01529154,0.44650814,0.47259185,0.00308522,2.74723959,0.70203686,-0.01584068,1.01584068,3.41509283
29000,1.13139641,1.13139641,21,26.09971237,0.80460657,0.00000000,0.00000000,nan,0.00000000,0,0,0,0.41329399,0.01201552,6.02320194,6.37196445,0.09425090,8.05135536,0.20227762,0.00318090,0.99681910,18.48017375
29100,1.02677727,1.02677727,12,26.04215647,0.46079133,0.00000000,0.00000000,nan,0.00000000,0,0,0,0.53170103,0.02345512,2.73932600,2.86063457,0.67707956,7.93030357,0.71486419,-0.11983739,1.11983739,18.28303337
29200,0.18199596,0.18199596,147,26.22890281,5.60450435,1.00000000,0.18199596,nan,0.00000000,0,0,0,0.28561768,0.01547011,0.81447756,0.86235094,0.00062987,2.74852800,0.26408324,-0.09978067,1.09978067,3.49395704
29300,0.24602573,0.24602573,91,26.69780292,3.40852018,1.00000000,0.24602573,nan,0.00000000,0,0,0,0.13251549,0.01267941,0.17784834,0.18697526,0.02269074,1.47857928,0.35008484,0.00095097,0.99904903,-2.61744282
29400,0.39430153,0.39430153,39,27.17750941,1.43501008,0.53089802,0.03132369,nan,0.00000000,0,0,0,0.14608122,0.01762243,0.29632607,0.31317768,0.00984930,1.40515029,0.31596941,0.10949445,0.89050555,1.72531343
29500,0.25783807,0.25783807,54,27.59223177,1.95707257,0.97436897,0.23240252,nan,0.00000000,0,0,0,0.08325200,0.01122298,0.20531423,0.21727195,0.00203287,1.14451361,0.35484409,-0.06060747,1.06060747,-4.05336317
29600,0.20032480,0.20032480,67,27.97177572,2.39527160,0.99958496,0.19999244,nan,0.00000000,0,0,0,0.08718242,0.01280484,0.14637607,0.15466115,0.00552992,1.03865767,0.41651925,0.00201736,0.99798264,-6.78874516
29700,0.17167439,0.17167439,32,28.37920260,1.12758630,0.06303847,0.00000271,nan,0.00000000,0,0,0,0.11804933,0.01185610,0.24155539,0.25550687,0.00438012,1.50799513,0.26546854,0.10688171,0.89311829,-3.12773792
29800,0.62836337,0.62836337,13,28.80508579,0.45130919,0.00000000,0.00000000,nan,0.00000000,0,0,0,0.17391612,0.01868060,0.21679004,0.22034176,0.15641096,1.56035340,0.51850575,-0.05652976,1.05652976,2.00477684
29900,0.15531780,0.15531780,127,29.28472138,4.33673240,1.00000000,0.15531780,nan,0.00000000,0,0,0,0.09618004,0.01322589,0.09814078,0.10264049,0.02164577,1.38849771,0.39569226,0.12834872,0.87165128,-4.82073625
30000,0.26220375,0.26220375,53,29.69666305,1.78471231,0.91482894,0.18365320,nan,0.00000000,0,0,0,0.49330649,0.01529798,2.28027439,2.41407800,0.00561151,9.48974323,0.62579894,0.05733711,0.94266289,11.15301991
30100,0.35829121,0.35829121,18,29.67932389,0.60648282,0.00000000,0.00000000,nan,0.00000000,0,0,0,0.58859038,0.02518181,3.48723841,3.67451978,0.30345416,8.66351318,0.65440702,0.02752798,0.97247202,12.82069755
30200,0.27517885,0.27517885,86,29.70509352,2.89512638,0.99999942,0.27517821,nan,0.00000000,0,0,0,0.33567455,0.01952510,0.30118439,0.31725818,0.02792981,2.61959434,0.44469696,-0.10890168,1.10890168,3.27223174
