step,surprise_raw,surprise_clipped,state_action_pseudo_count,familiarity_log_count,familiarity_mean,familiarity_std,familiarity_z,familiarity_weight,e_t,block_E_k,W_k,block_completed,warmup_remaining,regime_change,mean_total_var,mean_epistemic_var,gradient_coherence,gradient_novelty,predictor_nll
0,4.87472248,4.87472248,0,0.00000000,0.00000000,1.00000000,0.00000000,0.00000000,0.00000000,nan,0.00000000,0,9999,0,1.00020576,0.00052505,nan,nan,60.33887990
100,5.61232948,5.61232948,0,0.00000000,0.00000000,1.00000000,0.00000000,0.00000000,0.00000000,nan,0.00000000,0,9899,0,1.73811543,0.09606708,-0.09564170,1.09564170,88.77116394
200,0.86695552,0.86695552,0,0.00000000,0.00000000,1.00000000,0.00000000,0.00000000,0.00000000,nan,0.00000000,0,9799,0,3.30667734,0.09979384,0.04738600,0.95261400,28.40487671
300,1.63690591,1.63690591,0,0.00000000,0.00000000,1.00000000,0.00000000,0.00000000,0.00000000,nan,0.00000000,0,9699,0,4.55364180,0.07081106,0.01985078,0.98014922,34.10562388
400,0.91439521,0.91439521,0,0.00000000,0.00000000,1.00000000,0.00000000,0.00000000,0.00000000,nan,0.00000000,0,9599,0,7.17122316,0.07999387,0.03208115,0.96791885,28.15530968
500,0.55943829,0.55943829,0,0.00000000,0.00000000,1.00000000,0.00000000,0.00000000,0.00000000,nan,0.00000000,0,9499,0,16.06029892,0.12441888,0.00265933,0.99734067,24.63757324
600,0.74012941,0.74012941,0,0.00000000,0.00000000,1.00000000,0.00000000,0.00000000,0.00000000,nan,0.00000000,0,9399,0,25.92625046,0.14259392,-0.00017305,1.00017305,29.80867043
700,0.72326529,0.72326529,0,0.00000000,0.00000000,1.00000000,0.00000000,0.00000000,0.00000000,nan,0.00000000,0,9299,0,18.30746269,0.08968527,0.04548044,0.95451956,26.15632248
800,0.49272564,0.49272564,0,0.00000000,0.00000000,1.00000000,0.00000000,0.00000000,0.00000000,nan,0.00000000,0,9199,0,23.74568367,0.10143234,0.01102036,0.98897964,24.33449841
900,0.76526761,0.76526761,0,0.00000000,0.00000000,1.00000000,0.00000000,0.00000000,0.00000000,nan,0.00000000,0,9099,0,32.99645996,0.16500713,0.01090560,0.98909440,33.67139626
1000,6.74034882,6.74034882,0,0.00000000,0.00000000,1.00000000,0.00000000,0.00000000,0.00000000,nan,0.00000000,0,8999,0,1.13139343,0.00161790,0.07343222,0.92656778,81.06128311
1100,1.66012168,1.66012168,0,0.00000000,0.00000000,1.00000000,0.00000000,0.00000000,0.00000000,nan,0.00000000,0,8899,0,2.52517271,0.01736146,0.06899380,0.93100620,32.93501409
1200,1.14067328,1.14067328,0,0.00000000,0.00000000,1.00000000,0.00000000,0.00000000,0.00000000,nan,0.00000000,0,8799,0,7.48045921,0.04622458,0.03463808,0.96536192,30.44424057
1300,0.50034976,0.50034976,0,0.00000000,0.00000000,1.00000000,0.00000000,0.00000000,0.00000000,nan,0.00000000,0,8699,0,46.83454514,0.12629758,0.01064887,0.98935113,29.30952835
1400,0.57884210,0.57884210,0,0.00000000,0.00000000,1.00000000,0.00000000,0.00000000,0.00000000,nan,0.00000000,0,8599,0,13.68925190,0.04333099,0.06276282,0.93723718,25.59273491
1500,0.68644190,0.68644190,0,0.00000000,0.00000000,1.00000000,0.00000000,0.00000000,0.00000000,nan,0.00000000,0,8499,0,15.44615555,0.04319079,0.07368254,0.92631746,26.91445796
1600,0.31746593,0.31746593,0,0.00000000,0.00000000,1.00000000,0.00000000,0.00000000,0.00000000,nan,0.00000000,0,8399,0,33.41554260,0.06799254,-0.00447633,1.00447633,23.73890368
1700,0.81912732,0.81912732,0,0.00000000,0.00000000,1.00000000,0.00000000,0.00000000,0.00000000,nan,0.00000000,0,8299,0,6.11713266,0.02103055,0.17702126,0.82297874,26.08745066
1800,0.66291785,0.66291785,0,0.00000000,0.00000000,1.00000000,0.00000000,0.00000000,0.00000000,nan,0.00000000,0,8199,0,9.91158581,0.03484862,0.08317299,0.91682701,25.59437895
1900,0.52678084,0.52678084,0,0.00000000,0.00000000,1.00000000,0.00000000,0.00000000,0.00000000,nan,0.00000000,0,8099,0,22.62660789,0.04589225,0.07660910,0.92339090,24.94525719
2000,5.49083996,5.49083996,0,0.00000000,0.00000000,1.00000000,0.00000000,0.00000000,0.00000000,nan,0.00000000,0,7999,0,1.12608814,0.00074138,-0.38110164,1.38110164,65.33070374
2100,0.85543180,0.85543180,0,0.00000000,0.00000000,1.00000000,0.00000000,0.00000000,0.00000000,nan,0.00000000,0,7899,0,28.32740021,0.05129668,-0.03247233,1.03247233,28.53699684
2200,0.60733539,0.60733539,0,0.00000000,0.00000000,1.00000000,0.00000000,0.00000000,0.00000000,nan,0.00000000,0,7799,0,6.02804375,0.02239659,0.07279461,0.92720539,24.41730728
2300,0.54780269,0.54780269,0,0.00000000,0.00000000,1.00000000,0.00000000,0.00000000,0.00000000,nan,0.00000000,0,7699,0,21.32117081,0.03964025,0.07097152,0.92902848,24.78361177
2400,0.99796772,0.99796772,0,0.00000000,0.00000000,1.00000000,0.00000000,0.00000000,0.00000000,nan,0.00000000,0,7599,0,19.34875870,0.03954644,0.16583618,0.83416382,29.84452248
2500,0.57404649,0.57404649,0,0.00000000,0.00000000,1.00000000,0.00000000,0.00000000,0.00000000,nan,0.00000000,0,7499,0,34.37762451,0.04591944,-0.04218974,1.04218974,24.34424210
2600,0.43298879,0.43298879,0,0.00000000,0.00000000,1.00000000,0.00000000,0.00000000,0.00000000,nan,0.00000000,0,7399,0,8.23943043,0.01660146,0.17065538,0.82934462,22.31813288
2700,1.18116581,1.18116581,0,0.00000000,0.00000000,1.00000000,0.00000000,0.00000000,0.00000000,nan,0.00000000,0,7299,0,38.62232971,0.06145114,0.19168516,0.80831484,35.77369308
2800,1.27287722,1.27287722,0,0.00000000,0.00000000,1.00000000,0.00000000,0.00000000,0.00000000,nan,0.00000000,0,7199,0,16.62657928,0.02383983,0.10475771,0.89524229,32.40831375
2900,0.22471340,0.22471340,0,0.00000000,0.00000000,1.00000000,0.00000000,0.00000000,0.00000000,nan,0.00000000,0,7099,0,37.08879089,0.02993872,-0.05166088,1.05166088,23.29504538
3000,1.09075427,1.09075427,0,0.00000000,0.00000000,1.00000000,0.00000000,0.00000000,0.00000000,nan,0.00000000,0,6999,0,1.07913828,0.00032426,-0.40606049,1.40606049,26.16393471
3100,1.10979843,1.10979843,0,0.00000000,0.00000000,1.00000000,0.00000000,0.00000000,0.00000000,nan,0.00000000,0,6899,0,16.00918770,0.03436501,0.07670031,0.92329969,32.21278826
3200,0.35657370,0.35657370,0,0.00000000,0.00000000,1.00000000,0.00000000,0.00000000,0.00000000,nan,0.00000000,0,6799,0,46.80304718,0.06106745,-0.10104287,1.10104287,24.38072491
3300,1.36676061,1.36676061,0,0.00000000,0.00000000,1.00000000,0.00000000,0.00000000,0.00000000,nan,0.00000000,0,6699,0,16.32378578,0.01913503,0.02887648,0.97112352,31.95715268
3400,0.60578638,0.60578638,0,0.00000000,0.00000000,1.00000000,0.00000000,0.00000000,0.00000000,nan,0.00000000,0,6599,0,46.03698730,0.03879836,0.10495654,0.89504346,26.31203206
3500,0.27009785,0.27009785,0,0.00000000,0.00000000,1.00000000,0.00000000,0.00000000,0.00000000,nan,0.00000000,0,6499,0,41.64612961,0.04351825,0.00694579,0.99305421,24.25876427
3600,0.65312153,0.65312153,0,0.00000000,0.00000000,1.00000000,0.00000000,0.00000000,0.00000000,nan,0.00000000,0,6399,0,7.67926550,0.01127157,0.23163112,0.76836888,25.40644391
3700,0.78146422,0.78146422,0,0.00000000,0.00000000,1.00000000,0.00000000,0.00000000,0.00000000,nan,0.00000000,0,6299,0,9.79363632,0.01414516,0.07827026,0.92172974,26.43736839
3800,1.80934989,1.80934989,0,0.00000000,0.00000000,1.00000000,0.00000000,0.00000000,0.00000000,nan,0.00000000,0,6199,0,16.29052734,0.01475794,0.06138034,0.93861966,35.13295670
3900,0.54236454,0.54236454,0,0.00000000,0.00000000,1.00000000,0.00000000,0.00000000,0.00000000,nan,0.00000000,0,6099,0,24.54790878,0.02654071,0.01081334,0.98918666,24.54581261
4000,4.62512779,4.62512779,0,0.00000000,0.00000000,1.00000000,0.00000000,0.00000000,0.00000000,nan,0.00000000,0,5999,0,1.16172647,0.00077768,-0.05548685,1.05548685,nan
4100,1.07629669,1.07629669,0,0.00000000,0.00000000,1.00000000,0.00000000,0.00000000,0.00000000,nan,0.00000000,0,5899,0,3.80441189,0.00623340,-0.06701925,1.06701925,26.67873096
4200,1.54412413,1.54412413,0,0.00000000,0.00000000,1.00000000,0.00000000,0.00000000,0.00000000,nan,0.00000000,0,5799,0,4.80429029,0.00549219,-0.12874919,1.12874919,30.87888002
4300,1.38167226,1.38167226,0,0.00000000,0.00000000,1.00000000,0.00000000,0.00000000,0.00000000,nan,0.00000000,0,5699,0,23.30417824,0.03876970,-0.00296022,1.00296022,34.35004902
4400,0.48350346,0.48350346,0,0.00000000,0.00000000,1.00000000,0.00000000,0.00000000,0.00000000,nan,0.00000000,0,5599,0,29.18856049,0.04078312,0.09894874,0.90105126,23.61886368
4500,0.89616370,0.89616370,0,0.00000000,0.00000000,1.00000000,0.00000000,0.00000000,0.00000000,nan,0.00000000,0,5499,0,29.52812958,0.01922548,0.00806345,0.99193655,26.55103048
4600,0.33873788,0.33873788,0,0.00000000,0.00000000,1.00000000,0.00000000,0.00000000,0.00000000,nan,0.00000000,0,5399,0,33.07961273,0.02599751,-0.08352188,1.08352188,21.45162265
4700,0.54381603,0.54381603,0,0.00000000,0.00000000,1.00000000,0.00000000,0.00000000,0.00000000,nan,0.00000000,0,5299,0,18.20123291,0.02367288,0.08494673,0.91505327,23.35286458
4800,0.61518997,0.61518997,0,0.00000000,0.00000000,1.00000000,0.00000000,0.00000000,0.00000000,nan,0.00000000,0,5199,0,46.40003586,0.06299762,-0.17936514,1.17936514,30.57964325
4900,1.04249024,1.04249024,0,0.00000000,0.00000000,1.00000000,0.00000000,0.00000000,0.00000000,nan,0.00000000,0,5099,0,43.10869980,0.02678159,-0.09787555,1.09787555,30.89700031
5000,5.90268469,5.90268469,0,0.00000000,0.00000000,1.00000000,0.00000000,0.00000000,0.00000000,nan,0.00000000,0,4999,0,1.12383330,0.00058647,0.09662714,0.90337286,69.74700317
5100,0.33230895,0.33230895,0,0.00000000,0.00000000,1.00000000,0.00000000,0.00000000,0.00000000,nan,0.00000000,0,4899,0,12.47801399,0.02228644,0.14230881,0.85769119,21.72767830
5200,0.27246726,0.27246726,0,0.00000000,0.00000000,1.00000000,0.00000000,0.00000000,0.00000000,nan,0.00000000,0,4799,0,14.76826954,0.01216244,-0.28236330,1.28236330,19.91626104
5300,0.39846647,0.39846647,0,0.00000000,0.00000000,1.00000000,0.00000000,0.00000000,0.00000000,nan,0.00000000,0,4699,0,12.25135803,0.02007370,0.20853762,0.79146238,21.46488953
5400,1.04270589,1.04270589,0,0.00000000,0.00000000,1.00000000,0.00000000,0.00000000,0.00000000,nan,0.00000000,0,4599,0,45.94493103,0.04121523,0.26208248,0.73791752,32.72081566
5500,0.35982785,0.35982785,0,0.00000000,0.00000000,1.00000000,0.00000000,0.00000000,0.00000000,nan,0.00000000,0,4499,0,29.19785881,0.03152065,0.04666117,0.95333883,24.02778816
5600,0.56464350,0.56464350,0,0.00000000,0.00000000,1.00000000,0.00000000,0.00000000,0.00000000,nan,0.00000000,0,4399,0,29.64235497,0.03228235,0.08582352,0.91417648,25.68517876
5700,0.09809133,0.09809133,0,0.00000000,0.00000000,1.00000000,0.00000000,0.00000000,0.00000000,nan,0.00000000,0,4299,0,34.96990585,0.02828498,-0.08731531,1.08731531,19.32847087
5800,0.69739330,0.69739330,0,0.00000000,0.00000000,1.00000000,0.00000000,0.00000000,0.00000000,nan,0.00000000,0,4199,0,23.86116028,0.02398077,0.03570054,0.96429946,24.26546001
5900,0.81544662,0.81544662,0,0.00000000,0.00000000,1.00000000,0.00000000,0.00000000,0.00000000,nan,0.00000000,0,4099,0,24.41515541,0.02289846,0.03463627,0.96536373,24.01600170
6000,5.23181391,5.23181391,0,0.00000000,0.00000000,1.00000000,0.00000000,0.00000000,0.00000000,nan,0.00000000,0,3999,0,1.23435807,0.00130648,0.02271919,0.97728081,64.92841339
6100,0.51987511,0.51987511,0,0.00000000,0.00000000,1.00000000,0.00000000,0.00000000,0.00000000,nan,0.00000000,0,3899,0,7.97429228,0.01517983,0.04851143,0.95148857,22.18022442
6200,0.90370095,0.90370095,0,0.00000000,0.00000000,1.00000000,0.00000000,0.00000000,0.00000000,nan,0.00000000,0,3799,0,4.89795113,0.00826262,0.07285733,0.92714267,25.56018130
6300,0.29666144,0.29666144,0,0.00000000,0.00000000,1.00000000,0.00000000,0.00000000,0.00000000,nan,0.00000000,0,3699,0,23.47734642,0.01562680,-0.25014563,1.25014563,19.51838112
6400,0.92716652,0.92716652,0,0.00000000,0.00000000,1.00000000,0.00000000,0.00000000,0.00000000,nan,0.00000000,0,3599,0,39.96984100,0.03762747,-0.07108653,1.07108653,27.73908463
6500,0.59492421,0.59492421,0,0.00000000,0.00000000,1.00000000,0.00000000,0.00000000,0.00000000,nan,0.00000000,0,3499,0,13.24342442,0.01514877,0.17597061,0.82402939,22.17885351
6600,0.83949292,0.83949292,0,0.00000000,0.00000000,1.00000000,0.00000000,0.00000000,0.00000000,nan,0.00000000,0,3399,0,38.33481598,0.02841653,0.08815664,0.91184336,24.93425369
6700,0.74359584,0.74359584,0,0.00000000,0.00000000,1.00000000,0.00000000,0.00000000,0.00000000,nan,0.00000000,0,3299,0,28.82893944,0.02139701,0.02786737,0.97213263,24.13017368
6800,0.64274055,0.64274055,0,0.00000000,0.00000000,1.00000000,0.00000000,0.00000000,0.00000000,nan,0.00000000,0,3199,0,16.79755020,0.02554117,0.28958453,0.71041547,21.76576090
6900,0.43735057,0.43735057,0,0.00000000,0.00000000,1.00000000,0.00000000,0.00000000,0.00000000,nan,0.00000000,0,3099,0,9.10316086,0.00976998,0.14240249,0.85759751,19.67202314
7000,1.71582389,1.71582389,0,0.00000000,0.00000000,1.00000000,0.00000000,0.00000000,0.00000000,nan,0.00000000,0,2999,0,1.17701733,0.00073485,-0.29544861,1.29544861,31.53572559
7100,1.03105366,1.03105366,0,0.00000000,0.00000000,1.00000000,0.00000000,0.00000000,0.00000000,nan,0.00000000,0,2899,0,6.95381117,0.00942413,0.14842903,0.85157097,25.07659483
7200,0.46922076,0.46922076,0,0.00000000,0.00000000,1.00000000,0.00000000,0.00000000,0.00000000,nan,0.00000000,0,2799,0,8.12731743,0.01097528,-0.00422593,1.00422593,19.40504901
7300,1.20002437,1.20002437,0,0.00000000,0.00000000,1.00000000,0.00000000,0.00000000,0.00000000,nan,0.00000000,0,2699,0,26.35407448,0.02517225,-0.01519190,1.01519190,26.34065247
7400,0.76666665,0.76666665,0,0.00000000,0.00000000,1.00000000,0.00000000,0.00000000,0.00000000,nan,0.00000000,0,2599,0,9.30006599,0.01208630,-0.04538112,1.04538112,21.40299416
7500,0.73249078,0.73249078,0,0.00000000,0.00000000,1.00000000,0.00000000,0.00000000,0.00000000,nan,0.00000000,0,2499,0,7.56536198,0.01368410,0.03800257,0.96199743,21.42689085
7600,0.79208505,0.79208505,0,0.00000000,0.00000000,1.00000000,0.00000000,0.00000000,0.00000000,nan,0.00000000,0,2399,0,8.18278027,0.01315010,0.05197326,0.94802674,20.39163399
7700,0.50904918,0.50904918,0,0.00000000,0.00000000,1.00000000,0.00000000,0.00000000,0.00000000,nan,0.00000000,0,2299,0,10.10086155,0.01776794,0.25561456,0.74438544,20.05316480
7800,0.44190973,0.44190973,0,0.00000000,0.00000000,1.00000000,0.00000000,0.00000000,0.00000000,nan,0.00000000,0,2199,0,10.54871941,0.01681988,0.10417904,0.89582096,18.29826784
7900,0.59214258,0.59214258,0,0.00000000,0.00000000,1.00000000,0.00000000,0.00000000,0.00000000,nan,0.00000000,0,2099,0,22.74496841,0.01432663,0.03287719,0.96712281,19.36152077
8000,0.92210698,0.92210698,0,0.00000000,0.00000000,1.00000000,0.00000000,0.00000000,0.00000000,nan,0.00000000,0,1999,0,1.91278923,0.00239741,-0.31291956,1.31291956,22.40608025
8100,0.59125471,0.59125471,0,0.00000000,0.00000000,1.00000000,0.00000000,0.00000000,0.00000000,nan,0.00000000,0,1899,0,18.61479378,0.01617638,0.15237756,0.84762244,17.15557146
8200,0.65979671,0.65979671,0,0.00000000,0.00000000,1.00000000,0.00000000,0.00000000,0.00000000,nan,0.00000000,0,1799,0,4.79532194,0.00454207,0.02263713,0.97736287,19.55986643
8300,0.42678395,0.42678395,0,0.00000000,0.00000000,1.00000000,0.00000000,0.00000000,0.00000000,nan,0.00000000,0,1699,0,15.28946590,0.01327831,-0.05795597,1.05795597,16.54138947
8400,0.49665949,0.49665949,0,0.00000000,0.00000000,1.00000000,0.00000000,0.00000000,0.00000000,nan,0.00000000,0,1599,0,6.98997211,0.00841662,0.14657253,0.85342747,15.98898252
8500,0.61753887,0.61753887,0,0.00000000,0.00000000,1.00000000,0.00000000,0.00000000,0.00000000,nan,0.00000000,0,1499,0,9.25934029,0.00860626,0.13037272,0.86962728,15.33885956
8600,1.44436693,1.44436693,0,0.00000000,0.00000000,1.00000000,0.00000000,0.00000000,0.00000000,nan,0.00000000,0,1399,0,5.63802910,0.01155299,0.17470690,0.82529310,24.39599864
8700,0.76816726,0.76816726,0,0.00000000,0.00000000,1.00000000,0.00000000,0.00000000,0.00000000,nan,0.00000000,0,1299,0,5.02965117,0.00657300,-0.09757299,1.09757299,18.55657768
8800,0.48644644,0.48644644,0,0.00000000,0.00000000,1.00000000,0.00000000,0.00000000,0.00000000,nan,0.00000000,0,1199,0,8.52521610,0.01537266,0.16065843,0.83934157,18.18473434
8900,0.78124738,0.78124738,0,0.00000000,0.00000000,1.00000000,0.00000000,0.00000000,0.00000000,nan,0.00000000,0,1099,0,6.23821449,0.01224857,0.18732657,0.81267343,22.62055206
9000,3.23385620,3.23385620,0,0.00000000,0.00000000,1.00000000,0.00000000,0.00000000,0.00000000,nan,0.00000000,0,999,0,1.84654367,0.00273654,-0.17249838,1.17249838,nan
9100,0.39327952,0.39327952,0,0.00000000,0.00000000,1.00000000,0.00000000,0.00000000,0.00000000,nan,0.00000000,0,899,0,16.24091339,0.02063327,0.31594605,0.68405395,14.95197010
9200,1.19638848,1.19638848,0,0.00000000,0.00000000,1.00000000,0.00000000,0.00000000,0.00000000,nan,0.00000000,0,799,0,13.78499222,0.01972849,0.17397546,0.82602454,25.72689915
9300,0.31500059,0.31500059,0,0.00000000,0.00000000,1.00000000,0.00000000,0.00000000,0.00000000,nan,0.00000000,0,699,0,27.43113899,0.02209984,-0.05337955,1.05337955,17.12196159
9400,0.75135440,0.75135440,0,0.00000000,0.00000000,1.00000000,0.00000000,0.00000000,0.00000000,nan,0.00000000,0,599,0,10.09552670,0.01356747,-0.23414946,1.23414946,20.02753258
9500,0.86739326,0.86739326,0,0.00000000,0.00000000,1.00000000,0.00000000,0.00000000,0.00000000,nan,0.00000000,0,499,0,12.78906727,0.01520636,0.32759853,0.67240147,22.57517004
9600,1.09686327,1.09686327,0,0.00000000,0.00000000,1.00000000,0.00000000,0.00000000,0.00000000,nan,0.00000000,0,399,0,17.31096268,0.01042980,-0.38492955,1.38492955,24.50684420
9700,0.49347961,0.49347961,0,0.00000000,0.00000000,1.00000000,0.00000000,0.00000000,0.00000000,nan,0.00000000,0,299,0,6.32174015,0.01305722,-0.07463817,1.07463817,17.72760010
9800,0.26987278,0.26987278,0,0.00000000,0.00000000,1.00000000,0.00000000,0.00000000,0.00000000,nan,0.00000000,0,199,0,15.74373722,0.01305168,0.20887379,0.79112621,13.72956562
9900,1.32375848,1.32375848,0,0.00000000,0.00000000,1.00000000,0.00000000,0.00000000,0.00000000,nan,0.00000000,0,99,0,12.13661194,0.01064382,-0.20276440,1.20276440,24.42892647
10000,1.75489116,1.75489116,0,0.00000000,0.00000000,1.00000000,0.00000000,1.00000000,1.75489116,nan,0.00000000,0,0,0,2.05939722,0.00167610,-0.37218471,1.37218471,29.39088694
10100,0.63681787,0.63681787,1,0.69314718,0.17851928,1.05180675,0.48927990,1.45364471,0.92570693,nan,0.00000000,0,0,0,20.01479340,0.01365680,0.31896799,0.68103201,19.03789711
10200,1.12989998,1.12989998,2,1.09861229,0.39458402,1.11811692,0.62965532,1.55781483,1.76017495,nan,0.00000000,0,0,0,19.65104485,0.01667434,0.00460583,0.99539417,24.74161784
10300,1.56215870,1.56215870,3,1.38629436,0.50919930,1.14269163,0.76756934,1.64551384,2.57055377,nan,0.00000000,0,0,0,7.50994205,0.01230023,-0.34483430,1.34483430,27.09234333
10400,0.59650302,0.59650302,4,1.60943791,0.65262512,1.17192544,0.81644511,1.67313037,0.99802732,nan,0.00000000,0,0,0,19.11544800,0.01935212,-0.24836384,1.24836384,19.02670225
10500,0.43243188,0.43243188,9,2.30258509,0.83544772,1.22615566,1.19653436,1.83259446,0.79247226,nan,0.00000000,0,0,0,19.02573395,0.01572232,0.41553683,0.58446317,17.11966387
10600,0.35947296,0.35947296,12,2.56494936,0.96989556,1.25871714,1.26720591,1.85303856,0.66611726,nan,0.00000000,0,0,0,11.32662582,0.01707496,0.27214962,0.72785038,14.52365621
10700,3.91635180,3.91635180,1,0.69314718,1.02972217,1.27408456,-0.26417006,0.74180823,2.90518198,nan,0.00000000,0,0,0,25.95094872,0.02942197,0.32866005,0.67133995,68.27554131
10800,1.20500898,1.20500898,0,0.00000000,1.03627612,1.26995794,-0.81599248,0.32711725,0.39417922,nan,0.00000000,0,0,0,20.32186890,0.03483989,-0.07763712,1.07763712,28.63030195
10900,0.28583944,0.28583944,1,0.69314718,1.04468837,1.27142080,-0.27649476,0.73034219,0.20876060,nan,0.00000000,0,0,0,21.57713890,0.02578819,0.15769266,0.84230734,17.63155518
11000,3.59208632,3.59208632,8,2.19722458,1.06894865,1.26892194,0.88916102,1.71097910,6.14598460,nan,0.00000000,0,0,0,1.91857195,0.00320356,-0.32150885,1.32150885,47.51394399
11100,0.47036409,0.47036409,16,2.83321334,1.16531934,1.29842632,1.28455036,1.85769257,0.87379188,nan,0.00000000,0,0,0,7.61221838,0.00709722,0.15173057,0.84826943,18.69096804
11200,0.21871085,0.21871085,15,2.77258872,1.26887054,1.33185008,1.12904463,1.81069203,0.39601800,nan,0.00000000,0,0,0,10.47147083,0.01183496,0.20217424,0.79782576,15.55404711
11300,0.32199401,0.32199401,4,1.60943791,1.35611288,1.35531953,0.18691167,1.18476502,0.38148723,nan,0.00000000,0,0,0,8.80839920,0.00593817,0.08504435,0.91495565,14.83432531
11400,0.39103472,0.39103472,28,3.36729583,1.44066210,1.37504042,1.40114698,1.88559932,0.73733481,nan,0.00000000,0,0,0,10.24117661,0.00530972,0.29760877,0.70239123,14.41904195
11500,0.52585512,0.52585512,24,3.21887582,1.52010186,1.39530822,1.21749011,1.83891224,0.96700143,nan,0.00000000,0,0,0,6.41857481,0.00456500,0.45524421,0.54475579,15.30274248
11600,0.74733996,0.74733996,14,2.70805020,1.58848127,1.40481123,0.79695329,1.66233004,1.24232567,nan,0.00000000,0,0,0,8.39995193,0.01094244,0.37177121,0.62822879,17.01959610
11700,0.43950647,0.43950647,28,3.36729583,1.64747362,1.41366081,1.21657345,1.83864050,0.80809440,nan,0.00000000,0,0,0,8.90988541,0.01171826,-0.28811404,1.28811404,11.59376097
11800,0.28971428,0.28971428,7,2.07944154,1.70988828,1.42354815,0.25960012,1.25392147,0.36327895,nan,0.00000000,0,0,0,9.40035915,0.00713863,0.06371668,0.93628332,10.67373435
11900,0.81787181,0.81787181,18,2.94443898,1.77274979,1.43658488,0.81560735,1.67267195,1.36803123,nan,0.00000000,0,0,0,6.71097469,0.00941865,0.38302608,0.61697392,14.72438669
12000,3.10300946,3.10300946,14,2.70805020,1.83649158,1.45125623,0.60055461,1.53744410,4.77070359,nan,0.00000000,0,0,0,1.97445977,0.00345469,-0.17978065,1.17978065,40.25525856
12100,0.41514483,0.41514483,23,3.17805383,1.89196468,1.46093901,0.88031680,1.70657799,0.70847703,nan,0.08540593,0,0,0,8.31011200,0.01163364,-0.16413666,1.16413666,14.54311275
12200,0.69887763,0.69887763,20,3.04452244,1.94417939,1.46959493,0.74873900,1.63439606,1.14224285,nan,0.00000000,0,0,0,17.30361938,0.02171396,-0.14495042,1.14495042,18.08206272
12300,0.48195139,0.48195139,31,3.46573590,1.98715324,1.47517109,1.00231266,1.76256371,0.84947002,nan,0.16193958,0,0,0,6.48153162,0.01122125,0.32557342,0.67442658,13.27717257
12400,0.28975093,0.28975093,5,1.79175947,1.99854012,1.47155318,-0.14051864,0.86039898,0.24930141,nan,0.60422390,0,0,0,6.99196196,0.02811677,-0.15513965,1.15513965,18.07998753
12500,0.32715422,0.32715422,1,0.69314718,1.99504793,1.46477901,-0.88880353,0.28919773,0.09461226,nan,0.87430869,0,0,0,17.13064194,0.03942120,-0.26106057,1.26106057,18.90462608
12600,0.13929419,0.13929419,8,2.19722458,2.00040896,1.45826328,0.13496577,1.13415219,0.15798081,nan,0.80140770,0,0,0,14.16095352,0.01755336,-0.00539210,1.00539210,14.30008583
12700,0.40317616,0.40317616,20,3.04452244,2.00779830,1.45317872,0.71341819,1.61281582,0.65024889,nan,0.55241999,0,0,0,15.68116283,0.01520625,-0.10740965,1.10740965,nan
12800,0.73167980,0.73167980,5,1.79175947,2.01503962,1.44644212,-0.15436508,0.84684945,0.61962263,nan,0.34573180,0,0,0,17.94548035,0.01947643,0.25389808,0.74610192,19.85732126
12900,0.46866989,0.46866989,18,2.94443898,2.02492385,1.43887852,0.63904987,1.56425227,0.73311794,nan,0.09196995,0,0,0,17.15700531,0.01037560,0.14404316,0.85595684,15.74682450
13000,0.36750689,0.36750689,23,3.17805383,2.03286771,1.43334096,0.79896281,1.66345652,0.61133174,nan,0.00000000,0,0,0,1.64192688,0.00179078,-0.24718022,1.24718022,17.04138311
13100,1.42877507,1.42877507,6,1.94591015,2.06196889,1.43684847,-0.08077313,0.91940208,1.31361877,nan,1.02640870,0,0,0,11.37725544,0.01701823,-0.12038111,1.12038111,27.54837418
13200,1.19101286,1.19101286,14,2.70805020,2.08061011,1.43692184,0.43665569,1.41086852,1.68036255,nan,0.91051530,0,0,0,25.28708649,0.02220794,-0.10779414,1.10779414,25.05548286
13300,0.40128258,0.40128258,8,2.19722458,2.08730244,1.43246054,0.07673659,1.07658632,0.43201533,nan,0.95970613,0,0,0,23.50483131,0.01951907,0.14907740,0.85092260,16.62524605
13400,0.37006772,0.37006772,7,2.07944154,2.10011424,1.42966319,-0.01445984,0.98554117,0.36471697,nan,0.78747253,0,0,0,24.21609497,0.00910946,0.01310936,0.98689064,16.49532270
13500,0.51595700,0.51595700,17,2.89037176,2.11495550,1.42687558,0.54343649,1.49558485,0.77165747,nan,0.60352794,0,0,0,20.63860703,0.01223890,0.19850129,0.80149871,17.29658699
13600,1.18575764,1.18575764,16,2.83321334,2.13271344,1.42488326,0.49161915,1.45550059,1.72587094,nan,0.30692577,0,0,0,19.75957298,0.01538393,-0.10839815,1.10839815,22.50446701
13700,0.48694563,0.48694563,38,3.66356165,2.15180755,1.42366225,1.06187693,1.78638116,0.86987050,nan,0.00000000,0,0,0,18.56912422,0.01540447,0.06742420,0.93257580,14.94423127
13800,0.68209034,0.68209034,10,2.39789527,2.16606917,1.42112444,0.16312864,1.16169688,0.79238222,nan,0.00000000,0,0,0,14.14200878,0.01366133,-0.36324141,1.36324141,16.83862050
13900,1.71560204,1.71560204,25,3.25809654,2.18289058,1.41921028,0.75760863,1.63966624,2.81301474,nan,0.00000000,0,0,0,18.62144470,0.01557967,-0.02523782,1.02523782,25.96215773
14000,1.99382186,1.99382186,52,3.97029191,2.19928885,1.41777209,1.24914511,1.84804374,3.68467001,nan,0.00000000,0,0,0,1.75522780,0.00359793,-0.22889939,1.22889939,31.39216080
14100,0.50585210,0.50585210,34,3.55534806,2.22805002,1.42352693,0.93240108,1.73171139,0.87598985,nan,0.75048623,0,0,0,8.74244881,0.01752221,-0.02906024,1.02906024,17.29342461
14200,0.31795004,0.31795004,45,3.82864140,2.25799958,1.43118341,1.09744272,1.79957856,0.57217608,nan,0.31640423,0,0,0,9.39952755,0.01380100,-0.07945040,1.07945040,14.19660091
14300,0.34229431,0.34229431,46,3.85014760,2.28533002,1.43595345,1.08974116,1.79678365,0.61502881,nan,0.00000000,0,0,0,10.75571728,0.01229741,-0.19872998,1.19872998,12.63444257
14400,0.83981252,0.83981252,27,3.33220451,2.30263109,1.43544964,0.71724803,1.61520177,1.35646667,nan,0.15769378,0,0,0,11.55198669,0.01658110,-0.02901714,1.02901714,19.41885503
14500,1.12297177,1.12297177,17,2.89037176,2.31657249,1.43492441,0.39988118,1.37984729,1.54952956,nan,0.27684692,0,0,0,21.35165977,0.02230100,0.21675178,0.78324822,23.81879743
14600,0.53225166,0.53225166,21,3.09104245,2.32699266,1.43398307,0.53281647,1.48753107,0.79174087,nan,0.22684852,0,0,0,13.14452076,0.01181129,-0.06058263,1.06058263,16.27233060
14700,0.93197060,0.93197060,26,3.29583687,2.33898782,1.43227623,0.66806181,1.58370350,1.47596509,nan,0.01990483,0,0,0,12.73364735,0.02080111,0.17762766,0.82237234,19.33231354
14800,1.24965239,1.24965239,39,3.68887945,2.35099571,1.43065488,0.93515478,1.73298818,2.16563282,nan,0.00000000,0,0,0,19.13157082,0.01561871,0.26004903,0.73995097,23.06573772
14900,0.40643212,0.40643212,38,3.66356165,2.36513689,1.42999771,0.90799080,1.72016650,0.69913092,nan,0.00000000,0,0,0,18.10608482,0.01742497,-0.04733875,1.04733875,15.55089188
15000,2.22830200,2.22830200,48,3.89182030,2.37915140,1.42862235,1.05883049,1.78521584,3.97800002,nan,0.00000000,0,0,0,1.85018075,0.00323762,-0.08521261,1.08521261,33.60697269
15100,0.78380036,0.78380036,20,3.04452244,2.39961575,1.43224792,0.45027587,1.42212575,1.11466268,nan,0.52264694,0,0,0,7.87579155,0.01590618,0.05583805,0.94416195,19.91721487
15200,0.22745593,0.22745593,46,3.85014760,2.41446152,1.43255770,1.00218377,1.76250976,0.40089329,nan,0.35276598,0,0,0,15.01715469,0.01302955,-0.01010489,1.01010489,13.39932203
15300,0.99975479,0.99975479,17,2.89037176,2.43307807,1.43408979,0.31887382,1.30848826,1.30816741,nan,0.00000000,0,0,0,15.20230484,0.02068792,0.05821636,0.94178364,21.62778664
15400,1.01041663,1.01041663,15,2.77258872,2.44318161,1.43431390,0.22966180,1.22570741,1.23847514,nan,0.00000000,0,0,0,12.01202869,0.01974090,-0.31113720,1.31113720,20.72304611
15500,0.25552014,0.25552014,8,2.19722458,2.45876916,1.43483962,-0.18228140,0.81971098,0.20945266,nan,0.00000000,0,0,0,16.63621712,0.01688293,-0.04814753,1.04814753,13.88008658
15600,0.38730505,0.38730505,28,3.36729583,2.47186539,1.43474715,0.62410331,1.55397853,0.60186373,nan,0.00000000,0,0,0,19.63492775,0.01936095,0.03080477,0.96919523,13.73773360
15700,0.25291091,0.25291091,24,3.21887582,2.48635162,1.43536027,0.51034171,1.47021140,0.37183251,nan,0.00000000,0,0,0,17.21758080,0.02273891,0.05452132,0.94547868,11.43953323
15800,0.29174408,0.29174408,37,3.63758616,2.50002596,1.43549907,0.79244928,1.65979431,0.48423517,nan,0.00000000,0,0,0,12.23217773,0.01404009,0.01797283,0.98202717,12.87229633
15900,0.45859945,0.45859945,40,3.71357207,2.51256087,1.43508068,0.83689455,1.68416071,0.77235517,nan,0.00000000,0,0,0,17.81855774,0.01859714,0.08607757,0.91392243,13.67130327
16000,2.47715688,2.47715688,52,3.97029191,2.52838292,1.43625584,1.00393603,1.76324224,4.36782764,nan,0.00000000,0,0,0,1.88834465,0.00293989,-0.21676117,1.21676117,35.04414622
16100,0.21143460,0.21143460,32,3.49650756,2.54651204,1.44031187,0.65957626,1.57808135,0.33366100,nan,0.58600342,0,0,0,9.00757694,0.01443253,-0.20938227,1.20938227,13.10221910
16200,0.39208597,0.39208597,93,4.54329478,2.56699309,1.44505500,1.36763078,1.87815112,0.73639670,nan,0.37896991,0,0,0,6.78582144,0.00651727,-0.16000664,1.16000664,14.22246361
16300,0.59012800,0.59012800,68,4.23410650,2.58750070,1.44968524,1.13583678,1.81300745,1.06990647,nan,0.00000000,0,0,0,9.92557907,0.01768021,0.23719377,0.76280623,15.39064407
16400,0.62710649,0.62710649,59,4.09434456,2.60622713,1.45317742,1.02404387,1.77150851,1.11092448,nan,0.00000000,0,0,0,4.92740870,0.00787452,0.05290963,0.94709037,16.45977306
16500,0.35302493,0.35302493,31,3.46573590,2.62234521,1.45485016,0.57970966,1.52245437,0.53746435,nan,0.00000000,0,0,0,10.85491467,0.01014356,-0.10234700,1.10234700,12.14842415
16600,0.55844176,0.55844176,28,3.36729583,2.64067297,1.45919715,0.49796072,1.46051186,0.81561081,nan,0.00000000,0,0,0,11.82565308,0.01308168,0.07689798,0.92310202,14.68913221
16700,0.66533828,0.66533828,38,3.66356165,2.65632511,1.46127829,0.68928454,1.59752218,1.06289266,nan,0.00000000,0,0,0,8.57205582,0.01018240,0.00779229,0.99220771,15.69117546
16800,0.35956943,0.35956943,39,3.68887945,2.67254711,1.46373923,0.69433976,1.60076270,0.57558533,nan,0.00000000,0,0,0,11.35093689,0.01331594,-0.20564217,1.20564217,12.32508787
16900,1.19103241,1.19103241,30,3.43398720,2.68671013,1.46544703,0.50993114,1.46989154,1.75068847,nan,0.01889866,0,0,0,12.11455059,0.01457248,0.30821929,0.69178071,20.81321144
17000,2.31037855,2.31037855,114,4.74493213,2.69734180,1.46543707,1.39725572,1.88475702,4.35450220,nan,0.29217463,0,0,0,1.62696886,0.00179045,-0.17403710,1.17403710,34.62648487
17100,0.78112102,0.78112102,49,3.91202301,2.71103361,1.46681298,0.81877473,1.67440243,1.30791093,nan,1.45552551,0,0,0,3.86970186,0.00726402,0.07581670,0.92418330,21.37319469
17200,0.36706224,0.36706224,83,4.43081680,2.72528845,1.46839952,1.16148795,1.82152420,0.66861276,nan,1.54875558,0,0,0,9.55984974,0.01024304,0.15260688,0.84739312,16.29514345
17300,0.93904114,0.93904114,72,4.29045944,2.74315923,1.47194445,1.05119470,1.78227040,1.67362522,nan,0.96391911,0,0,0,8.65507984,0.01328474,0.17930744,0.82069256,20.13280392
17400,0.80510330,0.80510330,113,4.73619845,2.76055133,1.47546402,1.33900054,1.87143198,1.50669607,nan,0.48119680,0,0,0,15.12013912,0.01242743,0.23434055,0.76565945,18.55882390
17500,0.47635195,0.47635195,35,3.58351894,2.77475774,1.47725662,0.54747509,1.49862545,0.71387315,nan,0.17268651,0,0,0,19.55417633,0.02610992,0.10370008,0.89629992,19.22104454
17600,0.33841836,0.33841836,27,3.33220451,2.78485608,1.47839313,0.37023199,1.35419462,0.45828433,nan,0.19156977,0,0,0,30.44556999,0.02645046,-0.14839895,1.14839895,17.52556801
17700,1.10556149,1.10556149,27,3.33220451,2.79348064,1.47785437,0.36453110,1.34919889,1.49162234,nan,0.06988259,0,0,0,13.04938889,0.02071841,-0.33496133,1.33496133,23.76385231
17800,0.24631034,0.24631034,15,2.77258872,2.80301813,1.47707823,-0.02060108,0.97940183,0.24123680,nan,0.00000000,0,0,0,25.30530167,0.02321090,0.18477180,0.81522820,15.24596953
17900,0.78383255,0.78383255,41,3.73766962,2.81098721,1.47553728,0.62803050,1.55669457,1.22018787,nan,0.00000000,0,0,0,18.48319244,0.01680545,-0.04211278,1.04211278,17.90981903
18000,1.35223818,1.35223818,141,4.95582706,2.81938397,1.47463958,1.44879001,1.89545336,2.56310440,nan,0.00000000,0,0,0,2.05063295,0.00207382,-0.03189596,1.03189596,25.15678596
18100,0.42749321,0.42749321,92,4.53259949,2.83157440,1.47531539,1.15299082,1.81874245,0.77750006,nan,0.52565151,0,0,0,11.49047184,0.01419325,-0.03073730,1.03073730,13.82455413
18200,0.37926868,0.37926868,7,2.07944154,2.84454510,1.47686292,-0.51805996,0.52379870,0.19866044,nan,0.34441163,0,0,0,27.73048782,0.03051711,0.00715241,0.99284759,14.54224014
18300,0.39328179,0.39328179,50,3.93182563,2.85879808,1.47958725,0.72522087,1.62013282,0.63716873,nan,0.00000000,0,0,0,11.79292393,0.00776445,0.16301703,0.83698297,12.27778482
18400,0.42254797,0.42254797,71,4.27666612,2.87337937,1.48195560,0.94691552,1.73838345,0.73455039,nan,0.00000000,0,0,0,11.14792538,0.01344331,0.21400111,0.78599889,11.91310668
18500,0.82373732,0.82373732,80,4.39444915,2.88564843,1.48327908,1.01720623,1.76872617,1.45696576,nan,0.02385667,0,0,0,8.54162979,0.00704965,-0.19355863,1.19355863,17.51909955
18600,0.38258034,0.38258034,110,4.70953020,2.90044120,1.48591781,1.21748928,1.83891200,0.70353158,nan,0.00000000,0,0,0,10.50285625,0.00952366,-0.20101840,1.20101840,12.39341672
18700,2.44239807,2.44239807,4,1.60943791,2.91140153,1.48686950,-0.87564082,0.29577124,0.72239110,nan,0.00000000,0,0,0,24.10608673,0.02438275,-0.01554693,1.01554693,40.62183838
18800,0.64873254,0.64873254,75,4.33073334,2.91774737,1.48614700,0.95077134,1.74013205,1.12888029,nan,0.07729757,0,0,0,9.88814163,0.01533458,0.21355244,0.78644756,17.41239452
18900,2.27368069,2.27368069,4,1.60943791,2.92611088,1.48604737,-0.88602355,0.29057588,0.66067676,nan,0.00000000,0,0,0,16.33814240,0.02766243,-0.06188017,1.06188017,36.06530380
19000,1.23573101,1.23573101,145,4.98360662,2.93336915,1.48602044,1.37968322,1.88088031,2.32426212,nan,0.00000000,0,0,0,1.89992905,0.00248576,0.07250603,0.92749397,23.91054153
19100,0.61989790,0.61989790,28,3.36729583,2.94545503,1.48704049,0.28367808,1.27630580,0.79117929,nan,0.25767775,0,0,0,6.99875832,0.00860399,-0.06972375,1.06972375,17.99059486
19200,0.20678106,0.20678106,128,4.85981240,2.95894153,1.48936010,1.27630039,1.85549609,0.38368145,nan,0.00000000,0,0,0,9.42131615,0.00758470,-0.00670973,1.00670973,10.62393141
19300,0.06485447,0.06485447,33,3.52636052,2.97253443,1.49194601,0.37121055,1.35505011,0.08788105,nan,0.00000000,0,0,0,12.01170826,0.01768006,0.18254391,0.81745609,8.53837943
19400,0.84187943,0.84187943,47,3.87120101,2.98684838,1.49473657,0.59164447,1.53107730,1.28898248,nan,0.00000000,0,0,0,12.91275978,0.01971806,0.15235480,0.84764520,17.08137631
19500,0.46842057,0.46842057,89,4.49980967,3.00135544,1.49785680,1.00039886,1.76176161,0.82524537,nan,0.00000000,0,0,0,10.30332851,0.01928195,-0.13144643,1.13144643,13.75657622
19600,1.09345126,1.09345126,54,4.00733319,3.01411538,1.50012382,0.66209055,1.57975299,1.72738290,nan,0.00000000,0,0,0,8.14144897,0.00763099,0.04694697,0.95305303,16.62929392
19700,1.34854615,1.34854615,26,3.29583687,3.02671222,1.50190532,0.17918882,1.17729530,1.58763704,nan,0.00000000,0,0,0,17.70427704,0.02821722,0.14764933,0.85235067,27.24195862
19800,0.46420500,0.46420500,67,4.21950771,3.03997764,1.50464879,0.78392384,1.65495313,0.76823751,nan,0.00000000,0,0,0,8.80974483,0.00718634,-0.00226232,1.00226232,8.72704506
19900,0.25572932,0.25572932,109,4.70048037,3.05529775,1.50876231,1.09041868,1.79703091,0.45955349,nan,0.00000000,0,0,0,7.13333559,0.00942325,-0.08246877,1.08246877,9.10086370
20000,1.80917490,1.80917490,136,4.91998093,3.06894471,1.51166927,1.22449815,1.84097604,3.33064764,nan,0.00000000,0,0,0,2.49431014,0.00504212,0.11811800,0.88188200,24.99262571
20100,1.09084046,1.09084046,82,4.41884061,3.08108195,1.51366710,0.88378657,1.70831122,1.86349499,nan,0.64197870,0,0,0,11.03877640,0.01344473,-0.09865843,1.09865843,nan
20200,0.74690121,0.74690121,101,4.62497281,3.09350149,1.51548953,1.01054563,1.76598760,1.31901828,nan,0.49054739,0,0,0,8.83084011,0.01132183,-0.03799002,1.03799002,13.23474884
20300,0.24241526,0.24241526,80,4.39444915,3.10616511,1.51769890,0.84884033,1.69046315,0.40979407,nan,0.35550543,0,0,0,8.06149960,0.01182699,0.03466374,0.96533626,8.59170485
20400,0.29921961,0.29921961,49,3.91202301,3.11630551,1.51835586,0.52406522,1.48083146,0.44309381,nan,0.09378282,0,0,0,7.94713593,0.01477866,0.12706849,0.87293151,7.63188934
20500,0.60695767,0.60695767,101,4.62497281,3.12666625,1.51942305,0.98610230,1.75569542,1.06563281,nan,0.16230269,0,0,0,8.74029732,0.01234317,-0.13107903,1.13107903,11.43733096
20600,0.40367061,0.40367061,142,4.96284463,3.13864360,1.52173712,1.19876227,1.83327668,0.74003992,nan,0.00000000,0,0,0,10.66124630,0.01108977,0.03787561,0.96212439,12.26576106
20700,1.06412506,1.06412506,185,5.22574667,3.15101791,1.52397969,1.36138872,1.87671477,1.99705922,nan,0.00000000,0,0,0,9.32072449,0.00700387,0.14039355,0.85960645,15.18580755
20800,0.77430344,0.77430344,131,4.88280192,3.16344562,1.52632145,1.12647065,1.80980789,1.40134047,nan,0.00000000,0,0,0,8.42545319,0.00654580,0.06053618,0.93946382,12.30445385
20900,1.09320891,1.09320891,92,4.53259949,3.17171051,1.52651766,0.89149901,1.71213333,1.87171941,nan,0.19114489,0,0,0,16.79339218,0.02060758,0.03389702,0.96610298,21.51815319
21000,3.08576679,3.08576679,197,5.28826703,3.17917420,1.52575302,1.38232912,1.88147175,5.80578304,nan,0.33398657,0,0,0,1.90208054,0.00316741,0.21143103,0.78856897,38.73313522
21100,0.42329800,0.42329800,101,4.62497281,3.19015361,1.52720753,0.93950506,1.73499477,0.73441982,nan,1.17664696,0,0,0,7.33876801,0.00845928,0.23724300,0.76275700,14.81037235
21200,0.28282478,0.28282478,111,4.71849887,3.20060086,1.52851367,0.99305491,1.75866193,0.49739318,nan,0.92020579,0,0,0,10.41399765,0.01192714,-0.00392523,1.00392523,11.70860553
21300,0.29787466,0.29787466,10,2.39789527,3.20734459,1.52881917,-0.52946047,0.51503144,0.15341481,nan,0.94187851,0,0,0,17.88854790,0.02310550,-0.04062091,1.04062091,13.72446060
21400,0.54343593,0.54343593,37,3.63758616,3.21489948,1.52843272,0.27654909,1.26970819,0.69000505,nan,0.68281409,0,0,0,23.02777863,0.02229398,0.08801233,0.91198767,14.44674969
21500,0.73595184,0.73595184,76,4.34380542,3.22154794,1.52778726,0.73456398,1.62584961,1.19654701,nan,0.58852315,0,0,0,16.16503143,0.01484247,0.06947107,0.93052893,18.13418221
21600,0.66594261,0.66594261,0,0.00000000,3.22823251,1.52725441,-2.11374903,0.02875814,0.01915127,nan,0.31414978,0,0,0,17.99316788,0.02172143,-0.02693035,1.02693035,15.67400869
21700,0.42463514,0.42463514,20,3.04452244,3.23384612,1.52687563,-0.12399417,0.87663740,0.37225105,nan,0.19886843,0,0,0,11.88509464,0.01643639,0.03067832,0.96932168,12.43233824
21800,0.56426650,0.56426650,165,5.11198779,3.23918522,1.52574703,1.22746598,1.84184274,1.03929016,nan,0.20266555,0,0,0,15.14335823,0.01285790,0.04404093,0.95595907,13.14005820
21900,0.52459073,0.52459073,44,3.80666249,3.24456155,1.52465517,0.36867414,1.35283146,0.70968284,nan,0.05522134,0,0,0,13.77851677,0.01425434,-0.05191429,1.05191429,13.08010070
22000,1.43329298,1.43329298,284,5.65248918,3.24756032,1.52330396,1.57875836,1.91840776,2.74964039,nan,0.14064343,0,0,0,2.36556840,0.00261350,0.21250181,0.78749819,24.52765783
22100,0.58288950,0.58288950,59,4.09434456,3.25713311,1.52443970,0.54919289,1.49991506,0.87428473,nan,0.54873951,0,0,0,8.29588604,0.01087686,0.13475253,0.86524747,14.51041679
22200,0.37823805,0.37823805,59,4.09434456,3.26810600,1.52675931,0.54117146,1.49387420,0.56504007,nan,0.08504520,0,0,0,11.56631184,0.00639381,-0.01820519,1.01820519,12.05665445
22300,0.39432850,0.39432850,161,5.08759634,3.27913607,1.52877023,1.18295099,1.82837986,0.72098230,nan,0.00000000,0,0,0,18.04734993,0.01531368,-0.18623734,1.18623734,8.96316687
22400,1.20083320,1.20083320,68,4.23410650,3.29000306,1.53096244,0.61667316,1.54880744,1.85985940,nan,0.00000000,0,0,0,6.84625244,0.00605951,0.24069643,0.75930357,17.89487171
22500,0.29657003,0.29657003,159,5.07517382,3.30041763,1.53279061,1.15785951,1.82034108,0.53985861,nan,0.00000000,0,0,0,9.16070557,0.01205006,0.06125359,0.93874641,8.24266418
22600,0.37575907,0.37575907,86,4.46590812,3.31067505,1.53445007,0.75286456,1.63685480,0.61506303,nan,0.00000000,0,0,0,9.24606705,0.00869620,0.05565760,0.94434240,8.97648112
22700,0.64719921,0.64719921,17,2.89037176,3.32056271,1.53596556,-0.28007851,0.72702226,0.47052823,nan,0.00000000,0,0,0,9.12132645,0.00966070,-0.11606648,1.11606648,14.45606391
22800,0.51188529,0.51188529,184,5.22035583,3.32874160,1.53665289,1.23099643,1.84286811,0.94333707,nan,0.00000000,0,0,0,8.90796471,0.01071034,0.19240502,0.80759498,12.43529582
22900,0.32601893,0.32601893,94,4.55387689,3.33858133,1.53817828,0.79008758,1.65845865,0.54068891,nan,0.00000000,0,0,0,9.13761616,0.00948932,0.05559887,0.94440113,9.02922764
23000,1.98825216,1.98825216,182,5.20948615,3.34843193,1.53997466,1.20849665,1.83622797,3.65088423,nan,0.00000000,0,0,0,3.07087803,0.00582147,0.19175553,0.80824447,26.27379322
23100,0.66148764,0.66148764,51,3.95124372,3.35669199,1.54080067,0.38587193,1.36779601,0.90478015,nan,0.36830176,0,0,0,10.01135635,0.00961966,-0.00037348,1.00037348,11.01022816
23200,1.15196550,1.15196550,17,2.89037176,3.36236349,1.54051123,-0.30638643,0.70285386,0.80966340,nan,0.63220972,0,0,0,9.32242107,0.03290598,-0.05518660,1.05518660,28.76423168
23300,0.59711695,0.59711695,105,4.66343909,3.36684518,1.53908272,0.84244589,1.68710240,1.00739743,nan,0.65919317,0,0,0,10.85322857,0.01797878,-0.04758057,1.04758057,16.15608184
23400,0.54235464,0.54235464,60,4.11087386,3.37067737,1.53839107,0.48114976,1.44716394,0.78487608,nan,0.56529317,0,0,0,14.78589535,0.01554726,-0.02922172,1.02922172,15.14757570
23500,0.41491318,0.41491318,77,4.35670883,3.37666679,1.53782690,0.63729022,1.56305167,0.64853073,nan,0.30834472,0,0,0,18.68477440,0.01085961,0.01453541,0.98546459,13.20110544
23600,0.65589577,0.65589577,229,5.43807931,3.38292862,1.53737043,1.33679603,1.87090054,1.22711575,nan,0.08618682,0,0,0,16.99417686,0.01229068,0.25104296,0.74895704,16.01346684
23700,0.67189473,0.67189473,144,4.97673374,3.38745328,1.53674011,1.03418948,1.77558316,1.19300497,nan,0.00000000,0,0,0,15.19910812,0.01430417,-0.03078485,1.03078485,16.46896935
23800,0.43072626,0.43072626,52,3.97029191,3.39274219,1.53610845,0.37598239,1.35921332,0.58544887,nan,0.00000000,0,0,0,15.89662647,0.01182988,0.09537117,0.90462883,11.96455002
23900,0.42507017,0.42507017,31,3.46573590,3.39717776,1.53482683,0.04466832,1.04463864,0.44404472,nan,0.00000000,0,0,0,18.25865746,0.01644755,0.21374998,0.78625002,12.48217265
24000,1.76741481,1.76741481,211,5.35658627,3.40340305,1.53444611,1.27289138,1.85457937,3.27781104,nan,0.00000000,0,0,0,2.81967306,0.00390554,0.35687713,0.64312287,26.64329624
24100,0.47028303,0.47028303,27,3.33220451,3.41062740,1.53438011,-0.05111047,0.94893399,0.44626755,nan,0.91644626,0,0,0,11.80359364,0.01717851,0.03496393,0.96503607,15.21240075
24200,0.49057001,0.49057001,200,5.30330491,3.41750133,1.53458329,1.22887014,1.84225129,0.90375323,nan,0.81132971,0,0,0,13.84369087,0.01685548,-0.22549887,1.22549887,12.50443783
24300,0.28703636,0.28703636,101,4.62497281,3.42409307,1.53494668,0.78235925,1.65405877,0.47477501,nan,0.63211002,0,0,0,13.35220528,0.01654639,-0.12586066,1.12586066,10.00244077
24400,0.55888188,0.55888188,264,5.57972983,3.43147902,1.53564819,1.39892119,1.88511824,1.05355842,nan,0.30324341,0,0,0,13.07475471,0.01945524,-0.07728895,1.07728895,12.47447824
24500,0.42427370,0.42427370,40,3.71357207,3.43985174,1.53660316,0.17813339,1.17627285,0.49906164,nan,0.00000000,0,0,0,10.21797180,0.01316911,-0.00483417,1.00483417,10.78887606
24600,0.73976284,0.73976284,56,4.04305127,3.44828350,1.53811134,0.38668707,1.36850067,1.01236595,nan,0.00000000,0,0,0,7.89821863,0.01027007,0.12724369,0.87275631,13.72177537
24700,0.73408943,0.73408943,138,4.93447393,3.45659815,1.53915264,0.96018793,1.74436068,1.28051675,nan,0.00000000,0,0,0,9.52957439,0.01710593,-0.11586814,1.11586814,15.91207409
24800,3.25336599,3.25336599,52,3.97029191,3.46312808,1.53931363,0.32947401,1.31804807,4.28809278,nan,0.09322976,0,0,0,28.95457649,0.02560475,-0.42010582,1.42010582,81.73248037
24900,1.23417985,1.23417985,131,4.88280192,3.46746368,1.53836965,0.92002481,1.72590915,2.13008231,nan,0.20837113,0,0,0,9.61467838,0.01078541,0.07078632,0.92921368,18.96413326
25000,1.54219007,1.54219007,86,4.46590812,3.47230099,1.53782707,0.64611109,1.56904616,2.41976741,nan,0.00000000,0,0,0,2.40738249,0.00361489,0.31007605,0.68992395,24.73685312
25100,1.01314366,1.01314366,29,3.40119738,3.48018137,1.53882767,-0.05132738,0.94871765,0.96118727,nan,0.40478081,0,0,0,8.11726761,0.01666018,0.28314082,0.71685918,18.41078568
25200,0.84098428,0.84098428,133,4.89783980,3.48781994,1.53986851,0.91567549,1.72384518,1.44972670,nan,0.18360430,0,0,0,18.99709129,0.02056432,-0.10081939,1.10081939,17.45539570
25300,0.65541595,0.65541595,93,4.54329478,3.49647607,1.54127074,0.67919197,1.59099384,1.04276274,nan,0.00000000,0,0,0,11.13634777,0.01302311,-0.05497454,1.05497454,13.70045312
25400,0.31191453,0.31191453,194,5.27299956,3.50478794,1.54236438,1.14642924,1.81656770,0.56661387,nan,0.00000000,0,0,0,8.70447540,0.00633773,0.07382788,0.92617212,9.30942655
25500,0.66175032,0.66175032,18,2.94443898,3.51284931,1.54339595,-0.36828549,0.64750886,0.42848919,nan,0.00000000,0,0,0,15.94645214,0.01347936,-0.02977080,1.02977080,12.62996693
25600,0.98558944,0.98558944,103,4.64439090,3.51960056,1.54382706,0.72857276,1.62219140,1.59881472,nan,0.00000000,0,0,0,15.32555676,0.01515688,-0.10044472,1.10044472,14.85609341
25700,0.61343402,0.61343402,57,4.06044301,3.52779871,1.54499714,0.34475423,1.33171514,0.81691937,nan,0.00000000,0,0,0,7.82194757,0.00931359,0.15060012,0.84939988,10.44149518
25800,1.45619249,1.45619249,64,4.17438727,3.53523728,1.54570503,0.41350062,1.39144097,2.02620590,nan,0.00000000,0,0,0,9.54944420,0.01690084,0.08208490,0.91791510,21.96077983
25900,0.23244987,0.23244987,120,4.79579055,3.54242206,1.54632415,0.81054705,1.66989193,0.38816617,nan,0.00000000,0,0,0,7.59680414,0.00934331,-0.00629260,1.00629260,6.68928528
26000,1.64450157,1.64450157,183,5.21493576,3.54945676,1.54689092,1.07666221,1.79195805,2.94687781,nan,0.00000000,0,0,0,3.55136633,0.00791041,0.37908057,0.62091943,21.77827168
26100,0.97296214,0.97296214,83,4.43081680,3.55693814,1.54783194,0.56458239,1.51136946,1.47050527,nan,0.32647175,0,0,0,9.76270103,0.01326558,-0.01990326,1.01990326,16.63453102
26200,0.71760881,0.71760881,85,4.45434730,3.56442754,1.54895079,0.57453068,1.51867886,1.08981733,nan,0.07039620,0,0,0,15.11024952,0.01516073,0.22985332,0.77014668,11.43388017
26300,0.28193867,0.28193867,190,5.25227343,3.57125314,1.54934434,1.08498817,1.79504158,0.50609164,nan,0.00000000,0,0,0,8.50921726,0.01270771,0.14618287,0.85381713,7.70638402
26400,0.74760413,0.74760413,117,4.77068462,3.57908588,1.55045319,0.76854868,1.64608474,1.23061975,nan,0.00000000,0,0,0,8.35090923,0.01102982,0.10287956,0.89712044,12.16126347
26500,0.56773728,0.56773728,73,4.30406509,3.58723752,1.55195018,0.46188826,1.43162194,0.81278515,nan,0.00000000,0,0,0,9.31242561,0.01129193,-0.14103535,1.14103535,7.87794987
26600,0.24835522,0.24835522,312,5.74620319,3.59474506,1.55305532,1.38530682,1.88213406,0.46743783,nan,0.00000000,0,0,0,7.81593990,0.00745557,-0.09693189,1.09693189,5.89908918
26700,0.63004047,0.63004047,182,5.20948615,3.60305528,1.55460778,1.03333516,1.77524251,1.11847462,nan,0.00000000,0,0,0,10.66898727,0.01560400,0.10461253,0.89538747,10.35312719
26800,0.95665658,0.95665658,192,5.26269019,3.61156515,1.55637223,1.06088056,1.78600064,1.70858926,nan,0.00000000,0,0,0,11.77357960,0.01361128,0.15495499,0.84504501,11.28767109
26900,0.31032768,0.31032768,168,5.12989871,3.61912647,1.55736442,0.97008267,1.74874062,0.54268262,nan,0.00000000,0,0,0,7.63070869,0.00905550,0.01736801,0.98263199,5.39824772
27000,2.14743519,2.14743519,275,5.62040087,3.62665689,1.55868014,1.27912323,1.85625114,3.98617902,nan,0.00459853,0,0,0,3.65015888,0.00592799,0.42247872,0.57752128,26.92352533
27100,1.22200799,1.22200799,181,5.20400669,3.63376805,1.55942667,1.00693330,1.76449062,2.15622164,nan,0.68389159,0,0,0,7.02675390,0.01516196,0.36980119,0.63019881,16.23631954
27200,0.54505038,0.54505038,118,4.77912349,3.64086920,1.56055757,0.72938949,1.62269170,0.88444873,nan,0.53355018,0,0,0,7.34217739,0.01473316,0.03227187,0.96772813,11.28255971
27300,0.24222991,0.24222991,236,5.46806014,3.64819744,1.56165937,1.16533908,1.82277224,0.44152995,nan,0.27485876,0,0,0,8.71192455,0.00773200,0.10012624,0.89987376,6.18994204
27400,1.51167321,1.51167321,183,5.21493576,3.65599994,1.56289047,0.99746965,1.76052943,2.66134517,nan,0.02934397,0,0,0,8.04055595,0.00907612,0.12439952,0.87560048,18.30129051
27500,1.18036687,1.18036687,161,5.08759634,3.66381250,1.56419409,0.91023476,1.72124491,2.03170048,nan,0.00000000,0,0,0,8.27571774,0.00856454,-0.02817978,1.02817978,15.24907923
27600,0.27670875,0.27670875,62,4.14313473,3.67104298,1.56505396,0.30164566,1.29281790,0.35773403,nan,0.00000000,0,0,0,10.07691479,0.01980468,-0.09945568,1.09945568,5.85199189
27700,0.66558415,0.66558415,212,5.36129217,3.67856477,1.56625596,1.07436296,1.79109932,1.19212731,nan,0.00000000,0,0,0,8.43531418,0.01331105,-0.09148505,1.09148505,9.74440050
27800,0.47408184,0.47408184,155,5.04985601,3.68604855,1.56751571,0.87004389,1.70139643,0.80660116,nan,0.00000000,0,0,0,13.41343689,0.02041959,-0.05054510,1.05054510,9.67120743
27900,0.89365566,0.89365566,163,5.09986643,3.69373687,1.56890297,0.89625017,1.71446711,1.53214323,nan,0.00000000,0,0,0,8.59733772,0.01588885,-0.11604461,1.11604461,11.74017048
28000,2.14045811,2.14045811,95,4.56434819,3.70119052,1.56994154,0.54980243,1.50037212,3.21148367,nan,0.00000000,0,0,0,4.00615168,0.00646455,0.44165288,0.55834712,26.44750710
28100,0.18875696,0.18875696,70,4.26267988,3.70760234,1.57052255,0.35343493,1.33941829,0.25282452,nan,0.32352574,0,0,0,12.53697014,0.01234087,-0.03023732,1.03023732,8.66770601
28200,0.59142685,0.59142685,77,4.35670883,3.71470191,1.57144309,0.40854608,1.38723748,0.82044949,nan,0.20875734,0,0,0,8.93866825,0.00923723,-0.05616496,1.05616496,10.67357413
28300,1.55277228,1.55277228,119,4.78749174,3.72104105,1.57240592,0.67822862,1.59036661,2.46947719,nan,0.00000000,0,0,0,16.19768143,0.01799251,0.00295880,0.99704120,22.62894376
28400,0.52487499,0.52487499,134,4.90527478,3.72712936,1.57291635,0.74901976,1.63456379,0.85794164,nan,0.08820242,0,0,0,9.44469738,0.01440815,-0.06243982,1.06243982,11.85238934
28500,0.09725532,0.09725532,174,5.16478597,3.73321053,1.57332678,0.90990344,1.72108590,0.16738476,nan,0.00000000,0,0,0,9.34854794,0.01198313,0.09917902,0.90082098,6.08422995
28600,0.19005729,0.19005729,326,5.78996017,3.73900225,1.57339411,1.30352459,1.86262775,0.35400599,nan,0.00000000,0,0,0,9.94787407,0.01144741,0.04558710,0.95441290,5.20926619
28700,0.57906079,0.57906079,199,5.29831737,3.74588737,1.57428328,0.98611858,1.75570241,1.01665843,nan,0.00000000,0,0,0,6.47653198,0.00889354,0.10966521,0.89033479,10.92365170
28800,0.41917300,0.41917300,256,5.54907608,3.75281832,1.57532269,1.14024751,1.81449742,0.76058833,nan,0.00000000,0,0,0,12.08492470,0.02181895,0.03461401,0.96538599,6.57145178
28900,0.48573935,0.48573935,79,4.38202663,3.75849922,1.57553852,0.39575510,1.37631102,0.66852842,nan,0.00000000,0,0,0,9.11342144,0.01226942,0.18646619,0.81353381,9.06280565
29000,1.69983220,1.69983220,201,5.30826770,3.76468964,1.57588809,0.97949726,1.75284819,2.97954779,nan,0.00000000,0,0,0,3.69715238,0.00669799,0.29020814,0.70979186,21.93815851
29100,0.91575265,0.91575265,132,4.89034913,3.77000999,1.57568655,0.71101650,1.61131386,1.47556494,nan,0.45150360,0,0,0,12.66035175,0.02082913,-0.33618403,1.33618403,14.87440491
29200,0.64285058,0.64285058,61,4.12713439,3.77642075,1.57637096,0.22248167,1.21888211,0.78355907,nan,0.26341988,0,0,0,11.11711597,0.01699270,-0.17896155,1.17896155,11.05957298
29300,0.90165013,0.90165013,150,5.01727984,3.78267298,1.57710394,0.78283163,1.65432899,1.49162595,nan,0.00000000,0,0,0,13.95190811,0.01480384,-0.26261235,1.26261235,11.46339814
29400,0.68853402,0.68853402,91,4.52178858,3.78863587,1.57749682,0.46475701,1.43395336,0.98732568,nan,0.00000000,0,0,0,9.10014725,0.01556969,0.02862547,0.97137453,10.36131191
29500,1.14522588,1.14522588,126,4.84418709,3.79278983,1.57693096,0.66673639,1.58282898,1.81269672,nan,0.60258073,0,0,0,10.51779556,0.01484054,0.04515082,0.95484918,23.45015907
29600,0.36020359,0.36020359,221,5.40267738,3.79766682,1.57686094,1.01785168,1.76899007,0.63719658,nan,0.79979847,0,0,0,11.72108936,0.01529565,-0.10475219,1.10475219,10.08169889
29700,0.81740665,0.81740665,343,5.84064166,3.80413486,1.57747070,1.29099500,1.85938691,1.51987523,nan,0.35693386,0,0,0,8.24032974,0.00780993,0.36300156,0.63699844,12.48556232
29800,0.46233967,0.46233967,129,4.86753445,3.80957471,1.57770941,0.67056692,1.58535268,0.73297143,nan,0.42812411,0,0,0,8.63358021,0.01007942,-0.11424026,1.11424026,9.71033335
29900,0.95704377,0.95704377,177,5.18178355,3.81330196,1.57748166,0.86751030,1.70010697,1.62707678,nan,0.70613317,0,0,0,12.11291981,0.02624554,0.20159448,0.79840552,20.01069450
30000,2.04019403,2.04019403,225,5.42053500,3.81652303,1.57665422,1.01735177,1.76878570,3.60866603,nan,0.63878324,0,0,0,2.29732132,0.00422941,0.52259125,0.47740875,29.51007016
30100,0.98806733,0.98806733,98,4.59511985,3.82169704,1.57682095,0.49049501,1.45460923,1.43725185,nan,1.19869204,0,0,0,5.58805847,0.01055968,0.47985495,0.52014505,19.85106468
30200,0.85491127,0.85491127,39,3.68887945,3.82783089,1.57768950,-0.08807274,0.91215428,0.77981097,nan,1.00942364,0,0,0,7.10565281,0.00823812,0.17387050,0.82612950,16.64714031
30300,0.45695585,0.45695585,166,5.11799381,3.83455153,1.57874032,0.81295339,1.67121627,0.76367205,nan,0.65436235,0,0,0,14.37524223,0.01471223,0.04763420,0.95236580,11.32992077
30400,0.95389295,0.95389295,101,4.62497281,3.84120676,1.57986950,0.49609544,1.45904089,1.39176881,nan,0.18422720,0,0,0,16.92685699,0.01101663,-0.06495550,1.06495550,16.44414902
30500,0.15191706,0.15191706,451,6.11368218,3.84814412,1.58116188,1.43283119,1.89224534,0.28746434,nan,0.00000000,0,0,0,14.02373886,0.00888278,-0.24215798,1.24215798,4.91674721
30600,1.16605103,1.16605103,207,5.33753808,3.85476717,1.58229294,0.93710265,1.73388823,2.02180216,nan,0.00000000,0,0,0,19.56895828,0.01318181,-0.19590837,1.19590837,18.30204900
30700,0.46463272,0.46463272,295,5.69035945,3.86233259,1.58406186,1.15401229,1.81907891,0.84520358,nan,0.00000000,0,0,0,10.06714249,0.01118952,0.12036477,0.87963523,6.75960811
30800,1.08386755,1.08386755,314,5.75257264,3.86838809,1.58483705,1.18888220,1.83023187,1.98372894,nan,0.00000000,0,0,0,9.19760513,0.00937120,0.18340252,0.81659748,13.24451733
30900,0.88151741,0.88151741,248,5.51745290,3.87438776,1.58541471,1.03636300,1.77644778,1.56596965,nan,0.00000000,0,0,0,15.64462662,0.01448313,-0.04675795,1.04675795,12.71446737
31000,2.37811351,2.37811351,102,4.63472899,3.88004779,1.58580311,0.47589842,1.44295279,3.43150552,nan,0.00000000,0,0,0,3.93466687,0.00813146,0.39921995,0.60078005,nan
31100,0.19566089,0.19566089,219,5.39362755,3.88541495,1.58594289,0.95098796,1.74023000,0.34049495,nan,0.56922578,0,0,0,10.39758873,0.01397257,0.11630934,0.88369066,5.85432482
31200,0.57100344,0.57100344,348,5.85507192,3.89168142,1.58690431,1.23724568,1.84466822,1.05331189,nan,0.22818714,0,0,0,9.85403538,0.01699469,0.07206404,0.92793596,8.93366909
31300,0.57141346,0.57141346,237,5.47227067,3.89767913,1.58757702,0.99182057,1.75813755,1.00462346,nan,0.00000000,0,0,0,9.69032955,0.01498142,0.16193827,0.83806173,8.07709718
31400,0.74368149,0.74368149,22,3.13549422,3.90347905,1.58815085,-0.48357172,0.55090048,0.40969449,nan,0.00000000,0,0,0,12.19638252,0.01734493,-0.11552604,1.11552604,13.87415791
31500,0.06690615,0.06690615,190,5.25227343,3.90890205,1.58857272,0.84564676,1.68878839,0.11299034,nan,0.00000000,0,0,0,11.13634109,0.00701811,0.03816712,0.96183288,2.06307200
31600,1.05354846,1.05354846,253,5.53733427,3.91483310,1.58943219,1.02080552,1.77019443,1.86498560,nan,0.00000000,0,0,0,15.19691086,0.01822337,0.26149780,0.73850220,14.77764479
31700,0.43880045,0.43880045,20,3.04452244,3.91951282,1.58934596,-0.55053488,0.49907902,0.21899610,nan,0.00000000,0,0,0,18.70307541,0.02163232,-0.10944841,1.10944841,21.10406899
31800,0.55838609,0.55838609,66,4.20469262,3.92411600,1.58924386,0.17654724,1.17473556,0.65595600,nan,0.00000000,0,0,0,9.21433640,0.01064037,-0.14976485,1.14976485,7.16480017
31900,1.01724076,1.01724076,68,4.23410650,3.92857612,1.58922765,0.19225086,1.18991681,1.21043188,nan,0.13706563,0,0,0,7.54285669,0.01367802,0.10979313,0.89020687,13.76399008
32000,1.16753173,1.16753173,227,5.42934563,3.93392920,1.58979944,0.94063213,1.73551255,2.02626597,nan,0.22731506,0,0,0,3.78813267,0.00632491,0.42612549,0.57387451,17.03507805
32100,1.43166363,1.43166363,31,3.46573590,3.93859234,1.58982011,-0.29742764,0.71104321,1.01797471,nan,0.74263330,0,0,0,13.55245590,0.02194089,-0.49379152,1.49379152,24.34956360
32200,0.32612509,0.32612509,396,5.98393628,3.94404366,1.59041287,1.28261828,1.85718095,0.60567330,nan,0.47116953,0,0,0,11.22976112,0.00718179,0.11026877,0.88973123,6.39385617
32300,0.21823770,0.21823770,254,5.54126355,3.94956177,1.59086081,1.00052863,1.76181608,0.38449468,nan,0.08079380,0,0,0,10.88239384,0.01109358,-0.03317647,1.03317647,4.90466471
32400,0.25012505,0.25012505,231,5.44673737,3.95472748,1.59160596,0.93742416,1.73403655,0.43372598,nan,0.00000000,0,0,0,11.55944347,0.00873811,0.18095302,0.81904698,4.51318192
32500,0.39080366,0.39080366,327,5.79301361,3.96027919,1.59234788,1.15096358,1.81807304,0.71050961,nan,0.00000000,0,0,0,7.75387669,0.01156570,0.04631259,0.95368741,7.44987583
32600,0.69811130,0.69811130,228,5.43372200,3.96605160,1.59316420,0.92122984,1.72647870,1.20527428,nan,0.00000000,0,0,0,8.33782578,0.00636310,-0.00235131,1.00235131,8.39503336
32700,0.51081061,0.51081061,300,5.70711026,3.97110478,1.59354826,1.08939624,1.79665767,0.91775181,nan,0.00000000,0,0,0,8.17310047,0.00824731,-0.14924247,1.14924247,7.33236825
32800,1.01582205,1.01582205,284,5.65248918,3.97614330,1.59383577,1.05176826,1.78249287,1.81069557,nan,0.26439758,0,0,0,6.51791954,0.01394238,-0.03386493,1.03386493,12.82704926
32900,0.91733074,0.91733074,52,3.97029191,3.98022353,1.59353648,-0.00623243,0.99376765,0.91161361,nan,0.31403103,0,0,0,10.79962444,0.01370845,0.12233446,0.87766554,12.88458896
33000,2.32514215,2.32514215,193,5.26785816,3.98533012,1.59372399,0.80473661,1.66667647,3.87525971,nan,0.00000000,0,0,0,5.97687054,0.00717604,0.51242362,0.48757638,27.29369450
33100,1.36153591,1.36153591,412,6.02344759,3.98962925,1.59367020,1.27618521,1.85546520,2.52628250,nan,0.23070857,0,0,0,17.21717072,0.02746387,0.30075452,0.69924548,37.97983869
33200,0.34702322,0.34702322,73,4.30406509,3.99444717,1.59404123,0.19423458,1.19182825,0.41359208,nan,0.05462372,0,0,0,12.86712646,0.01287386,0.00034430,0.99965570,7.60989130
33300,0.61259043,0.61259043,330,5.80211838,3.99850827,1.59408318,1.13144040,1.81151166,1.10971471,nan,0.00000000,0,0,0,11.00978756,0.00980447,-0.04495329,1.04495329,9.52931881
33400,0.96736348,0.96736348,183,5.21493576,4.00240163,1.59411923,0.76062951,1.64144761,1.58787646,nan,0.00000000,0,0,0,14.79143238,0.01685000,0.27703119,0.72296881,13.99348927
33500,0.36774063,0.36774063,262,5.57215403,4.00721754,1.59441451,0.98151170,1.75371956,0.64491394,nan,0.00000000,0,0,0,11.94019222,0.00723895,0.17294617,0.82705383,4.09115094
33600,0.50009936,0.50009936,374,5.92692603,4.01264161,1.59497580,1.20019653,1.83371454,0.91703947,nan,0.00000000,0,0,0,11.22354507,0.01180326,0.18207066,0.81792934,7.08732430
33700,0.74892056,0.74892056,399,5.99146455,4.01809698,1.59568807,1.23668755,1.84450822,1.38139013,nan,0.00000000,0,0,0,12.26273251,0.01398848,-0.14808380,1.14808380,8.39851824
33800,0.53530771,0.53530771,274,5.61677110,4.02357355,1.59632838,0.99803873,1.76076924,0.94255334,nan,0.00000000,0,0,0,11.50753021,0.02098043,0.25513698,0.74486302,7.05475648
33900,0.58147120,0.58147120,614,6.42162227,4.02876026,1.59677193,1.49856217,1.90488809,1.10763757,nan,0.00000000,0,0,0,12.37470436,0.01472113,-0.18960126,1.18960126,7.28035665
34000,1.47391236,1.47391236,258,5.55682806,4.03323895,1.59689224,0.95409638,1.74163196,2.56701286,nan,0.00000000,0,0,0,4.81140852,0.00564079,0.55042238,0.44957762,18.54118983
34100,0.57597899,0.57597899,21,3.09104245,4.03709970,1.59682471,-0.59246155,0.46833633,0.26975189,nan,0.04978828,0,0,0,11.68138599,0.03656337,0.17847788,0.82152212,13.44161479
34200,0.59797877,0.59797877,190,5.25227343,4.03957602,1.59635381,0.75966706,1.64088081,0.98121189,nan,0.29316307,0,0,0,8.49440193,0.01672049,-0.04332064,1.04332064,11.46494166
34300,0.40839225,0.40839225,217,5.38449506,4.04442076,1.59663061,0.83931392,1.68544550,0.68832288,nan,0.01700347,0,0,0,7.95191860,0.00713240,-0.16993721,1.16993721,9.02587986
34400,0.88642234,0.88642234,346,5.84932478,4.05039659,1.59775455,1.12591022,1.80961490,1.60408306,nan,0.00000000,0,0,0,9.77903652,0.01040922,0.42410813,0.57589187,11.54226303
34500,0.30655438,0.30655438,314,5.75257264,4.05610683,1.59865716,1.06118175,1.78611573,0.54754160,nan,0.00000000,0,0,0,10.10612488,0.01879238,0.08371546,0.91628454,7.21177832
34600,0.78496832,0.78496832,511,6.23832463,4.06171256,1.59947671,1.36082760,1.87658488,1.47305967,nan,0.00000000,0,0,0,15.83919239,0.01931540,0.12654686,0.87345314,9.00439034
34700,0.70661932,0.70661932,635,6.45519856,4.06777851,1.60068407,1.49149985,1.90360035,1.34512079,nan,0.00000000,0,0,0,11.08602428,0.01155876,-0.11292386,1.11292386,7.25916195
34800,0.60050178,0.60050178,443,6.09582456,4.07377170,1.60186859,1.26230883,1.85169938,1.11194877,nan,0.00000000,0,0,0,10.77695560,0.00999387,0.17896365,0.82103635,7.91353051
34900,0.60578793,0.60578793,530,6.27476202,4.07962354,1.60289468,1.36948392,1.87857453,1.13801778,nan,0.00000000,0,0,0,11.19799423,0.01571205,-0.23614368,1.23614368,8.45373309
35000,2.83372331,2.83372331,265,5.58349631,4.08519079,1.60384055,0.93419855,1.73254540,4.90955428,nan,0.00000000,0,0,0,4.57436800,0.00648155,0.63877467,0.36122533,29.97898788
35100,0.86440986,0.86440986,162,5.09375020,4.09003168,1.60448553,0.62557031,1.55499449,1.34415258,nan,0.14694238,0,0,0,9.36192894,0.02514159,0.02724228,0.97275772,11.72043133
35200,1.30884957,1.30884957,178,5.18738581,4.09560381,1.60540704,0.68006554,1.59156200,2.08311524,nan,0.00000000,0,0,0,9.91031075,0.02004528,0.43622940,0.56377060,16.76850828
35300,0.44541347,0.44541347,175,5.17048400,4.10102871,1.60610470,0.66586897,1.58225593,0.70475811,nan,0.00000000,0,0,0,13.13668442,0.01498432,-0.17723968,1.17723968,3.66299975
35400,1.46059835,1.46059835,111,4.71849887,4.10584606,1.60641776,0.38137826,1.36390381,1.99211565,nan,0.00000000,0,0,0,10.65248966,0.01479700,-0.13195415,1.13195415,14.52958918
35500,0.40893570,0.40893570,193,5.26785816,4.11132708,1.60724843,0.71957207,1.61664416,0.66110351,nan,0.00000000,0,0,0,9.69109535,0.01952241,-0.19508284,1.19508284,5.40327438
35600,0.28111860,0.28111860,565,6.33859408,4.11539122,1.60711088,1.38335375,1.88170004,0.52898088,nan,0.00000000,0,0,0,11.00339222,0.01827854,0.06955131,0.93044869,3.41860509
35700,0.76085305,0.76085305,169,5.13579844,4.11918514,1.60710827,0.63257299,1.55982138,1.18679486,nan,0.00000000,0,0,0,10.63810539,0.01754689,0.22599463,0.77400537,8.92365646
35800,0.26627430,0.26627430,226,5.42495002,4.12351204,1.60735655,0.80967598,1.66941147,0.44452138,nan,0.08272784,0,0,0,9.05070114,0.01720847,0.15057243,0.84942757,4.59487955
35900,0.61117828,0.61117828,256,5.54907608,4.12825132,1.60782038,0.88369620,1.70826618,1.04405519,nan,0.00000000,0,0,0,14.00213909,0.01574413,0.01171371,0.98828629,7.13686593
36000,2.64390516,2.64390516,185,5.22574667,4.12971431,1.60719063,0.68195542,1.59278915,4.21118347,nan,0.97909383,0,0,0,2.14545679,0.00859899,0.65363762,0.34636238,35.36458778
36100,1.70565140,1.70565140,146,4.99043259,4.13346046,1.60705194,0.53325727,1.48786702,2.53778248,nan,2.44017901,0,0,0,3.69944811,0.01330384,0.59863201,0.40136799,27.11686039
36200,10.70451546,10.70451546,0,0.00000000,0.00000000,1.00000000,0.00000000,1.00000000,10.70451546,nan,0.00000000,0,0,0,1.05648637,0.05754743,nan,nan,119.87902641
36300,2.65713310,2.65713310,2,1.09861229,0.38264823,1.10552374,0.64762431,1.57006850,4.17188098,nan,0.00000000,0,0,0,1.94651330,0.09620241,0.23952595,0.76047405,44.45215797
36400,1.35111773,1.35111773,5,1.79175947,0.74523725,1.17834957,0.88812543,1.71046661,2.31104177,nan,0.00000000,0,0,0,4.08502102,0.08201008,-0.11895538,1.11895538,33.88993454
36500,2.26139784,2.26139784,7,2.07944154,0.95353224,1.22376227,0.92003924,1.72591598,3.90298266,nan,0.00000000,0,0,0,2.75767493,0.03736557,-0.13296891,1.13296891,38.40160084
36600,0.56698930,0.56698930,12,2.56494936,1.14102944,1.25996756,1.13012427,1.81106179,1.02685266,nan,0.00000000,0,0,0,30.21959686,0.12270531,-0.01058485,1.01058485,27.18287277
36700,0.82020950,0.82020950,12,2.56494936,1.28085572,1.27989984,1.00327666,1.76296684,1.44600216,nan,0.00000000,0,0,0,2.23523664,0.02305188,0.17526418,0.82473582,22.94460297
36800,0.37600827,0.37600827,9,2.30258509,1.39256543,1.29265201,0.70399431,1.60689701,0.60420657,nan,0.00000000,0,0,0,8.14443588,0.05319218,0.01937300,0.98062700,19.60192490
36900,1.03359532,1.03359532,15,2.77258872,1.52298831,1.32385957,0.94390707,1.73701220,1.79536769,nan,0.00000000,0,0,0,7.81350899,0.04562347,0.03184167,0.96815833,26.00955725
37000,6.22113895,6.22113895,13,2.63905733,1.62868732,1.34190882,0.75293492,1.63689662,10.18336132,nan,0.00000000,0,0,0,1.10707831,0.00164587,0.19557314,0.80442686,72.47138977
37100,0.44556168,0.44556168,30,3.43398720,1.70477402,1.35204465,1.27896159,1.85620800,0.82705515,nan,0.00000000,0,0,0,18.62033844,0.07803651,0.04352555,0.95647445,22.63242674
37200,1.49927115,1.49927115,25,3.25809654,1.75860025,1.35373713,1.10767169,1.80323783,2.70354246,nan,0.00000000,0,0,0,27.65007591,0.10242626,0.03291623,0.96708377,33.37675762
37300,0.54341131,0.54341131,19,2.99573227,1.81509844,1.35714909,0.86993672,1.70134198,0.92452848,nan,0.00000000,0,0,0,38.55950546,0.13969861,0.01142065,0.98857935,24.03786469
37400,0.24658534,0.24658534,27,3.33220451,1.86384550,1.36106736,1.07882906,1.79276447,0.44206943,nan,0.00000000,0,0,0,5.53002691,0.02921360,0.15446720,0.84553280,20.10090001
37500,0.60780996,0.60780996,22,3.13549422,1.89285139,1.36054114,0.91334454,1.72273366,1.04709468,nan,0.00000000,0,0,0,5.53942966,0.02235962,0.15125282,0.84874718,23.14728610
37600,0.85235482,0.85235482,2,1.09861229,1.90668539,1.36052043,-0.59394412,0.46727367,0.39828297,nan,0.00000000,0,0,0,27.20755768,0.06200591,0.03115709,0.96884291,28.81318188
37700,1.15686178,1.15686178,26,3.29583687,1.96715321,1.36921350,0.97039918,1.74887965,2.02321203,nan,0.00000000,0,0,0,4.63011265,0.01877917,0.02077223,0.97922777,28.26305866
37800,0.61675364,0.61675364,10,2.39789527,2.01355240,1.37488418,0.27954564,1.27248450,0.78480945,nan,0.00000000,0,0,0,14.13259983,0.03418393,0.12649190,0.87350810,23.55485662
37900,0.65865558,0.65865558,29,3.40119738,2.08037111,1.38816334,0.95149197,1.74045775,1.14636222,nan,0.00000000,0,0,0,25.66305161,0.05512077,0.12485160,0.87514840,23.75676346
38000,6.85920048,6.85920048,52,3.97029191,2.14198737,1.40251550,1.30358955,1.86264437,12.77625119,nan,0.00000000,0,0,0,1.21047449,0.00158632,0.20480363,0.79519637,81.51957703
38100,0.41359264,0.41359264,84,4.44265126,2.17847183,1.40590013,1.61048383,1.92323150,0.79543438,nan,0.00000000,0,0,0,8.92723751,0.02102980,0.16384395,0.83615605,21.17263508
38200,0.46089327,0.46089327,12,2.56494936,2.22380156,1.41093775,0.24178799,1.23718387,0.57020972,nan,0.00000000,0,0,0,31.32754898,0.04801332,-0.01063213,1.01063213,21.11085176
38300,0.41641685,0.41641685,14,2.70805020,2.26915301,1.41588605,0.30998059,1.30041944,0.54151657,nan,0.00000000,0,0,0,25.61568260,0.04335164,0.03970795,0.96029205,21.23160998
38400,0.65345889,0.65345889,13,2.63905733,2.30689429,1.41873236,0.23412664,1.22994049,0.80371555,nan,0.00000000,0,0,0,33.74498749,0.05459933,-0.14169458,1.14169458,22.77506943
38500,2.07744694,2.07744694,13,2.63905733,2.33160719,1.41770259,0.21686505,1.21352806,2.52104014,nan,0.00000000,0,0,0,6.25836945,0.02162746,0.14979126,0.85020874,36.06796360
38600,0.25587475,0.25587475,25,3.25809654,2.36525616,1.42134913,0.62816402,1.55678670,0.39834241,nan,0.00000000,0,0,0,33.36563110,0.04271264,0.01896873,0.98103127,18.63936138
38700,0.67759049,0.67759049,7,2.07944154,2.39275685,1.42359133,-0.22008796,0.78339811,0.53082311,nan,0.00000000,0,0,0,17.41717339,0.02635559,0.00599658,0.99400342,22.70563444
38800,0.83197206,0.83197206,2,1.09861229,2.41481307,1.42318015,-0.92483076,0.27182528,0.22615104,nan,0.00000000,0,0,0,30.91340828,0.04591908,-0.09370514,1.09370514,25.17793465
38900,0.87588990,0.87588990,47,3.87120101,2.44324205,1.42480584,1.00221302,1.76252200,1.54377521,nan,0.00000000,0,0,0,31.87504387,0.05187623,-0.01175866,1.01175866,26.19743474
39000,6.11090326,6.11090326,45,3.82864140,2.46779597,1.42491306,0.95503752,1.74205515,10.64553053,nan,0.00000000,0,0,0,1.24538171,0.00145470,0.19135216,0.80864784,72.18092346
39100,2.48353481,2.48353481,24,3.21887582,2.49486642,1.42882962,0.50671500,1.46738174,3.64429363,nan,0.00000000,0,0,0,4.55389118,0.00774994,0.30245892,0.69754108,38.01412837
39200,0.62585032,0.62585032,24,3.21887582,2.51443740,1.42730315,0.49354506,1.45702557,0.91187992,nan,0.00000000,0,0,0,21.59891129,0.02358898,0.02115627,0.97884373,23.08960772
39300,0.60046893,0.60046893,11,2.48490665,2.53310134,1.42604361,-0.03379608,0.96621678,0.58018316,nan,0.00000000,0,0,0,17.48716545,0.02593760,0.03694104,0.96305896,24.13407580
39400,0.40557921,0.40557921,9,2.30258509,2.55062547,1.42761158,-0.17374500,0.82798244,0.33581246,nan,0.00000000,0,0,0,14.55983448,0.01969612,0.17698887,0.82301113,nan
39500,0.62905335,0.62905335,24,3.21887582,2.56609321,1.42682455,0.45750728,1.42805040,0.89831989,nan,0.00000000,0,0,0,39.78326797,0.05230581,-0.21281794,1.21281794,22.36309433
39600,1.06958139,1.06958139,26,3.29583687,2.59050764,1.42901608,0.49357683,1.45705070,1.55843431,nan,0.00000000,0,0,0,9.88052177,0.01245796,0.10969672,0.89030328,26.30765295
39700,1.67520440,1.67520440,27,3.33220451,2.60985543,1.43058499,0.50493265,1.46598758,2.45582884,nan,0.00000000,0,0,0,7.34735966,0.01135195,-0.04633519,1.04633519,32.25317764
39800,0.48145485,0.48145485,29,3.40119738,2.62965219,1.43143908,0.53899967,1.49223038,0.71844155,nan,0.00000000,0,0,0,37.18046188,0.03400146,0.05243127,0.94756873,23.32216358
39900,1.41806448,1.41806448,3,1.38629436,2.64014019,1.43065584,-0.87641332,0.29538206,0.41887081,nan,0.00000000,0,0,0,21.56286049,0.02171198,-0.01647123,1.01647123,31.60844326
40000,4.82071304,4.82071304,51,3.95124372,2.65411195,1.43063175,0.90668460,1.71953716,8.28939521,nan,0.00000000,0,0,0,1.25351453,0.00098879,0.17991989,0.82008011,59.47152328
40100,1.01993310,1.01993310,17,2.89037176,2.66513363,1.42941326,0.15757383,1.15628250,1.17933080,nan,0.00000000,0,0,0,15.52708435,0.01590292,0.20953288,0.79046712,27.61617597
40200,0.58224422,0.58224422,65,4.18965474,2.68126959,1.42855085,1.05588482,1.78408375,1.03877245,nan,0.00000000,0,0,0,21.50036240,0.02517389,0.12563699,0.87436301,23.04577017
40300,1.97470987,1.97470987,38,3.66356165,2.69690262,1.42816156,0.67685551,1.58947135,3.13874475,nan,0.00000000,0,0,0,8.10658932,0.01101454,0.12821063,0.87178937,36.01486301
40400,0.89796680,0.89796680,18,2.94443898,2.71181226,1.42838037,0.16286049,1.16143572,1.04293072,nan,0.00000000,0,0,0,47.30542755,0.03825133,-0.17511674,1.17511674,31.53395271
40500,0.83535480,0.83535480,88,4.48863637,2.72275800,1.42696504,1.23750640,1.84474291,1.54101485,nan,0.00000000,0,0,0,16.70253181,0.01421223,0.07204262,0.92795738,25.80937004
40600,0.80879128,0.80879128,11,2.48490665,2.73708423,1.42632247,-0.17680264,0.82501685,0.66726643,nan,0.00000000,0,0,0,20.57338524,0.01903552,-0.02545171,1.02545171,24.47925758
40700,1.08577013,1.08577013,35,3.58351894,2.74898996,1.42485400,0.58569438,1.52679190,1.65774504,nan,0.00000000,0,0,0,14.68016243,0.00972078,0.14037616,0.85962384,26.75154559
40800,0.81449318,0.81449318,37,3.63758616,2.74394828,1.42606240,0.62664711,1.55573917,1.26713894,nan,0.00000000,0,0,0,14.30335140,0.01804159,0.02273715,0.97726285,26.45465994
40900,0.33308697,0.33308697,26,3.29583687,2.73495647,1.42747315,0.39291835,1.37387338,0.45761932,nan,0.00000000,0,0,0,20.70198631,0.01746339,0.14050565,0.85949435,21.32872709
41000,4.56824923,4.56824923,65,4.18965474,2.72716205,1.42882291,1.02356470,1.77131448,8.09180599,nan,0.00000000,0,0,0,1.36009324,0.00147908,0.14816973,0.85183027,58.75206375
41100,0.38995054,0.38995054,4,1.60943791,2.73244825,1.42668717,-0.78714547,0.34321109,0.13383535,nan,0.00000000,0,0,0,28.08466721,0.01837025,-0.01566234,1.01566234,22.96514320
41200,0.75206673,0.75206673,23,3.17805383,2.74057261,1.42494792,0.30701558,1.29771963,0.97597176,nan,0.00000000,0,0,0,7.05240011,0.00996208,0.04404656,0.95595344,24.61622302
41300,0.61589533,0.61589533,70,4.26267988,2.75575787,1.42587886,1.05683733,1.78445039,1.09903467,nan,0.00000000,0,0,0,45.23264313,0.04057663,-0.04107226,1.04107226,25.32639694
41400,0.90362632,0.90362632,48,3.89182030,2.76646927,1.42517061,0.78962548,1.65819682,1.49839029,nan,0.00000000,0,0,0,19.33047676,0.01434935,0.11267308,0.88732692,25.70610428
41500,0.48953623,0.48953623,48,3.89182030,2.77760247,1.42586937,0.78143051,1.65352702,0.80946138,nan,0.00000000,0,0,0,18.41378021,0.01581154,-0.06320223,1.06320223,22.73810387
41600,0.40553609,0.40553609,53,3.98898405,2.78620577,1.42609786,0.84340515,1.68760844,0.68438612,nan,0.00000000,0,0,0,29.98049545,0.02071896,0.00409204,0.99590796,22.02228292
41700,0.50052184,0.50052184,117,4.77068462,2.80591704,1.42866540,1.37524684,1.87988245,0.94092222,nan,0.00000000,0,0,0,19.21761322,0.01344290,0.08849895,0.91150105,21.52853823
41800,0.53753209,0.53753209,78,4.36944785,2.82284201,1.43043496,1.08121367,1.79364874,0.96414376,nan,0.00000000,0,0,0,17.35125732,0.02130142,0.04400630,0.95599370,21.91773129
41900,0.39611328,0.39611328,107,4.68213123,2.83733523,1.43073277,1.28940641,1.85897100,0.73636309,nan,0.00000000,0,0,0,16.70571518,0.01749923,0.18757343,0.81242657,19.63326120
42000,3.06171918,3.06171918,63,4.15888308,2.85686197,1.43470243,0.90751997,1.71993979,5.26597264,nan,0.00000000,0,0,0,1.80023623,0.00297482,0.15514356,0.84485644,44.13953527
42100,0.27288136,0.27288136,15,2.77258872,2.87322517,1.43702068,-0.07003132,0.93008295,0.25380230,nan,0.00000000,0,0,0,22.81218910,0.01826968,0.07119598,0.92880402,17.19812107
42200,0.79922944,0.79922944,7,2.07944154,2.88897857,1.43910044,-0.56252990,0.49014790,0.39174063,nan,0.00000000,0,0,0,18.27859116,0.02820582,0.15917619,0.84082381,23.33873415
42300,0.51946336,0.51946336,72,4.29045944,2.90638124,1.44249965,0.95949985,1.74405369,0.90597199,nan,0.00000000,0,0,0,18.57189941,0.02047209,0.17343667,0.82656333,18.86531766
42400,0.94259197,0.94259197,83,4.43081680,2.92036049,1.44363572,1.04628632,1.78035836,1.67815149,nan,0.00000000,0,0,0,27.95621109,0.03153137,-0.02235088,1.02235088,25.13819885
42500,0.85927731,0.85927731,12,2.56494936,2.93542299,1.44550070,-0.25629433,0.74917376,0.64374801,nan,0.00000000,0,0,0,40.63386536,0.03516212,-0.08109543,1.08109543,24.47650719
42600,0.36727771,0.36727771,32,3.49650756,2.95315879,1.44831963,0.37515805,1.35849515,0.49894499,nan,0.00000000,0,0,0,35.85029221,0.02524531,0.06225819,0.93774181,16.86912251
42700,1.44123411,1.44123411,48,3.89182030,2.96742621,1.44973277,0.63763068,1.56328415,2.25305844,nan,0.00000000,0,0,0,10.45456123,0.01032648,0.27630275,0.72369725,28.94779396
42800,0.36406165,0.36406165,90,4.51085951,2.98129286,1.45097644,1.05416367,1.78341984,0.64927478,nan,0.00000000,0,0,0,11.46037960,0.01167750,0.20608334,0.79391666,19.05360095
42900,0.57360995,0.57360995,70,4.26267988,2.99771889,1.45314249,0.87050031,1.70162824,0.97607089,nan,0.00000000,0,0,0,14.48357296,0.01573271,0.30025993,0.69974007,19.63478216
43000,3.30090284,3.30090284,26,3.29583687,3.01107427,1.45446785,0.19578473,1.19332091,3.93903640,nan,0.00000000,0,0,0,1.34867132,0.00129576,-0.05820335,1.05820335,44.77785110
43100,0.45910114,0.45910114,63,4.15888308,3.02553286,1.45560882,0.77860906,1.65190762,0.75839267,nan,0.00000000,0,0,0,40.05527115,0.02760216,-0.02911496,1.02911496,24.55961037
43200,0.87569052,0.87569052,26,3.29583687,3.03892565,1.45701101,0.17632758,1.17452260,1.02851830,nan,0.00000000,0,0,0,22.12470818,0.02366197,0.00362494,0.99637506,23.11643728
43300,0.56252468,0.56252468,149,5.01063529,3.05256270,1.45849128,1.34253295,1.87227929,1.05320330,nan,0.00000000,0,0,0,18.97910309,0.01477147,0.30167691,0.69832309,18.78551054
43400,0.82146978,0.82146978,23,3.17805383,3.06437008,1.45937371,0.07789900,1.07774181,0.88533233,nan,0.00000000,0,0,0,16.97652435,0.02803683,0.00658904,0.99341096,21.74746170
43500,0.89271802,0.89271802,123,4.82028157,3.07564585,1.45939990,1.19544733,1.83226067,1.63569211,nan,0.00000000,0,0,0,30.24938583,0.02678592,0.22197175,0.77802825,22.75547028
43600,0.95599926,0.95599926,21,3.09104245,3.08328795,1.45876990,0.00531578,1.00531573,0.96108109,nan,0.00000000,0,0,0,30.23100090,0.02095596,-0.25605849,1.25605849,24.58811760
43700,0.91548371,0.91548371,40,3.71357207,3.08173206,1.45881021,0.43312009,1.40792551,1.28893287,nan,0.00000000,0,0,0,29.07069206,0.02356017,0.15271197,0.84728803,26.26003036
43800,0.67035216,0.67035216,46,3.85014760,3.07859073,1.46105836,0.52808081,1.48391268,0.99474407,nan,0.00000000,0,0,0,22.96454620,0.02152166,0.31981798,0.68018202,23.96102381
43900,0.87329471,0.87329471,24,3.21887582,3.07873940,1.46244704,0.09582325,1.09553104,0.95672146,nan,0.00000000,0,0,0,44.91987610,0.03325245,-0.11704538,1.11704538,28.83176867
